ano_epidemiologico,semana_epidemiologica,semana_epi_data_inicio,casos,bairros_com_caso,linhas_com_clima_real,precipitacao_media_mm
2013,1,2012-12-30,8,8,0,
2013,2,2013-01-06,23,16,0,
2013,3,2013-01-13,29,22,0,
2013,4,2013-01-20,18,18,0,
2013,5,2013-01-27,30,21,0,
2013,6,2013-02-03,26,19,0,
2013,7,2013-02-10,36,26,0,
2013,8,2013-02-17,46,26,0,
2013,9,2013-02-24,50,34,0,
2013,10,2013-03-03,47,31,0,
2013,11,2013-03-10,49,33,0,
2013,12,2013-03-17,54,35,0,
2013,13,2013-03-24,64,31,0,
2013,14,2013-03-31,166,48,0,
2013,15,2013-04-07,140,52,0,
2013,16,2013-04-14,135,50,0,
2013,17,2013-04-21,155,55,0,
2013,18,2013-04-28,134,39,0,
2013,19,2013-05-05,211,44,0,
2013,20,2013-05-12,141,40,0,
2013,21,2013-05-19,156,39,0,
2013,22,2013-05-26,139,48,0,
2013,23,2013-06-02,120,52,0,
2013,24,2013-06-09,86,40,0,
2013,25,2013-06-16,79,40,0,
2013,26,2013-06-23,55,37,0,
2013,27,2013-06-30,58,32,0,
2013,28,2013-07-07,36,24,0,
2013,29,2013-07-14,47,33,0,
2013,30,2013-07-21,59,32,0,
2013,31,2013-07-28,54,32,0,
2013,32,2013-08-04,54,39,0,
2013,33,2013-08-11,44,28,0,
2013,34,2013-08-18,33,19,0,
2013,35,2013-08-25,45,28,0,
2013,36,2013-09-01,27,24,0,
2013,37,2013-09-08,29,18,0,
2013,38,2013-09-15,33,20,0,
2013,39,2013-09-22,21,17,0,
2013,40,2013-09-29,58,33,0,
2013,41,2013-10-06,31,21,0,
2013,42,2013-10-13,36,24,0,
2013,43,2013-10-20,71,32,0,
2013,44,2013-10-27,47,23,0,
2013,45,2013-11-03,42,28,0,
2013,46,2013-11-10,22,16,0,
2013,47,2013-11-17,28,19,0,
2013,48,2013-11-24,35,23,0,
2013,49,2013-12-01,38,28,0,
2013,50,2013-12-08,23,18,0,
2013,51,2013-12-15,26,17,0,
2013,52,2013-12-22,26,19,0,
2014,1,2013-12-29,20,16,0,
2014,2,2014-01-05,36,23,0,
2014,3,2014-01-12,31,24,0,
2014,4,2014-01-19,38,27,0,
2014,5,2014-01-26,58,34,0,
2014,6,2014-02-02,40,25,0,
2014,7,2014-02-09,37,25,0,
2014,8,2014-02-16,51,38,0,
2014,9,2014-02-23,44,29,0,
2014,10,2014-03-02,21,21,0,
2014,11,2014-03-09,48,30,0,
2014,12,2014-03-16,48,31,0,
2014,13,2014-03-23,38,26,0,
2014,14,2014-03-30,34,28,0,
2014,15,2014-04-06,39,27,0,
2014,16,2014-04-13,46,25,0,
2014,17,2014-04-20,51,34,0,
2014,18,2014-04-27,45,30,0,
2014,19,2014-05-04,61,30,0,
2014,20,2014-05-11,57,30,0,
2014,21,2014-05-18,76,41,0,
2014,22,2014-05-25,61,38,0,
2014,23,2014-06-01,52,31,0,
2014,24,2014-06-08,47,26,0,
2014,25,2014-06-15,31,20,0,
2014,26,2014-06-22,29,17,0,
2014,27,2014-06-29,16,13,0,
2014,28,2014-07-06,26,17,0,
2014,29,2014-07-13,15,8,0,
2014,30,2014-07-20,4,4,0,
2014,31,2014-07-27,1,1,0,
2014,32,2014-08-03,0,0,0,
2014,33,2014-08-10,0,0,0,
2014,34,2014-08-17,0,0,0,
2014,35,2014-08-24,0,0,0,
2014,36,2014-08-31,0,0,0,
2014,37,2014-09-07,0,0,0,
2014,38,2014-09-14,0,0,0,
2014,39,2014-09-21,0,0,0,
2014,40,2014-09-28,0,0,0,
2014,41,2014-10-05,0,0,0,
2014,42,2014-10-12,0,0,0,
2014,43,2014-10-19,0,0,0,
2014,44,2014-10-26,0,0,0,
2014,45,2014-11-02,0,0,0,
2014,46,2014-11-09,0,0,0,
2014,47,2014-11-16,0,0,0,
2014,48,2014-11-23,0,0,0,
2014,49,2014-11-30,0,0,0,
2014,50,2014-12-07,0,0,0,
2014,51,2014-12-14,0,0,0,
2014,52,2014-12-21,0,0,0,
2014,53,2014-12-28,0,0,0,
2015,1,2015-01-04,131,38,0,
2015,2,2015-01-11,259,59,0,
2015,3,2015-01-18,326,64,0,
2015,4,2015-01-25,444,65,0,
2015,5,2015-02-01,518,69,0,
2015,6,2015-02-08,595,75,0,
2015,7,2015-02-15,403,71,0,
2015,8,2015-02-22,678,83,0,
2015,9,2015-03-01,722,83,0,
2015,10,2015-03-08,1123,87,0,
2015,11,2015-03-15,1327,82,0,
2015,12,2015-03-22,1450,91,0,
2015,13,2015-03-29,1127,82,0,
2015,14,2015-04-05,1542,88,0,
2015,15,2015-04-12,1374,89,0,
2015,16,2015-04-19,1292,85,0,
2015,17,2015-04-26,1321,83,0,
2015,18,2015-05-03,1238,86,0,
2015,19,2015-05-10,975,83,0,
2015,20,2015-05-17,755,77,0,
2015,21,2015-05-24,552,76,0,
2015,22,2015-05-31,499,69,0,
2015,23,2015-06-07,491,73,0,
2015,24,2015-06-14,456,75,0,
2015,25,2015-06-21,295,62,0,
2015,26,2015-06-28,371,55,0,
2015,27,2015-07-05,423,57,0,
2015,28,2015-07-12,223,48,0,
2015,29,2015-07-19,347,59,0,
2015,30,2015-07-26,299,54,0,
2015,31,2015-08-02,253,41,0,
2015,32,2015-08-09,182,50,0,
2015,33,2015-08-16,308,45,0,
2015,34,2015-08-23,489,46,0,
2015,35,2015-08-30,362,55,0,
2015,36,2015-09-06,335,53,0,
2015,37,2015-09-13,272,56,0,
2015,38,2015-09-20,210,59,0,
2015,39,2015-09-27,258,61,0,
2015,40,2015-10-04,434,66,0,
2015,41,2015-10-11,474,62,0,
2015,42,2015-10-18,565,75,0,
2015,43,2015-10-25,478,75,0,
2015,44,2015-11-01,461,72,0,
2015,45,2015-11-08,875,100,0,
2015,46,2015-11-15,980,89,0,
2015,47,2015-11-22,906,103,0,
2015,48,2015-11-29,1136,103,0,
2015,49,2015-12-06,890,113,0,
2015,50,2015-12-13,1078,148,0,
2015,51,2015-12-20,700,114,0,
2015,52,2015-12-27,740,124,0,
2016,1,2016-01-03,932,150,0,
2016,2,2016-01-10,997,141,0,
2016,3,2016-01-17,1317,168,0,
2016,4,2016-01-24,1401,180,0,
2016,5,2016-01-31,1457,177,0,
2016,6,2016-02-07,1075,203,0,
2016,7,2016-02-14,2268,204,0,
2016,8,2016-02-21,2098,214,0,
2016,9,2016-02-28,1805,223,0,
2016,10,2016-03-06,1452,214,0,
2016,11,2016-03-13,1451,215,0,
2016,12,2016-03-20,849,186,0,
2016,13,2016-03-27,1094,198,0,
2016,14,2016-04-03,1130,203,0,
2016,15,2016-04-10,859,172,0,
2016,16,2016-04-17,1360,156,0,
2016,17,2016-04-24,871,177,0,
2016,18,2016-05-01,816,169,0,
2016,19,2016-05-08,571,160,0,
2016,20,2016-05-15,721,166,0,
2016,21,2016-05-22,527,138,0,
2016,22,2016-05-29,373,133,0,
2016,23,2016-06-05,416,128,0,
2016,24,2016-06-12,502,148,0,
2016,25,2016-06-19,269,101,0,
2016,26,2016-06-26,415,137,0,
2016,27,2016-07-03,341,120,0,
2016,28,2016-07-10,259,111,0,
2016,29,2016-07-17,253,98,0,
2016,30,2016-07-24,204,89,0,
2016,31,2016-07-31,210,101,0,
2016,32,2016-08-07,225,98,0,
2016,33,2016-08-14,352,111,0,
2016,34,2016-08-21,252,89,0,
2016,35,2016-08-28,145,73,0,
2016,36,2016-09-04,115,64,0,
2016,37,2016-09-11,127,70,0,
2016,38,2016-09-18,165,83,0,
2016,39,2016-09-25,142,69,0,
2016,40,2016-10-02,156,75,0,
2016,41,2016-10-09,73,48,0,
2016,42,2016-10-16,121,68,0,
2016,43,2016-10-23,98,63,0,
2016,44,2016-10-30,64,51,0,
2016,45,2016-11-06,68,48,0,
2016,46,2016-11-13,46,39,0,
2016,47,2016-11-20,109,73,0,
2016,48,2016-11-27,65,48,0,
2016,49,2016-12-04,80,57,0,
2016,50,2016-12-11,78,54,0,
2016,51,2016-12-18,87,50,0,
2016,52,2016-12-25,73,49,0,
2017,1,2017-01-01,67,46,0,
2017,2,2017-01-08,73,43,0,
2017,3,2017-01-15,79,53,0,
2017,4,2017-01-22,78,54,0,
2017,5,2017-01-29,68,44,0,
2017,6,2017-02-05,108,53,0,
2017,7,2017-02-12,128,69,0,
2017,8,2017-02-19,96,53,0,
2017,9,2017-02-26,41,30,0,
2017,10,2017-03-05,77,48,0,
2017,11,2017-03-12,111,54,0,
2017,12,2017-03-19,96,59,0,
2017,13,2017-03-26,161,77,0,
2017,14,2017-04-02,81,44,0,
2017,15,2017-04-09,73,45,0,
2017,16,2017-04-16,53,37,0,
2017,17,2017-04-23,72,46,0,
2017,18,2017-04-30,80,50,0,
2017,19,2017-05-07,146,73,0,
2017,20,2017-05-14,80,47,0,
2017,21,2017-05-21,76,54,0,
2017,22,2017-05-28,72,46,0,
2017,23,2017-06-04,98,56,0,
2017,24,2017-06-11,70,45,0,
2017,25,2017-06-18,101,54,0,
2017,26,2017-06-25,110,69,0,
2017,27,2017-07-02,43,30,0,
2017,28,2017-07-09,37,31,0,
2017,29,2017-07-16,50,41,0,
2017,30,2017-07-23,52,33,0,
2017,31,2017-07-30,62,44,0,
2017,32,2017-08-06,55,40,0,
2017,33,2017-08-13,79,50,0,
2017,34,2017-08-20,63,36,0,
2017,35,2017-08-27,70,45,0,
2017,36,2017-09-03,48,29,0,
2017,37,2017-09-10,66,46,0,
2017,38,2017-09-17,79,31,0,
2017,39,2017-09-24,148,59,0,
2017,40,2017-10-01,83,48,0,
2017,41,2017-10-08,44,37,0,
2017,42,2017-10-15,49,30,0,
2017,43,2017-10-22,69,46,0,
2017,44,2017-10-29,41,31,0,
2017,45,2017-11-05,37,29,0,
2017,46,2017-11-12,56,36,0,
2017,47,2017-11-19,36,23,0,
2017,48,2017-11-26,43,24,0,
2017,49,2017-12-03,38,31,0,
2017,50,2017-12-10,42,32,0,
2017,51,2017-12-17,48,33,0,
2017,52,2017-12-24,17,14,0,
2018,1,2017-12-31,47,33,0,
2018,2,2018-01-07,24,22,0,
2018,3,2018-01-14,26,22,0,
2018,4,2018-01-21,36,30,0,
2018,5,2018-01-28,34,23,0,
2018,6,2018-02-04,25,20,0,
2018,7,2018-02-11,38,26,0,
2018,8,2018-02-18,66,46,0,
2018,9,2018-02-25,38,29,0,
2018,10,2018-03-04,47,39,0,
2018,11,2018-03-11,59,42,0,
2018,12,2018-03-18,44,36,0,
2018,13,2018-03-25,30,25,0,
2018,14,2018-04-01,122,53,0,
2018,15,2018-04-08,84,58,0,
2018,16,2018-04-15,88,52,0,
2018,17,2018-04-22,139,61,0,
2018,18,2018-04-29,96,53,0,
2018,19,2018-05-06,115,55,0,
2018,20,2018-05-13,154,62,0,
2018,21,2018-05-20,100,55,0,
2018,22,2018-05-27,98,55,0,
2018,23,2018-06-03,115,64,0,
2018,24,2018-06-10,124,53,0,
2018,25,2018-06-17,94,50,0,
2018,26,2018-06-24,79,51,0,
2018,27,2018-07-01,65,43,0,
2018,28,2018-07-08,70,49,0,
2018,29,2018-07-15,88,45,0,
2018,30,2018-07-22,94,51,0,
2018,31,2018-07-29,62,43,0,
2018,32,2018-08-05,85,46,0,
2018,33,2018-08-12,57,38,0,
2018,34,2018-08-19,58,44,0,
2018,35,2018-08-26,88,56,0,
2018,36,2018-09-02,55,34,0,
2018,37,2018-09-09,51,33,0,
2018,38,2018-09-16,70,49,0,
2018,39,2018-09-23,42,34,0,
2018,40,2018-09-30,44,36,0,
2018,41,2018-10-07,55,39,0,
2018,42,2018-10-14,42,28,0,
2018,43,2018-10-21,60,38,0,
2018,44,2018-10-28,48,33,0,
2018,45,2018-11-04,49,32,0,
2018,46,2018-11-11,54,40,0,
2018,47,2018-11-18,47,27,0,
2018,48,2018-11-25,56,39,0,
2018,49,2018-12-02,57,39,0,
2018,50,2018-12-09,45,36,0,
2018,51,2018-12-16,47,34,0,
2018,52,2018-12-23,24,18,0,
2019,1,2018-12-30,29,23,0,
2019,2,2019-01-06,60,43,0,
2019,3,2019-01-13,34,24,0,
2019,4,2019-01-20,17,15,0,
2019,5,2019-01-27,22,18,0,
2019,6,2019-02-03,32,25,0,
2019,7,2019-02-10,102,53,0,
2019,8,2019-02-17,75,43,0,
2019,9,2019-02-24,58,33,0,
2019,10,2019-03-03,32,24,0,
2019,11,2019-03-10,79,45,0,
2019,12,2019-03-17,80,46,0,
2019,13,2019-03-24,116,53,0,
2019,14,2019-03-31,94,39,0,
2019,15,2019-04-07,120,59,0,
2019,16,2019-04-14,92,52,0,
2019,17,2019-04-21,164,72,0,
2019,18,2019-04-28,261,86,0,
2019,19,2019-05-05,244,86,0,
2019,20,2019-05-12,221,79,0,
2019,21,2019-05-19,281,95,0,
2019,22,2019-05-26,269,90,0,
2019,23,2019-06-02,193,74,0,
2019,24,2019-06-09,188,78,0,
2019,25,2019-06-16,176,74,0,
2019,26,2019-06-23,239,85,0,
2019,27,2019-06-30,263,82,0,
2019,28,2019-07-07,243,71,0,
2019,29,2019-07-14,254,77,0,
2019,30,2019-07-21,219,75,0,
2019,31,2019-07-28,219,75,0,
2019,32,2019-08-04,250,91,0,
2019,33,2019-08-11,242,84,0,
2019,34,2019-08-18,307,99,0,
2019,35,2019-08-25,244,94,0,
2019,36,2019-09-01,276,82,0,
2019,37,2019-09-08,233,78,0,
2019,38,2019-09-15,250,81,0,
2019,39,2019-09-22,282,79,0,
2019,40,2019-09-29,356,89,0,
2019,41,2019-10-06,262,102,0,
2019,42,2019-10-13,221,78,0,
2019,43,2019-10-20,301,94,0,
2019,44,2019-10-27,197,76,0,
2019,45,2019-11-03,336,81,0,
2019,46,2019-11-10,129,56,0,
2019,47,2019-11-17,136,60,0,
2019,48,2019-11-24,82,43,0,
2019,49,2019-12-01,58,39,0,
2019,50,2019-12-08,92,60,0,
2019,51,2019-12-15,112,54,0,
2019,52,2019-12-22,54,37,0,
2020,1,2019-12-29,54,39,0,
2020,2,2020-01-05,70,47,0,
2020,3,2020-01-12,87,60,0,
2020,4,2020-01-19,70,41,0,
2020,5,2020-01-26,56,38,0,
2020,6,2020-02-02,61,41,0,
2020,7,2020-02-09,61,43,0,
2020,8,2020-02-16,75,40,0,
2020,9,2020-02-23,56,33,0,
2020,10,2020-03-01,57,43,0,
2020,11,2020-03-08,73,46,0,
2020,12,2020-03-15,86,43,0,
2020,13,2020-03-22,30,24,0,
2020,14,2020-03-29,17,14,0,
2020,15,2020-04-05,27,19,0,
2020,16,2020-04-12,28,22,0,
2020,17,2020-04-19,20,16,0,
2020,18,2020-04-26,8,7,0,
2020,19,2020-05-03,14,13,0,
2020,20,2020-05-10,45,15,0,
2020,21,2020-05-17,43,20,0,
2020,22,2020-05-24,16,13,0,
2020,23,2020-05-31,54,26,0,
2020,24,2020-06-07,132,43,0,
2020,25,2020-06-14,177,53,0,
2020,26,2020-06-21,171,61,0,
2020,27,2020-06-28,390,84,0,
2020,28,2020-07-05,373,85,0,
2020,29,2020-07-12,331,86,0,
2020,30,2020-07-19,441,110,0,
2020,31,2020-07-26,458,103,0,
2020,32,2020-08-02,334,94,0,
2020,33,2020-08-09,290,76,0,
2020,34,2020-08-16,236,74,0,
2020,35,2020-08-23,214,73,0,
2020,36,2020-08-30,253,86,0,
2020,37,2020-09-06,166,68,0,
2020,38,2020-09-13,186,79,0,
2020,39,2020-09-20,207,70,0,
2020,40,2020-09-27,201,61,0,
2020,41,2020-10-04,149,63,0,
2020,42,2020-10-11,82,41,0,
2020,43,2020-10-18,115,43,0,
2020,44,2020-10-25,132,46,0,
2020,45,2020-11-01,105,40,0,
2020,46,2020-11-08,98,46,0,
2020,47,2020-11-15,56,32,0,
2020,48,2020-11-22,54,32,0,
2020,49,2020-11-29,48,37,0,
2020,50,2020-12-06,44,27,0,
2020,51,2020-12-13,56,30,0,
2020,52,2020-12-20,18,11,0,
2020,53,2020-12-27,34,17,0,
2021,1,2021-01-03,61,33,0,
2021,2,2021-01-10,52,29,0,
2021,3,2021-01-17,56,35,0,
2021,4,2021-01-24,38,30,0,
2021,5,2021-01-31,80,34,0,
2021,6,2021-02-07,48,35,0,
2021,7,2021-02-14,61,36,0,
2021,8,2021-02-21,113,45,0,
2021,9,2021-02-28,65,31,0,
2021,10,2021-03-07,128,66,0,
2021,11,2021-03-14,76,42,0,
2021,12,2021-03-21,104,41,0,
2021,13,2021-03-28,103,48,0,
2021,14,2021-04-04,161,45,0,
2021,15,2021-04-11,180,66,0,
2021,16,2021-04-18,219,77,0,
2021,17,2021-04-25,488,101,0,
2021,18,2021-05-02,523,104,0,
2021,19,2021-05-09,624,119,0,
2021,20,2021-05-16,1193,142,0,
2021,21,2021-05-23,1761,152,0,
2021,22,2021-05-30,1827,154,0,
2021,23,2021-06-06,1976,166,0,
2021,24,2021-06-13,1653,158,0,
2021,25,2021-06-20,1260,154,0,
2021,26,2021-06-27,1817,145,0,
2021,27,2021-07-04,1544,158,0,
2021,28,2021-07-11,1496,144,0,
2021,29,2021-07-18,1449,153,0,
2021,30,2021-07-25,1330,151,0,
2021,31,2021-08-01,933,152,0,
2021,32,2021-08-08,810,145,0,
2021,33,2021-08-15,924,142,0,
2021,34,2021-08-22,793,140,0,
2021,35,2021-08-29,626,122,0,
2021,36,2021-09-05,419,111,0,
2021,37,2021-09-12,517,123,0,
2021,38,2021-09-19,411,100,0,
2021,39,2021-09-26,351,97,0,
2021,40,2021-10-03,292,87,0,
2021,41,2021-10-10,219,88,0,
2021,42,2021-10-17,214,81,0,
2021,43,2021-10-24,218,89,0,
2021,44,2021-10-31,114,60,0,
2021,45,2021-11-07,183,70,0,
2021,46,2021-11-14,120,61,0,
2021,47,2021-11-21,150,65,0,
2021,48,2021-11-28,182,64,0,
2021,49,2021-12-05,306,81,0,
2021,50,2021-12-12,117,64,0,
2021,51,2021-12-19,123,69,0,
2021,52,2021-12-26,41,28,0,
2022,1,2022-01-02,70,39,0,
2022,2,2022-01-09,51,37,0,
2022,3,2022-01-16,74,49,0,
2022,4,2022-01-23,36,31,0,
2022,5,2022-01-30,32,22,0,
2022,6,2022-02-06,127,50,0,
2022,7,2022-02-13,64,42,0,
2022,8,2022-02-20,110,42,0,
2022,9,2022-02-27,78,34,0,
2022,10,2022-03-06,61,35,0,
2022,11,2022-03-13,85,50,0,
2022,12,2022-03-20,64,51,0,
2022,13,2022-03-27,77,50,0,
2022,14,2022-04-03,89,57,0,
2022,15,2022-04-10,85,59,0,
2022,16,2022-04-17,77,56,0,
2022,17,2022-04-24,121,81,0,
2022,18,2022-05-01,143,86,0,
2022,19,2022-05-08,102,62,0,
2022,20,2022-05-15,142,87,0,
2022,21,2022-05-22,109,66,0,
2022,22,2022-05-29,106,65,0,
2022,23,2022-06-05,114,71,0,
2022,24,2022-06-12,157,95,0,
2022,25,2022-06-19,75,54,0,
2022,26,2022-06-26,121,71,0,
2022,27,2022-07-03,113,77,0,
2022,28,2022-07-10,173,75,0,
2022,29,2022-07-17,183,81,0,
2022,30,2022-07-24,151,80,0,
2022,31,2022-07-31,173,83,0,
2022,32,2022-08-07,250,92,0,
2022,33,2022-08-14,178,68,0,
2022,34,2022-08-21,232,94,0,
2022,35,2022-08-28,129,70,0,
2022,36,2022-09-04,72,45,0,
2022,37,2022-09-11,125,75,0,
2022,38,2022-09-18,114,63,0,
2022,39,2022-09-25,60,33,0,
2022,40,2022-10-02,71,50,0,
2022,41,2022-10-09,49,32,0,
2022,42,2022-10-16,87,53,0,
2022,43,2022-10-23,95,57,0,
2022,44,2022-10-30,59,37,0,
2022,45,2022-11-06,131,70,0,
2022,46,2022-11-13,63,36,0,
2022,47,2022-11-20,45,33,0,
2022,48,2022-11-27,74,51,0,
2022,49,2022-12-04,38,29,0,
2022,50,2022-12-11,45,35,0,
2022,51,2022-12-18,77,46,0,
2022,52,2022-12-25,44,27,0,
2023,1,2023-01-01,61,43,0,
2023,2,2023-01-08,66,53,0,
2023,3,2023-01-15,91,58,0,
2023,4,2023-01-22,111,65,0,
2023,5,2023-01-29,92,63,0,
2023,6,2023-02-05,57,40,0,
2023,7,2023-02-12,81,59,0,
2023,8,2023-02-19,42,30,0,
2023,9,2023-02-26,153,80,0,
2023,10,2023-03-05,109,63,0,
2023,11,2023-03-12,167,77,0,
2023,12,2023-03-19,205,91,0,
2023,13,2023-03-26,258,104,0,
2023,14,2023-04-02,125,66,0,
2023,15,2023-04-09,169,73,0,
2023,16,2023-04-16,136,71,0,
2023,17,2023-04-23,151,71,0,
2023,18,2023-04-30,95,62,0,
2023,19,2023-05-07,92,50,0,
2023,20,2023-05-14,120,66,0,
2023,21,2023-05-21,118,62,0,
2023,22,2023-05-28,81,57,0,
2023,23,2023-06-04,56,43,0,
2023,24,2023-06-11,68,44,0,
2023,25,2023-06-18,74,54,0,
2023,26,2023-06-25,60,40,0,
2023,27,2023-07-02,85,59,0,
2023,28,2023-07-09,144,66,0,
2023,29,2023-07-16,98,53,0,
2023,30,2023-07-23,71,47,0,
2023,31,2023-07-30,93,54,0,
2023,32,2023-08-06,132,80,0,
2023,33,2023-08-13,131,68,0,
2023,34,2023-08-20,104,60,0,
2023,35,2023-08-27,87,50,0,
2023,36,2023-09-03,90,63,0,
2023,37,2023-09-10,110,62,0,
2023,38,2023-09-17,97,60,0,
2023,39,2023-09-24,79,51,0,
2023,40,2023-10-01,81,53,0,
2023,41,2023-10-08,80,48,0,
2023,42,2023-10-15,137,71,0,
2023,43,2023-10-22,83,52,0,
2023,44,2023-10-29,63,43,0,
2023,45,2023-11-05,104,62,0,
2023,46,2023-11-12,67,39,0,
2023,47,2023-11-19,103,59,0,
2023,48,2023-11-26,84,57,0,
2023,49,2023-12-03,68,53,0,
2023,50,2023-12-10,92,59,0,
2023,51,2023-12-17,114,62,0,
2023,52,2023-12-24,68,42,0,
2024,1,2023-12-31,42,36,0,
2024,2,2024-01-07,85,55,0,
2024,3,2024-01-14,73,48,0,
2024,4,2024-01-21,118,61,0,
2024,5,2024-01-28,104,62,0,
2024,6,2024-02-04,170,83,0,
2024,7,2024-02-11,182,86,0,
2024,8,2024-02-18,588,139,0,
2024,9,2024-02-25,779,139,0,
2024,10,2024-03-03,662,130,0,
2024,11,2024-03-10,903,138,0,
2024,12,2024-03-17,734,143,0,
2024,13,2024-03-24,526,127,0,
2024,14,2024-03-31,617,136,0,
2024,15,2024-04-07,752,130,0,
2024,16,2024-04-14,602,122,0,
2024,17,2024-04-21,399,102,0,
2024,18,2024-04-28,368,109,0,
2024,19,2024-05-05,246,86,0,
2024,20,2024-05-12,244,87,0,
2024,21,2024-05-19,311,95,0,
2024,22,2024-05-26,222,71,0,
2024,23,2024-06-02,281,103,0,
2024,24,2024-06-09,292,102,0,
2024,25,2024-06-16,292,91,0,
2024,26,2024-06-23,242,81,0,
2024,27,2024-06-30,219,82,0,
2024,28,2024-07-07,260,88,0,
2024,29,2024-07-14,148,83,0,
2024,30,2024-07-21,180,80,0,
2024,31,2024-07-28,169,74,0,
2024,32,2024-08-04,146,67,0,
2024,33,2024-08-11,188,84,0,
2024,34,2024-08-18,167,70,270,1.1227292841800396
2024,35,2024-08-25,180,82,270,8.33247484312553
2024,36,2024-09-01,131,69,267,1.8081180851634473
2024,37,2024-09-08,111,65,267,21.621607001966655
2024,38,2024-09-15,81,50,213,2.793805132472977
2024,39,2024-09-22,117,65,213,9.269109066011637
2024,40,2024-09-29,118,60,210,4.94409555820266
2024,41,2024-10-06,112,66,210,0.09428571428571425
2024,42,2024-10-13,135,75,189,6.156246422489576
2024,43,2024-10-20,110,63,192,1.1400322093369117
2024,44,2024-10-27,135,78,189,3.852059289228529
2024,45,2024-11-03,200,81,189,3.434259764414387
2024,46,2024-11-10,103,59,168,0.01780797371979251
2024,47,2024-11-17,132,64,165,0.1959643636363634
2024,48,2024-11-24,111,59,165,0.23714192377708523
2024,49,2024-12-01,130,74,189,6.708496952068157
2024,50,2024-12-08,109,59,189,0.8239951815523537
2024,51,2024-12-15,98,54,189,3.9744932068659162
2024,52,2024-12-22,65,37,171,1.8186442560314693
2025,1,2024-12-29,88,39,171,0.4386055348452965
2025,2,2025-01-05,125,66,171,0.4936905518256703
2025,3,2025-01-12,161,79,171,68.67629140148458
2025,4,2025-01-19,141,56,171,8.786933035816565
2025,5,2025-01-26,159,78,171,70.20515405185441
2025,6,2025-02-02,189,78,171,130.5140592418255
2025,7,2025-02-09,157,78,171,7.49222453292557
2025,8,2025-02-16,199,87,171,5.8955110281189125
2025,9,2025-02-23,180,81,171,12.266072695003908
2025,10,2025-03-02,66,50,171,24.165988041321384
2025,11,2025-03-09,206,82,171,25.084877419498287
2025,12,2025-03-16,214,79,159,14.75433395464404
2025,13,2025-03-23,230,90,159,32.399411798773095
2025,14,2025-03-30,234,86,180,16.22119367446888
2025,15,2025-04-06,204,90,120,16.904457024044625
2025,16,2025-04-13,181,78,120,0.5048193538777597
2025,17,2025-04-20,270,99,120,33.281419081731094
2025,18,2025-04-27,171,74,120,0.19316188983050744
2025,19,2025-05-04,225,100,120,10.012866203748008
2025,20,2025-05-11,141,65,120,190.64004177367417
2025,21,2025-05-18,158,68,120,76.68883042488709
2025,22,2025-05-25,130,71,120,55.2312638007911
2025,23,2025-06-01,195,97,123,51.14238280589403
2025,24,2025-06-08,301,113,123,62.29596744833632
2025,25,2025-06-15,177,77,123,56.585660930622495
2025,26,2025-06-22,147,77,123,102.78792966248791
2025,27,2025-06-29,204,90,120,75.90948278137998
2025,28,2025-07-06,222,88,123,66.15664575394338
2025,29,2025-07-13,253,94,120,15.493738243554592
2025,30,2025-07-20,294,103,120,18.00412674591597
2025,31,2025-07-27,281,92,120,76.9633566666092
2025,32,2025-08-03,373,123,120,36.302549470239995
2025,33,2025-08-10,459,125,120,62.099436096982785
2025,34,2025-08-17,384,106,120,17.18729177929037
2025,35,2025-08-24,386,116,120,21.546312423596785
2025,36,2025-08-31,383,113,180,34.38477271711622
2025,37,2025-09-07,290,106,180,1.0225031858245581
2025,38,2025-09-14,380,111,180,0.9058317435875785
2025,39,2025-09-21,395,136,147,2.6155779258703995
2025,40,2025-09-28,295,113,159,38.277694486251725
2025,41,2025-10-05,253,100,159,1.3921418136850527
2025,42,2025-10-12,361,113,159,0.7538648954327888
2025,43,2025-10-19,263,106,156,1.8602222048508161
2025,44,2025-10-26,279,108,156,6.781114072307487
2025,45,2025-11-02,271,102,156,0.06538461538461553
2025,46,2025-11-09,205,82,156,4.7833090224016495
2025,47,2025-11-16,211,98,156,1.5850824193846214
2025,48,2025-11-23,214,81,156,1.5262206364598623
2025,49,2025-11-30,208,79,156,2.489542002788092
2025,50,2025-12-07,170,83,156,0.1660930769230731
2025,51,2025-12-14,138,61,156,0.08076923076922791
2025,52,2025-12-21,51,39,156,7.934448442484395
2025,53,2025-12-28,53,37,156,1.254424589076479
