codigo_bairro,inicio_indice,fim_indice,inicio_ano,inicio_semana,duracao_semanas,casos_totais_episodio,casos_pico,detectado,classificacao,lead_time_semanas,semana_alvo_deteccao
230,583,589,2024,10,7,272.0,68.0,True,tardio,-2.0,585.0
337,656,664,2025,31,9,153.0,25.0,True,tardio,-1.0,657.0
868,583,589,2024,10,7,153.0,28.0,True,tardio,-2.0,585.0
280,654,661,2025,29,8,137.0,25.0,True,tardio,-2.0,656.0
108,581,589,2024,8,9,111.0,18.0,True,tardio,-1.0,582.0
884,661,667,2025,36,7,104.0,20.0,True,tardio,-1.0,662.0
566,587,590,2024,14,4,97.0,34.0,True,tardio,-1.0,588.0
310,653,661,2025,28,9,87.0,14.0,True,tardio,-1.0,654.0
558,584,588,2024,11,5,71.0,18.0,True,tardio,-1.0,585.0
264,584,585,2024,11,2,69.0,35.0,True,tardio,-1.0,585.0
264,663,667,2025,38,5,63.0,16.0,True,antecipado,4.0,659.0
205,655,659,2025,30,5,63.0,15.0,True,tardio,-1.0,656.0
205,663,668,2025,38,6,62.0,15.0,True,antecipado,4.0,659.0
337,666,670,2025,41,5,59.0,13.0,True,antecipado,4.0,662.0
876,581,584,2024,8,4,59.0,20.0,True,tardio,-1.0,582.0
248,584,586,2024,11,3,58.0,22.0,True,tardio,-1.0,585.0
205,581,582,2024,8,2,55.0,31.0,False,perdido,,
736,588,588,2024,15,1,55.0,55.0,False,perdido,,
736,666,669,2025,41,4,54.0,22.0,True,antecipado,4.0,662.0
205,584,584,2024,11,1,52.0,52.0,False,perdido,,
744,587,591,2024,14,5,49.0,15.0,True,antecipado,4.0,583.0
248,653,657,2025,28,5,45.0,13.0,True,antecipado,4.0,649.0
230,594,594,2024,21,1,43.0,43.0,True,antecipado,4.0,590.0
329,658,664,2025,33,7,42.0,9.0,True,tardio,-1.0,659.0
566,584,585,2024,11,2,42.0,21.0,False,perdido,,
884,658,659,2025,33,2,41.0,24.0,False,perdido,,
922,585,590,2024,12,6,41.0,9.0,True,tardio,-1.0,586.0
884,673,677,2025,48,5,40.0,11.0,True,antecipado,3.0,670.0
566,658,661,2025,33,4,39.0,10.0,True,tardio,-1.0,659.0
256,581,584,2024,8,4,38.0,15.0,True,antecipado,1.0,580.0
884,669,671,2025,44,3,37.0,13.0,True,antecipado,4.0,665.0
531,658,665,2025,33,8,36.0,6.0,True,tardio,-2.0,660.0
205,598,599,2024,25,2,34.0,20.0,True,tardio,-1.0,599.0
523,584,589,2024,11,6,34.0,9.0,True,tardio,-1.0,585.0
817,658,663,2025,33,6,34.0,7.0,True,tardio,-1.0,659.0
558,671,674,2025,46,4,32.0,10.0,True,antecipado,3.0,668.0
345,658,667,2025,33,10,32.0,7.0,True,tardio,-1.0,659.0
701,582,583,2024,9,2,31.0,19.0,False,perdido,,
566,663,664,2025,38,2,30.0,19.0,True,antecipado,4.0,659.0
736,600,601,2024,27,2,29.0,15.0,True,antecipado,1.0,599.0
396,658,660,2025,33,3,29.0,15.0,True,antecipado,2.0,656.0
205,588,588,2024,15,1,28.0,28.0,False,perdido,,
256,660,663,2025,35,4,28.0,13.0,True,antecipado,2.0,658.0
264,582,582,2024,9,1,28.0,28.0,False,perdido,,
779,589,590,2024,16,2,28.0,15.0,False,perdido,,
248,588,589,2024,15,2,27.0,15.0,True,antecipado,3.0,585.0
310,666,669,2025,41,4,27.0,9.0,True,antecipado,4.0,662.0
280,673,676,2025,48,4,26.0,7.0,True,antecipado,3.0,670.0
280,581,582,2024,8,2,26.0,14.0,False,perdido,,
388,658,661,2025,33,4,25.0,8.0,True,simultaneo,0.0,658.0
736,649,649,2025,24,1,25.0,25.0,False,perdido,,
850,663,665,2025,38,3,25.0,9.0,True,tardio,-1.0,664.0
108,670,672,2025,45,3,24.0,9.0,True,simultaneo,0.0,670.0
523,659,662,2025,34,4,24.0,7.0,True,antecipado,4.0,655.0
230,673,674,2025,48,2,24.0,12.0,False,perdido,,
426,660,665,2025,35,6,24.0,6.0,True,antecipado,3.0,657.0
752,584,586,2024,11,3,23.0,9.0,True,tardio,-1.0,585.0
752,588,592,2024,15,5,23.0,7.0,True,antecipado,3.0,585.0
523,669,675,2025,44,7,23.0,6.0,True,antecipado,4.0,665.0
892,586,589,2024,13,4,23.0,7.0,True,antecipado,3.0,583.0
710,582,583,2024,9,2,23.0,14.0,True,tardio,-1.0,583.0
396,662,665,2025,37,4,23.0,7.0,True,antecipado,4.0,658.0
868,597,598,2024,24,2,23.0,12.0,True,tardio,-1.0,598.0
582,662,663,2025,37,2,23.0,18.0,True,antecipado,4.0,658.0
922,597,603,2024,24,7,22.0,5.0,True,antecipado,4.0,593.0
434,588,589,2024,15,2,22.0,12.0,True,antecipado,2.0,586.0
876,588,589,2024,15,2,21.0,12.0,True,antecipado,4.0,584.0
264,673,674,2025,48,2,21.0,11.0,True,antecipado,4.0,669.0
876,606,609,2024,33,4,20.0,9.0,True,antecipado,4.0,602.0
892,582,584,2024,9,3,20.0,9.0,True,tardio,-1.0,583.0
701,627,629,2025,2,3,20.0,8.0,True,tardio,-1.0,628.0
779,596,597,2024,23,2,20.0,10.0,True,antecipado,1.0,595.0
540,658,659,2025,33,2,20.0,16.0,True,antecipado,1.0,657.0
248,648,649,2025,23,2,19.0,11.0,True,antecipado,4.0,644.0
388,664,667,2025,39,4,19.0,7.0,True,antecipado,4.0,660.0
221,594,595,2024,21,2,19.0,10.0,True,antecipado,3.0,591.0
817,583,583,2024,10,1,18.0,18.0,False,perdido,,
736,598,598,2024,25,1,18.0,18.0,False,perdido,,
299,657,661,2025,32,5,18.0,5.0,True,tardio,-1.0,658.0
779,584,584,2024,11,1,18.0,18.0,False,perdido,,
310,663,664,2025,38,2,18.0,9.0,True,antecipado,4.0,659.0
698,598,598,2024,25,1,17.0,17.0,False,perdido,,
248,642,643,2025,17,2,17.0,9.0,True,tardio,-1.0,643.0
515,657,661,2025,32,5,17.0,4.0,True,tardio,-1.0,658.0
434,660,661,2025,35,2,17.0,9.0,True,simultaneo,0.0,660.0
779,587,587,2024,14,1,17.0,17.0,False,perdido,,
400,662,664,2025,37,3,17.0,7.0,True,antecipado,4.0,658.0
698,658,658,2025,33,1,16.0,16.0,False,perdido,,
850,589,589,2024,16,1,16.0,16.0,False,perdido,,
400,587,588,2024,14,2,16.0,9.0,True,antecipado,2.0,585.0
582,584,584,2024,11,1,16.0,16.0,False,perdido,,
566,623,624,2024,50,2,16.0,9.0,True,antecipado,1.0,622.0
