codigo_bairro,inicio_indice,fim_indice,inicio_ano,inicio_semana,duracao_semanas,casos_totais_episodio,casos_pico,ja_ativo_no_inicio_da_janela,codigo_rpa,nome_bairro,posicao_modelo,lead_modelo,detectado_modelo_k5,detectado_modelo_k10,detectado_modelo_k15,detectado_modelo_k20,posicao_casos_atuais,lead_casos_atuais,detectado_casos_atuais_k5,detectado_casos_atuais_k10,detectado_casos_atuais_k15,detectado_casos_atuais_k20,posicao_crescimento_recente,lead_crescimento_recente,detectado_crescimento_recente_k5,detectado_crescimento_recente_k10,detectado_crescimento_recente_k15,detectado_crescimento_recente_k20,posicao_razao_historica_local,lead_razao_historica_local,detectado_razao_historica_local_k5,detectado_razao_historica_local_k10,detectado_razao_historica_local_k15,detectado_razao_historica_local_k20
108,571,571,2023,50,1,3.0,3.0,False,1,SANTO AMARO,16.0,1,0,0,0,1,2.0,2,1,1,1,1,4.0,2,1,1,1,1,4.0,2,1,1,1,1
108,581,589,2024,8,9,111.0,18.0,False,1,SANTO AMARO,11.0,4,0,0,1,1,4.0,2,1,1,1,1,8.0,2,0,1,1,1,9.0,4,0,1,1,1
108,591,591,2024,18,1,9.0,9.0,True,1,SANTO AMARO,41.0,1,0,0,0,0,9.0,4,0,1,1,1,39.0,4,0,0,0,0,11.0,1,0,0,1,1
108,597,597,2024,24,1,9.0,9.0,False,1,SANTO AMARO,44.0,2,0,0,0,0,11.0,2,0,0,1,1,24.0,2,0,0,0,0,31.0,2,0,0,0,0
108,603,603,2024,30,1,9.0,9.0,False,1,SANTO AMARO,11.0,2,0,0,1,1,9.0,2,0,1,1,1,21.0,3,0,0,0,0,18.0,2,0,0,0,1
108,657,657,2025,32,1,13.0,13.0,False,1,SANTO AMARO,22.0,4,0,0,0,0,13.0,2,0,0,1,1,33.0,3,0,0,0,0,36.0,3,0,0,0,0
108,667,667,2025,42,1,11.0,11.0,False,1,SANTO AMARO,33.0,3,0,0,0,0,7.0,3,0,1,1,1,7.0,1,0,1,1,1,30.0,1,0,0,0,0
108,670,672,2025,45,3,24.0,9.0,False,1,SANTO AMARO,21.0,2,0,0,0,0,6.0,3,0,1,1,1,7.0,4,0,1,1,1,23.0,3,0,0,0,0
108,675,676,2025,50,2,11.0,7.0,True,1,SANTO AMARO,12.0,2,0,0,1,1,2.0,3,1,1,1,1,32.0,3,0,0,0,0,3.0,4,1,1,1,1
116,555,555,2023,34,1,1.0,1.0,False,1,SOLEDADE,48.0,4,0,0,0,0,29.0,4,0,0,0,0,16.0,4,0,0,0,1,29.0,4,0,0,0,0
116,576,576,2024,3,1,1.0,1.0,False,1,SOLEDADE,8.0,3,0,1,1,1,27.0,2,0,0,0,0,17.0,3,0,0,0,1,27.0,2,0,0,0,0
116,581,581,2024,8,1,2.0,2.0,False,1,SOLEDADE,22.0,1,0,0,0,0,37.0,4,0,0,0,0,25.0,3,0,0,0,0,37.0,4,0,0,0,0
116,587,587,2024,14,1,1.0,1.0,False,1,SOLEDADE,29.0,4,0,0,0,0,71.0,1,0,0,0,0,20.0,1,0,0,0,1,71.0,1,0,0,0,0
116,597,597,2024,24,1,1.0,1.0,False,1,SOLEDADE,53.0,4,0,0,0,0,54.0,2,0,0,0,0,26.0,2,0,0,0,0,54.0,2,0,0,0,0
116,602,602,2024,29,1,1.0,1.0,False,1,SOLEDADE,69.0,4,0,0,0,0,54.0,3,0,0,0,0,27.0,3,0,0,0,0,54.0,3,0,0,0,0
116,607,607,2024,34,1,1.0,1.0,False,1,SOLEDADE,35.0,4,0,0,0,0,43.0,2,0,0,0,0,24.0,3,0,0,0,0,43.0,2,0,0,0,0
116,613,613,2024,40,1,1.0,1.0,False,1,SOLEDADE,32.0,4,0,0,0,0,39.0,2,0,0,0,0,18.0,3,0,0,0,1,39.0,2,0,0,0,0
116,620,620,2024,47,1,1.0,1.0,False,1,SOLEDADE,18.0,3,0,0,0,1,39.0,4,0,0,0,0,15.0,1,0,0,1,1,39.0,4,0,0,0,0
116,624,624,2024,51,1,1.0,1.0,True,1,SOLEDADE,12.0,3,0,0,1,1,25.0,4,0,0,0,0,11.0,4,0,0,1,1,2.0,4,1,1,1,1
116,649,650,2025,24,2,5.0,3.0,False,1,SOLEDADE,28.0,4,0,0,0,0,46.0,4,0,0,0,0,16.0,4,0,0,0,1,46.0,4,0,0,0,0
116,653,653,2025,28,1,1.0,1.0,True,1,SOLEDADE,10.0,2,0,1,1,1,18.0,3,0,0,0,1,3.0,4,1,1,1,1,1.0,4,1,1,1,1
116,655,655,2025,30,1,1.0,1.0,False,1,SOLEDADE,10.0,4,0,1,1,1,34.0,3,0,0,0,0,12.0,3,0,0,1,1,11.0,2,0,0,1,1
116,660,660,2025,35,1,1.0,1.0,False,1,SOLEDADE,10.0,4,0,1,1,1,62.0,4,0,0,0,0,29.0,1,0,0,0,0,62.0,4,0,0,0,0
116,664,664,2025,39,1,1.0,1.0,True,1,SOLEDADE,63.0,4,0,0,0,0,58.0,4,0,0,0,0,10.0,4,0,1,1,1,23.0,4,0,0,0,0
116,675,675,2025,50,1,1.0,1.0,False,1,SOLEDADE,47.0,4,0,0,0,0,51.0,4,0,0,0,0,25.0,1,0,0,0,0,51.0,4,0,0,0,0
124,561,561,2023,40,1,2.0,2.0,False,3,ESPINHEIRO,27.0,2,0,0,0,0,15.0,4,0,0,1,1,6.0,2,0,1,1,1,7.0,4,0,1,1,1
124,563,563,2023,42,1,2.0,2.0,False,3,ESPINHEIRO,5.0,1,1,1,1,1,6.0,2,0,1,1,1,3.0,2,1,1,1,1,1.0,2,1,1,1,1
124,584,584,2024,11,1,6.0,6.0,False,3,ESPINHEIRO,10.0,3,0,1,1,1,45.0,1,0,0,0,0,26.0,3,0,0,0,0,23.0,1,0,0,0,0
124,588,588,2024,15,1,3.0,3.0,True,3,ESPINHEIRO,4.0,1,1,1,1,1,34.0,2,0,0,0,0,21.0,2,0,0,0,0,10.0,4,0,1,1,1
124,591,591,2024,18,1,3.0,3.0,False,3,ESPINHEIRO,4.0,4,1,1,1,1,43.0,3,0,0,0,0,16.0,3,0,0,0,1,34.0,3,0,0,0,0
124,595,595,2024,22,1,4.0,4.0,True,3,ESPINHEIRO,4.0,1,1,1,1,1,27.0,4,0,0,0,0,5.0,4,1,1,1,1,5.0,4,1,1,1,1
124,602,602,2024,29,1,2.0,2.0,False,3,ESPINHEIRO,13.0,4,0,0,1,1,44.0,4,0,0,0,0,28.0,2,0,0,0,0,37.0,4,0,0,0,0
124,609,609,2024,36,1,2.0,2.0,False,3,ESPINHEIRO,38.0,4,0,0,0,0,23.0,4,0,0,0,0,6.0,4,0,1,1,1,14.0,4,0,0,1,1
124,617,617,2024,44,1,3.0,3.0,False,3,ESPINHEIRO,45.0,1,0,0,0,0,40.0,1,0,0,0,0,27.0,1,0,0,0,0,40.0,1,0,0,0,0
124,649,649,2025,24,1,3.0,3.0,False,3,ESPINHEIRO,27.0,2,0,0,0,0,7.0,2,0,1,1,1,2.0,4,1,1,1,1,3.0,2,1,1,1,1
124,661,663,2025,36,3,6.0,2.0,False,3,ESPINHEIRO,11.0,4,0,0,1,1,49.0,4,0,0,0,0,11.0,1,0,0,1,1,40.0,4,0,0,0,0
124,667,667,2025,42,1,2.0,2.0,True,3,ESPINHEIRO,29.0,1,0,0,0,0,32.0,4,0,0,0,0,4.0,2,1,1,1,1,23.0,4,0,0,0,0
124,672,672,2025,47,1,2.0,2.0,False,3,ESPINHEIRO,5.0,2,1,1,1,1,39.0,2,0,0,0,0,28.0,2,0,0,0,0,35.0,4,0,0,0,0
132,549,549,2023,28,1,1.0,1.0,False,3,AFLITOS,25.0,4,0,0,0,0,29.0,4,0,0,0,0,21.0,2,0,0,0,0,29.0,4,0,0,0,0
132,571,571,2023,50,1,1.0,1.0,False,3,AFLITOS,15.0,3,0,0,1,1,31.0,4,0,0,0,0,16.0,2,0,0,0,1,31.0,4,0,0,0,0
132,597,597,2024,24,1,2.0,2.0,False,3,AFLITOS,27.0,3,0,0,0,0,39.0,4,0,0,0,0,34.0,4,0,0,0,0,12.0,4,0,0,1,1
132,601,601,2024,28,1,1.0,1.0,True,3,AFLITOS,22.0,3,0,0,0,0,28.0,4,0,0,0,0,4.0,4,1,1,1,1,6.0,4,0,1,1,1
132,621,621,2024,48,1,1.0,1.0,False,3,AFLITOS,41.0,1,0,0,0,0,26.0,1,0,0,0,0,12.0,1,0,0,1,1,17.0,1,0,0,0,1
132,664,664,2025,39,1,1.0,1.0,False,3,AFLITOS,90.0,1,0,0,0,0,61.0,2,0,0,0,0,26.0,2,0,0,0,0,61.0,2,0,0,0,0
140,560,560,2023,39,1,1.0,1.0,False,3,DERBY,51.0,1,0,0,0,0,35.0,4,0,0,0,0,22.0,4,0,0,0,0,35.0,4,0,0,0,0
140,563,563,2023,42,1,1.0,1.0,False,3,DERBY,20.0,1,0,0,0,1,13.0,3,0,0,1,1,3.0,3,1,1,1,1,3.0,3,1,1,1,1
140,575,575,2024,2,1,1.0,1.0,False,3,DERBY,18.0,1,0,0,0,1,30.0,1,0,0,0,0,20.0,2,0,0,0,1,30.0,1,0,0,0,0
140,583,583,2024,10,1,1.0,1.0,False,3,DERBY,11.0,1,0,0,1,1,32.0,3,0,0,0,0,8.0,3,0,1,1,1,7.0,3,0,1,1,1
140,588,588,2024,15,1,1.0,1.0,False,3,DERBY,6.0,4,0,1,1,1,73.0,2,0,0,0,0,23.0,2,0,0,0,0,73.0,2,0,0,0,0
140,597,597,2024,24,1,1.0,1.0,False,3,DERBY,56.0,2,0,0,0,0,56.0,2,0,0,0,0,27.0,2,0,0,0,0,56.0,2,0,0,0,0
140,609,609,2024,36,1,1.0,1.0,False,3,DERBY,56.0,4,0,0,0,0,45.0,4,0,0,0,0,29.0,4,0,0,0,0,45.0,4,0,0,0,0
140,611,611,2024,38,1,1.0,1.0,False,3,DERBY,43.0,1,0,0,0,0,27.0,2,0,0,0,0,5.0,2,1,1,1,1,2.0,2,1,1,1,1
140,613,613,2024,40,1,1.0,1.0,True,3,DERBY,22.0,2,0,0,0,0,14.0,2,0,0,1,1,4.0,2,1,1,1,1,2.0,4,1,1,1,1
140,622,622,2024,49,1,1.0,1.0,False,3,DERBY,15.0,4,0,0,1,1,48.0,3,0,0,0,0,18.0,3,0,0,0,1,48.0,3,0,0,0,0
140,644,644,2025,19,1,1.0,1.0,False,3,DERBY,32.0,3,0,0,0,0,52.0,1,0,0,0,0,19.0,1,0,0,0,1,52.0,1,0,0,0,0
140,667,668,2025,42,2,3.0,2.0,False,3,DERBY,87.0,1,0,0,0,0,61.0,1,0,0,0,0,24.0,2,0,0,0,0,61.0,1,0,0,0,0
140,672,672,2025,47,1,1.0,1.0,True,3,DERBY,14.0,2,0,0,1,1,25.0,4,0,0,0,0,13.0,4,0,0,1,1,1.0,4,1,1,1,1
159,585,585,2024,12,1,2.0,2.0,False,3,JAQUEIRA,38.0,4,0,0,0,0,79.0,4,0,0,0,0,37.0,2,0,0,0,0,79.0,4,0,0,0,0
159,598,598,2024,25,1,1.0,1.0,False,3,JAQUEIRA,75.0,4,0,0,0,0,57.0,3,0,0,0,0,28.0,3,0,0,0,0,57.0,3,0,0,0,0
159,620,621,2024,47,2,2.0,1.0,False,3,JAQUEIRA,51.0,2,0,0,0,0,43.0,4,0,0,0,0,19.0,1,0,0,0,1,43.0,4,0,0,0,0
159,637,637,2025,12,1,2.0,2.0,False,3,JAQUEIRA,9.0,2,0,1,1,1,41.0,2,0,0,0,0,11.0,2,0,0,1,1,41.0,2,0,0,0,0
159,648,648,2025,23,1,1.0,1.0,False,3,JAQUEIRA,20.0,4,0,0,0,1,48.0,3,0,0,0,0,17.0,3,0,0,0,1,48.0,3,0,0,0,0
159,652,652,2025,27,1,1.0,1.0,True,3,JAQUEIRA,29.0,4,0,0,0,0,43.0,4,0,0,0,0,18.0,4,0,0,0,1,6.0,4,0,1,1,1
159,657,657,2025,32,1,1.0,1.0,False,3,JAQUEIRA,44.0,4,0,0,0,0,63.0,4,0,0,0,0,32.0,1,0,0,0,0,63.0,4,0,0,0,0
159,661,661,2025,36,1,1.0,1.0,True,3,JAQUEIRA,46.0,4,0,0,0,0,50.0,4,0,0,0,0,10.0,4,0,1,1,1,17.0,4,0,0,0,1
159,664,664,2025,39,1,1.0,1.0,False,3,JAQUEIRA,67.0,3,0,0,0,0,48.0,3,0,0,0,0,7.0,3,0,1,1,1,21.0,3,0,0,0,0
159,671,671,2025,46,1,1.0,1.0,False,3,JAQUEIRA,60.0,1,0,0,0,0,63.0,1,0,0,0,0,22.0,3,0,0,0,0,63.0,1,0,0,0,0
167,549,549,2023,28,1,3.0,3.0,False,3,GRACAS,54.0,1,0,0,0,0,14.0,2,0,0,1,1,5.0,2,1,1,1,1,7.0,2,0,1,1,1
167,554,554,2023,33,1,2.0,2.0,False,3,GRACAS,50.0,4,0,0,0,0,34.0,3,0,0,0,0,21.0,3,0,0,0,0,34.0,3,0,0,0,0
167,574,574,2024,1,1,2.0,2.0,False,3,GRACAS,4.0,3,1,1,1,1,12.0,4,0,0,1,1,24.0,4,0,0,0,0,8.0,3,0,1,1,1
167,579,580,2024,6,2,6.0,3.0,False,3,GRACAS,16.0,3,0,0,0,1,36.0,3,0,0,0,0,22.0,3,0,0,0,0,36.0,3,0,0,0,0
167,585,586,2024,12,2,11.0,7.0,False,3,GRACAS,5.0,4,1,1,1,1,44.0,4,0,0,0,0,10.0,1,0,1,1,1,34.0,4,0,0,0,0
167,594,594,2024,21,1,3.0,3.0,False,3,GRACAS,9.0,3,0,1,1,1,34.0,3,0,0,0,0,35.0,3,0,0,0,0,29.0,3,0,0,0,0
167,600,600,2024,27,1,4.0,4.0,False,3,GRACAS,26.0,2,0,0,0,0,29.0,3,0,0,0,0,27.0,3,0,0,0,0,20.0,3,0,0,0,1
167,608,608,2024,35,1,2.0,2.0,False,3,GRACAS,19.0,3,0,0,0,1,17.0,4,0,0,0,1,6.0,4,0,1,1,1,9.0,4,0,1,1,1
167,618,618,2024,45,1,3.0,3.0,False,3,GRACAS,36.0,1,0,0,0,0,19.0,2,0,0,0,1,4.0,2,1,1,1,1,12.0,2,0,0,1,1
167,625,625,2024,52,1,2.0,2.0,False,3,GRACAS,7.0,4,0,1,1,1,18.0,2,0,0,0,1,7.0,4,0,1,1,1,15.0,2,0,0,1,1
167,629,629,2025,4,1,3.0,3.0,True,3,GRACAS,13.0,2,0,0,1,1,9.0,4,0,1,1,1,1.0,4,1,1,1,1,5.0,4,1,1,1,1
167,659,659,2025,34,1,2.0,2.0,False,3,GRACAS,35.0,4,0,0,0,0,49.0,4,0,0,0,0,11.0,2,0,0,1,1,50.0,4,0,0,0,0
167,661,662,2025,36,2,4.0,2.0,False,3,GRACAS,40.0,3,0,0,0,0,39.0,2,0,0,0,0,11.0,4,0,0,1,1,30.0,2,0,0,0,0
167,668,669,2025,43,2,4.0,2.0,False,3,GRACAS,64.0,1,0,0,0,0,63.0,2,0,0,0,0,25.0,3,0,0,0,0,63.0,2,0,0,0,0
175,588,588,2024,15,1,3.0,3.0,False,2,ENCRUZILHADA,19.0,2,0,0,0,1,43.0,2,0,0,0,0,9.0,2,0,1,1,1,33.0,2,0,0,0,0
175,607,607,2024,34,1,3.0,3.0,False,2,ENCRUZILHADA,23.0,1,0,0,0,0,18.0,3,0,0,0,1,6.0,1,0,1,1,1,10.0,3,0,1,1,1
175,624,624,2024,51,1,3.0,3.0,False,2,ENCRUZILHADA,54.0,1,0,0,0,0,19.0,1,0,0,0,1,7.0,1,0,1,1,1,16.0,1,0,0,0,1
175,657,657,2025,32,1,3.0,3.0,False,2,ENCRUZILHADA,29.0,4,0,0,0,0,43.0,4,0,0,0,0,33.0,1,0,0,0,0,31.0,4,0,0,0,0
175,665,665,2025,40,1,2.0,2.0,False,2,ENCRUZILHADA,43.0,1,0,0,0,0,32.0,3,0,0,0,0,16.0,1,0,0,0,1,32.0,3,0,0,0,0
175,675,675,2025,50,1,2.0,2.0,False,2,ENCRUZILHADA,70.0,3,0,0,0,0,41.0,3,0,0,0,0,11.0,3,0,0,1,1,47.0,3,0,0,0,0
183,591,591,2024,18,1,5.0,5.0,False,2,ROSARINHO,51.0,3,0,0,0,0,60.0,2,0,0,0,0,18.0,3,0,0,0,1,58.0,2,0,0,0,0
183,594,594,2024,21,1,2.0,2.0,False,2,ROSARINHO,10.0,2,0,1,1,1,18.0,3,0,0,0,1,1.0,3,1,1,1,1,1.0,3,1,1,1,1
183,620,620,2024,47,1,2.0,2.0,False,2,ROSARINHO,59.0,1,0,0,0,0,45.0,4,0,0,0,0,21.0,1,0,0,0,0,45.0,4,0,0,0,0
183,623,623,2024,50,1,1.0,1.0,False,2,ROSARINHO,14.0,1,0,0,1,1,16.0,3,0,0,0,1,5.0,3,1,1,1,1,1.0,3,1,1,1,1
183,662,662,2025,37,1,2.0,2.0,False,2,ROSARINHO,75.0,3,0,0,0,0,66.0,1,0,0,0,0,32.0,1,0,0,0,0,66.0,1,0,0,0,0
183,664,665,2025,39,2,3.0,2.0,False,2,ROSARINHO,78.0,2,0,0,0,0,33.0,2,0,0,0,0,2.0,2,1,1,1,1,15.0,2,0,0,1,1
183,668,669,2025,43,2,2.0,1.0,True,2,ROSARINHO,18.0,1,0,0,0,1,36.0,4,0,0,0,0,4.0,4,1,1,1,1,24.0,4,0,0,0,0
183,671,672,2025,46,2,4.0,2.0,False,2,ROSARINHO,18.0,4,0,0,0,1,43.0,2,0,0,0,0,5.0,3,1,1,1,1,9.0,3,0,1,1,1
183,675,677,2025,50,3,4.0,2.0,True,2,ROSARINHO,4.0,1,1,1,1,1,22.0,3,0,0,0,0,3.0,4,1,1,1,1,6.0,4,0,1,1,1
19,561,561,2023,40,1,1.0,1.0,False,1,RECIFE,55.0,4,0,0,0,0,39.0,1,0,0,0,0,28.0,2,0,0,0,0,39.0,1,0,0,0,0
19,589,589,2024,16,1,1.0,1.0,False,1,RECIFE,48.0,4,0,0,0,0,63.0,3,0,0,0,0,6.0,3,0,1,1,1,47.0,3,0,0,0,0
19,608,608,2024,35,1,2.0,2.0,False,1,RECIFE,33.0,2,0,0,0,0,48.0,3,0,0,0,0,30.0,4,0,0,0,0,48.0,3,0,0,0,0
19,612,612,2024,39,1,1.0,1.0,True,1,RECIFE,11.0,3,0,0,1,1,23.0,4,0,0,0,0,7.0,4,0,1,1,1,3.0,4,1,1,1,1
19,657,657,2025,32,1,2.0,2.0,False,1,RECIFE,49.0,4,0,0,0,0,65.0,4,0,0,0,0,35.0,1,0,0,0,0,65.0,4,0,0,0,0
19,663,663,2025,38,1,1.0,1.0,False,1,RECIFE,12.0,4,0,0,1,1,41.0,1,0,0,0,0,4.0,1,1,1,1,1,38.0,1,0,0,0,0
19,672,672,2025,47,1,2.0,2.0,False,1,RECIFE,35.0,2,0,0,0,0,44.0,3,0,0,0,0,7.0,3,0,1,1,1,38.0,3,0,0,0,0
191,588,588,2024,15,1,5.0,5.0,False,3,TAMARINEIRA,27.0,1,0,0,0,0,35.0,2,0,0,0,0,16.0,2,0,0,0,1,48.0,2,0,0,0,0
191,631,631,2025,6,1,5.0,5.0,False,3,TAMARINEIRA,8.0,4,0,1,1,1,17.0,1,0,0,0,1,5.0,1,1,1,1,1,20.0,1,0,0,0,1
191,662,662,2025,37,1,3.0,3.0,False,3,TAMARINEIRA,56.0,4,0,0,0,0,60.0,4,0,0,0,0,34.0,1,0,0,0,0,64.0,4,0,0,0,0
191,664,666,2025,39,3,9.0,5.0,False,3,TAMARINEIRA,25.0,1,0,0,0,0,24.0,2,0,0,0,0,1.0,2,1,1,1,1,9.0,2,0,1,1,1
191,671,673,2025,46,3,8.0,3.0,False,3,TAMARINEIRA,2.0,4,1,1,1,1,27.0,1,0,0,0,0,20.0,2,0,0,0,1,27.0,2,0,0,0,0
205,573,573,2023,52,1,5.0,5.0,False,6,BOA VIAGEM,36.0,1,0,0,0,0,2.0,1,1,1,1,1,15.0,3,0,0,1,1,9.0,1,0,1,1,1
205,575,575,2024,2,1,8.0,8.0,False,6,BOA VIAGEM,7.0,1,0,1,1,1,1.0,2,1,1,1,1,16.0,2,0,0,0,1,5.0,2,1,1,1,1
205,581,582,2024,8,2,55.0,31.0,False,6,BOA VIAGEM,19.0,4,0,0,0,1,1.0,4,1,1,1,1,28.0,1,0,0,0,0,5.0,4,1,1,1,1
205,584,584,2024,11,1,52.0,52.0,False,6,BOA VIAGEM,69.0,4,0,0,0,0,1.0,4,1,1,1,1,28.0,4,0,0,0,0,16.0,2,0,0,0,1
205,588,588,2024,15,1,28.0,28.0,True,6,BOA VIAGEM,90.0,2,0,0,0,0,2.0,4,1,1,1,1,6.0,4,0,1,1,1,9.0,4,0,1,1,1
205,598,599,2024,25,2,34.0,20.0,False,6,BOA VIAGEM,62.0,2,0,0,0,0,2.0,2,1,1,1,1,19.0,3,0,0,0,1,9.0,2,0,1,1,1
205,612,613,2024,39,2,15.0,8.0,False,6,BOA VIAGEM,19.0,4,0,0,0,1,2.0,4,1,1,1,1,6.0,2,0,1,1,1,18.0,4,0,0,0,1
205,618,618,2024,45,1,9.0,9.0,False,6,BOA VIAGEM,1.0,4,1,1,1,1,5.0,4,1,1,1,1,21.0,2,0,0,0,0,11.0,4,0,0,1,1
205,625,625,2024,52,1,7.0,7.0,False,6,BOA VIAGEM,65.0,4,0,0,0,0,2.0,4,1,1,1,1,3.0,1,1,1,1,1,9.0,4,0,1,1,1
205,628,628,2025,3,1,9.0,9.0,False,6,BOA VIAGEM,2.0,2,1,1,1,1,1.0,3,1,1,1,1,3.0,4,1,1,1,1,3.0,3,1,1,1,1
205,655,659,2025,30,5,63.0,15.0,False,6,BOA VIAGEM,63.0,1,0,0,0,0,2.0,4,1,1,1,1,20.0,2,0,0,0,1,4.0,4,1,1,1,1
205,663,668,2025,38,6,62.0,15.0,True,6,BOA VIAGEM,26.0,3,0,0,0,0,5.0,4,1,1,1,1,26.0,2,0,0,0,0,12.0,4,0,0,1,1
205,674,674,2025,49,1,8.0,8.0,False,6,BOA VIAGEM,57.0,2,0,0,0,0,6.0,3,0,1,1,1,19.0,3,0,0,0,1,18.0,3,0,0,0,1
205,676,676,2025,51,1,6.0,6.0,False,6,BOA VIAGEM,46.0,1,0,0,0,0,4.0,2,1,1,1,1,5.0,2,1,1,1,1,10.0,2,0,1,1,1
213,573,573,2023,52,1,3.0,3.0,False,6,IPSEP,33.0,1,0,0,0,0,12.0,1,0,0,1,1,3.0,1,1,1,1,1,12.0,1,0,0,1,1
213,588,588,2024,15,1,11.0,11.0,False,6,IPSEP,45.0,1,0,0,0,0,23.0,4,0,0,0,0,22.0,4,0,0,0,0,42.0,4,0,0,0,0
213,613,613,2024,40,1,6.0,6.0,False,6,IPSEP,25.0,4,0,0,0,0,7.0,4,0,1,1,1,21.0,4,0,0,0,0,25.0,4,0,0,0,0
213,625,625,2024,52,1,4.0,4.0,False,6,IPSEP,65.0,2,0,0,0,0,25.0,1,0,0,0,0,8.0,3,0,1,1,1,36.0,1,0,0,0,0
213,665,666,2025,40,2,10.0,5.0,False,6,IPSEP,51.0,4,0,0,0,0,48.0,2,0,0,0,0,13.0,2,0,0,1,1,64.0,3,0,0,0,0
213,674,674,2025,49,1,6.0,6.0,False,6,IPSEP,17.0,4,0,0,0,1,13.0,2,0,0,1,1,12.0,2,0,0,1,1,17.0,2,0,0,0,1
221,563,563,2023,42,1,4.0,4.0,False,6,JORDAO,33.0,1,0,0,0,0,41.0,3,0,0,0,0,27.0,2,0,0,0,0,41.0,3,0,0,0,0
221,582,582,2024,9,1,9.0,9.0,False,6,JORDAO,80.0,1,0,0,0,0,29.0,1,0,0,0,0,6.0,1,0,1,1,1,32.0,1,0,0,0,0
221,584,584,2024,11,1,16.0,16.0,False,6,JORDAO,76.0,1,0,0,0,0,21.0,1,0,0,0,0,6.0,3,0,1,1,1,11.0,2,0,0,1,1
221,590,590,2024,17,1,9.0,9.0,False,6,JORDAO,74.0,1,0,0,0,0,17.0,3,0,0,0,1,30.0,3,0,0,0,0,43.0,2,0,0,0,0
221,594,595,2024,21,2,19.0,10.0,True,6,JORDAO,67.0,3,0,0,0,0,9.0,4,0,1,1,1,9.0,4,0,1,1,1,9.0,4,0,1,1,1
221,661,661,2025,36,1,7.0,7.0,False,6,JORDAO,39.0,1,0,0,0,0,15.0,2,0,0,1,1,13.0,3,0,0,1,1,32.0,2,0,0,0,0
221,665,665,2025,40,1,4.0,4.0,True,6,JORDAO,1.0,2,1,1,1,1,13.0,4,0,0,1,1,8.0,4,0,1,1,1,19.0,4,0,0,0,1
221,674,674,2025,49,1,5.0,5.0,False,6,JORDAO,82.0,3,0,0,0,0,16.0,3,0,0,0,1,3.0,1,1,1,1,1,25.0,3,0,0,0,0
221,676,676,2025,51,1,6.0,6.0,False,6,JORDAO,41.0,1,0,0,0,0,10.0,2,0,1,1,1,3.0,3,1,1,1,1,11.0,2,0,0,1,1
230,583,589,2024,10,7,272.0,68.0,False,6,IBURA,76.0,2,0,0,0,0,2.0,4,1,1,1,1,7.0,4,0,1,1,1,23.0,4,0,0,0,0
230,594,594,2024,21,1,43.0,43.0,False,6,IBURA,86.0,2,0,0,0,0,1.0,4,1,1,1,1,19.0,2,0,0,0,1,4.0,2,1,1,1,1
230,665,665,2025,40,1,15.0,15.0,False,6,IBURA,36.0,2,0,0,0,0,2.0,3,1,1,1,1,28.0,4,0,0,0,0,31.0,3,0,0,0,0
230,667,667,2025,42,1,12.0,12.0,False,6,IBURA,14.0,1,0,0,1,1,3.0,2,1,1,1,1,17.0,2,0,0,0,1,13.0,2,0,0,1,1
230,673,674,2025,48,2,24.0,12.0,False,6,IBURA,52.0,3,0,0,0,0,1.0,4,1,1,1,1,25.0,2,0,0,0,0,20.0,4,0,0,0,1
230,676,676,2025,51,1,11.0,11.0,False,6,IBURA,69.0,1,0,0,0,0,1.0,3,1,1,1,1,2.0,3,1,1,1,1,6.0,3,0,1,1,1
248,580,580,2024,7,1,8.0,8.0,False,6,PINA,1.0,4,1,1,1,1,6.0,4,0,1,1,1,33.0,2,0,0,0,0,5.0,4,1,1,1,1
248,584,586,2024,11,3,58.0,22.0,True,6,PINA,24.0,3,0,0,0,0,2.0,4,1,1,1,1,1.0,4,1,1,1,1,2.0,4,1,1,1,1
248,588,589,2024,15,2,27.0,15.0,True,6,PINA,33.0,1,0,0,0,0,5.0,2,1,1,1,1,7.0,4,0,1,1,1,5.0,2,1,1,1,1
248,628,628,2025,3,1,4.0,4.0,False,6,PINA,22.0,1,0,0,0,0,12.0,1,0,0,1,1,7.0,1,0,1,1,1,15.0,1,0,0,1,1
248,642,643,2025,17,2,17.0,9.0,False,6,PINA,37.0,1,0,0,0,0,2.0,2,1,1,1,1,2.0,3,1,1,1,1,6.0,2,0,1,1,1
248,648,649,2025,23,2,19.0,11.0,False,6,PINA,1.0,1,1,1,1,1,4.0,1,1,1,1,1,24.0,1,0,0,0,0,6.0,1,0,1,1,1
248,653,657,2025,28,5,45.0,13.0,True,6,PINA,1.0,3,1,1,1,1,7.0,4,0,1,1,1,17.0,1,0,0,0,1,3.0,4,1,1,1,1
248,659,659,2025,34,1,12.0,12.0,True,6,PINA,3.0,1,1,1,1,1,7.0,4,0,1,1,1,34.0,2,0,0,0,0,6.0,4,0,1,1,1
248,664,664,2025,39,1,10.0,10.0,False,6,PINA,2.0,4,1,1,1,1,18.0,3,0,0,0,1,3.0,1,1,1,1,1,40.0,1,0,0,0,0
248,667,667,2025,42,1,7.0,7.0,False,6,PINA,23.0,1,0,0,0,0,6.0,3,0,1,1,1,3.0,4,1,1,1,1,10.0,3,0,1,1,1
248,674,674,2025,49,1,8.0,8.0,False,6,PINA,25.0,2,0,0,0,0,9.0,1,0,1,1,1,10.0,4,0,1,1,1,20.0,1,0,0,0,1
256,571,572,2023,50,2,8.0,4.0,False,6,BRASILIA TEIMOSA,32.0,1,0,0,0,0,13.0,1,0,0,1,1,11.0,3,0,0,1,1,17.0,1,0,0,0,1
256,579,579,2024,6,1,3.0,3.0,False,6,BRASILIA TEIMOSA,1.0,2,1,1,1,1,14.0,3,0,0,1,1,8.0,3,0,1,1,1,3.0,2,1,1,1,1
256,581,584,2024,8,4,38.0,15.0,False,6,BRASILIA TEIMOSA,1.0,4,1,1,1,1,14.0,2,0,0,1,1,4.0,2,1,1,1,1,3.0,4,1,1,1,1
256,599,599,2024,26,1,2.0,2.0,False,6,BRASILIA TEIMOSA,77.0,3,0,0,0,0,30.0,3,0,0,0,0,4.0,3,1,1,1,1,14.0,3,0,0,1,1
256,617,617,2024,44,1,3.0,3.0,False,6,BRASILIA TEIMOSA,56.0,4,0,0,0,0,14.0,4,0,0,1,1,12.0,2,0,0,1,1,26.0,4,0,0,0,0
256,619,619,2024,46,1,2.0,2.0,False,6,BRASILIA TEIMOSA,44.0,2,0,0,0,0,7.0,2,0,1,1,1,3.0,2,1,1,1,1,3.0,2,1,1,1,1
256,627,627,2025,2,1,5.0,5.0,False,6,BRASILIA TEIMOSA,45.0,1,0,0,0,0,2.0,3,1,1,1,1,1.0,3,1,1,1,1,12.0,3,0,0,1,1
256,639,639,2025,14,1,5.0,5.0,False,6,BRASILIA TEIMOSA,80.0,1,0,0,0,0,37.0,3,0,0,0,0,13.0,1,0,0,1,1,46.0,4,0,0,0,0
256,644,644,2025,19,1,7.0,7.0,False,6,BRASILIA TEIMOSA,47.0,2,0,0,0,0,13.0,3,0,0,1,1,2.0,3,1,1,1,1,6.0,3,0,1,1,1
256,652,653,2025,27,2,7.0,4.0,False,6,BRASILIA TEIMOSA,17.0,2,0,0,0,1,20.0,2,0,0,0,1,5.0,4,1,1,1,1,12.0,2,0,0,1,1
256,656,657,2025,31,2,8.0,4.0,True,6,BRASILIA TEIMOSA,9.0,2,0,1,1,1,13.0,3,0,0,1,1,2.0,4,1,1,1,1,1.0,4,1,1,1,1
256,660,663,2025,35,4,28.0,13.0,True,6,BRASILIA TEIMOSA,2.0,2,1,1,1,1,20.0,4,0,0,0,1,5.0,4,1,1,1,1,9.0,4,0,1,1,1
256,666,668,2025,41,3,12.0,6.0,True,6,BRASILIA TEIMOSA,7.0,2,0,1,1,1,5.0,3,1,1,1,1,12.0,3,0,0,1,1,3.0,3,1,1,1,1
256,673,673,2025,48,1,5.0,5.0,False,6,BRASILIA TEIMOSA,22.0,4,0,0,0,0,25.0,2,0,0,0,0,17.0,2,0,0,0,1,24.0,2,0,0,0,0
264,582,582,2024,9,1,28.0,28.0,False,6,IMBIRIBEIRA,70.0,1,0,0,0,0,2.0,4,1,1,1,1,23.0,1,0,0,0,0,25.0,4,0,0,0,0
264,584,585,2024,11,2,69.0,35.0,False,6,IMBIRIBEIRA,70.0,3,0,0,0,0,2.0,2,1,1,1,1,23.0,3,0,0,0,0,14.0,2,0,0,1,1
264,599,599,2024,26,1,11.0,11.0,False,6,IMBIRIBEIRA,11.0,1,0,0,1,1,5.0,3,1,1,1,1,35.0,3,0,0,0,0,18.0,1,0,0,0,1
264,605,605,2024,32,1,8.0,8.0,False,6,IMBIRIBEIRA,18.0,1,0,0,0,1,6.0,1,0,1,1,1,2.0,2,1,1,1,1,14.0,1,0,0,1,1
264,654,654,2025,29,1,11.0,11.0,False,6,IMBIRIBEIRA,30.0,1,0,0,0,0,4.0,2,1,1,1,1,4.0,2,1,1,1,1,16.0,2,0,0,0,1
264,661,661,2025,36,1,11.0,11.0,False,6,IMBIRIBEIRA,8.0,3,0,1,1,1,14.0,3,0,0,1,1,21.0,1,0,0,0,0,38.0,4,0,0,0,0
264,663,667,2025,38,5,63.0,16.0,False,6,IMBIRIBEIRA,9.0,4,0,1,1,1,4.0,1,1,1,1,1,15.0,2,0,0,1,1,12.0,2,0,0,1,1
264,671,671,2025,46,1,8.0,8.0,True,6,IMBIRIBEIRA,25.0,3,0,0,0,0,5.0,4,1,1,1,1,38.0,2,0,0,0,0,23.0,3,0,0,0,0
264,673,674,2025,48,2,21.0,11.0,False,6,IMBIRIBEIRA,16.0,1,0,0,0,1,3.0,2,1,1,1,1,22.0,2,0,0,0,0,15.0,2,0,0,1,1
27,531,531,2023,10,1,1.0,1.0,False,1,SANTO ANTONIO,2.0,3,1,1,1,1,31.0,2,0,0,0,0,21.0,2,0,0,0,0,31.0,2,0,0,0,0
27,534,534,2023,13,1,1.0,1.0,False,1,SANTO ANTONIO,1.0,3,1,1,1,1,24.0,3,0,0,0,0,7.0,3,0,1,1,1,1.0,3,1,1,1,1
27,549,549,2023,28,1,1.0,1.0,False,1,SANTO ANTONIO,32.0,4,0,0,0,0,38.0,4,0,0,0,0,27.0,2,0,0,0,0,38.0,4,0,0,0,0
27,553,553,2023,32,1,1.0,1.0,True,1,SANTO ANTONIO,12.0,2,0,0,1,1,28.0,4,0,0,0,0,15.0,4,0,0,1,1,2.0,4,1,1,1,1
27,556,556,2023,35,1,2.0,2.0,False,1,SANTO ANTONIO,10.0,3,0,1,1,1,27.0,3,0,0,0,0,9.0,3,0,1,1,1,3.0,3,1,1,1,1
27,561,561,2023,40,1,1.0,1.0,False,1,SANTO ANTONIO,6.0,4,0,1,1,1,44.0,1,0,0,0,0,32.0,2,0,0,0,0,44.0,1,0,0,0,0
27,579,579,2024,6,1,1.0,1.0,False,1,SANTO ANTONIO,15.0,1,0,0,1,1,42.0,3,0,0,0,0,28.0,3,0,0,0,0,42.0,3,0,0,0,0
27,581,582,2024,8,2,7.0,4.0,False,1,SANTO ANTONIO,1.0,1,1,1,1,1,31.0,2,0,0,0,0,15.0,2,0,0,1,1,3.0,2,1,1,1,1
27,584,589,2024,11,6,15.0,4.0,False,1,SANTO ANTONIO,1.0,4,1,1,1,1,36.0,3,0,0,0,0,10.0,3,0,1,1,1,1.0,3,1,1,1,1
27,594,594,2024,21,1,2.0,2.0,False,1,SANTO ANTONIO,5.0,4,1,1,1,1,66.0,1,0,0,0,0,27.0,2,0,0,0,0,66.0,1,0,0,0,0
27,598,598,2024,25,1,1.0,1.0,True,1,SANTO ANTONIO,15.0,3,0,0,1,1,33.0,4,0,0,0,0,7.0,4,0,1,1,1,7.0,4,0,1,1,1
27,601,601,2024,28,1,3.0,3.0,False,1,SANTO ANTONIO,45.0,1,0,0,0,0,49.0,3,0,0,0,0,15.0,3,0,0,1,1,11.0,3,0,0,1,1
27,608,608,2024,35,1,1.0,1.0,False,1,SANTO ANTONIO,26.0,2,0,0,0,0,50.0,3,0,0,0,0,33.0,3,0,0,0,0,50.0,3,0,0,0,0
27,617,617,2024,44,1,1.0,1.0,False,1,SANTO ANTONIO,43.0,3,0,0,0,0,51.0,1,0,0,0,0,35.0,3,0,0,0,0,51.0,1,0,0,0,0
27,628,628,2025,3,1,1.0,1.0,False,1,SANTO ANTONIO,22.0,4,0,0,0,0,43.0,2,0,0,0,0,29.0,3,0,0,0,0,43.0,2,0,0,0,0
27,630,630,2025,5,1,1.0,1.0,False,1,SANTO ANTONIO,23.0,1,0,0,0,0,33.0,2,0,0,0,0,14.0,2,0,0,1,1,4.0,2,1,1,1,1
27,632,632,2025,7,1,3.0,3.0,True,1,SANTO ANTONIO,5.0,2,1,1,1,1,33.0,4,0,0,0,0,14.0,4,0,0,1,1,4.0,4,1,1,1,1
27,650,650,2025,25,1,1.0,1.0,False,1,SANTO ANTONIO,28.0,2,0,0,0,0,46.0,2,0,0,0,0,20.0,2,0,0,0,1,14.0,2,0,0,1,1
27,654,654,2025,29,1,1.0,1.0,True,1,SANTO ANTONIO,33.0,3,0,0,0,0,35.0,4,0,0,0,0,9.0,4,0,1,1,1,3.0,4,1,1,1,1
27,658,659,2025,33,2,4.0,2.0,True,1,SANTO ANTONIO,39.0,3,0,0,0,0,48.0,4,0,0,0,0,10.0,4,0,1,1,1,7.0,4,0,1,1,1
27,664,665,2025,39,2,2.0,1.0,False,1,SANTO ANTONIO,29.0,3,0,0,0,0,66.0,2,0,0,0,0,31.0,2,0,0,0,0,66.0,2,0,0,0,0
27,670,670,2025,45,1,1.0,1.0,False,1,SANTO ANTONIO,36.0,3,0,0,0,0,67.0,4,0,0,0,0,26.0,2,0,0,0,0,67.0,4,0,0,0,0
272,526,526,2023,5,1,1.0,1.0,False,2,TORREAO,2.0,1,1,1,1,1,41.0,3,0,0,0,0,30.0,3,0,0,0,0,41.0,3,0,0,0,0
272,548,548,2023,27,1,1.0,1.0,False,2,TORREAO,28.0,4,0,0,0,0,39.0,3,0,0,0,0,25.0,4,0,0,0,0,39.0,3,0,0,0,0
272,565,565,2023,44,1,1.0,1.0,False,2,TORREAO,39.0,1,0,0,0,0,45.0,4,0,0,0,0,24.0,1,0,0,0,0,45.0,4,0,0,0,0
272,578,578,2024,5,1,1.0,1.0,False,2,TORREAO,6.0,2,0,1,1,1,42.0,4,0,0,0,0,29.0,4,0,0,0,0,42.0,4,0,0,0,0
272,583,583,2024,10,1,1.0,1.0,False,2,TORREAO,4.0,4,1,1,1,1,60.0,3,0,0,0,0,38.0,3,0,0,0,0,60.0,3,0,0,0,0
272,588,588,2024,15,1,1.0,1.0,False,2,TORREAO,42.0,2,0,0,0,0,76.0,2,0,0,0,0,25.0,2,0,0,0,0,76.0,2,0,0,0,0
272,654,654,2025,29,1,1.0,1.0,False,2,TORREAO,74.0,3,0,0,0,0,60.0,3,0,0,0,0,26.0,3,0,0,0,0,60.0,3,0,0,0,0
272,663,663,2025,38,1,1.0,1.0,False,2,TORREAO,85.0,2,0,0,0,0,67.0,1,0,0,0,0,32.0,1,0,0,0,0,67.0,1,0,0,0,0
272,665,665,2025,40,1,1.0,1.0,False,2,TORREAO,78.0,1,0,0,0,0,49.0,2,0,0,0,0,14.0,2,0,0,1,1,24.0,2,0,0,0,0
280,581,582,2024,8,2,26.0,14.0,False,2,CAMPO GRANDE,19.0,1,0,0,0,1,10.0,1,0,1,1,1,8.0,3,0,1,1,1,12.0,1,0,0,1,1
280,654,661,2025,29,8,137.0,25.0,False,2,CAMPO GRANDE,9.0,1,0,1,1,1,4.0,4,1,1,1,1,5.0,4,1,1,1,1,11.0,4,0,0,1,1
280,669,669,2025,44,1,9.0,9.0,False,2,CAMPO GRANDE,16.0,2,0,0,0,1,9.0,4,0,1,1,1,26.0,3,0,0,0,0,42.0,2,0,0,0,0
280,671,671,2025,46,1,8.0,8.0,False,2,CAMPO GRANDE,16.0,4,0,0,0,1,6.0,2,0,1,1,1,3.0,2,1,1,1,1,17.0,2,0,0,0,1
280,673,676,2025,48,4,26.0,7.0,True,2,CAMPO GRANDE,34.0,3,0,0,0,0,4.0,2,1,1,1,1,3.0,4,1,1,1,1,14.0,2,0,0,1,1
299,524,524,2023,3,1,1.0,1.0,False,2,PEIXINHOS,18.0,1,0,0,0,1,42.0,1,0,0,0,0,31.0,1,0,0,0,0,42.0,1,0,0,0,0
299,537,537,2023,16,1,2.0,2.0,False,2,PEIXINHOS,16.0,4,0,0,0,1,54.0,2,0,0,0,0,20.0,2,0,0,0,1,54.0,2,0,0,0,0
299,547,547,2023,26,1,2.0,2.0,False,2,PEIXINHOS,1.0,4,1,1,1,1,14.0,4,0,0,1,1,4.0,4,1,1,1,1,1.0,4,1,1,1,1
299,572,572,2023,51,1,2.0,2.0,False,2,PEIXINHOS,41.0,2,0,0,0,0,46.0,2,0,0,0,0,27.0,3,0,0,0,0,46.0,2,0,0,0,0
299,581,581,2024,8,1,4.0,4.0,False,2,PEIXINHOS,20.0,3,0,0,0,1,36.0,1,0,0,0,0,10.0,1,0,1,1,1,8.0,1,0,1,1,1
299,655,655,2025,30,1,2.0,2.0,False,2,PEIXINHOS,30.0,4,0,0,0,0,50.0,1,0,0,0,0,12.0,1,0,0,1,1,27.0,1,0,0,0,0
299,657,661,2025,32,5,18.0,5.0,False,2,PEIXINHOS,8.0,1,0,1,1,1,30.0,2,0,0,0,0,12.0,3,0,0,1,1,9.0,2,0,1,1,1
299,663,663,2025,38,1,4.0,4.0,True,2,PEIXINHOS,1.0,1,1,1,1,1,19.0,2,0,0,0,1,9.0,2,0,1,1,1,3.0,2,1,1,1,1
299,669,669,2025,44,1,2.0,2.0,False,2,PEIXINHOS,8.0,4,0,1,1,1,44.0,4,0,0,0,0,7.0,4,0,1,1,1,36.0,1,0,0,0,0
302,557,557,2023,36,1,1.0,1.0,False,2,HIPODROMO,37.0,3,0,0,0,0,47.0,1,0,0,0,0,31.0,1,0,0,0,0,47.0,1,0,0,0,0
302,559,559,2023,38,1,1.0,1.0,False,2,HIPODROMO,25.0,2,0,0,0,0,21.0,2,0,0,0,0,11.0,2,0,0,1,1,1.0,2,1,1,1,1
302,579,579,2024,6,1,1.0,1.0,False,2,HIPODROMO,11.0,3,0,0,1,1,45.0,3,0,0,0,0,31.0,3,0,0,0,0,45.0,3,0,0,0,0
302,594,594,2024,21,1,1.0,1.0,False,2,HIPODROMO,51.0,1,0,0,0,0,41.0,2,0,0,0,0,8.0,2,0,1,1,1,19.0,2,0,0,0,1
302,616,616,2024,43,1,2.0,2.0,False,2,HIPODROMO,63.0,2,0,0,0,0,52.0,4,0,0,0,0,37.0,2,0,0,0,0,52.0,4,0,0,0,0
302,623,623,2024,50,1,1.0,1.0,False,2,HIPODROMO,32.0,2,0,0,0,0,58.0,3,0,0,0,0,27.0,4,0,0,0,0,58.0,3,0,0,0,0
302,633,633,2025,8,1,2.0,2.0,False,2,HIPODROMO,23.0,1,0,0,0,0,53.0,4,0,0,0,0,30.0,4,0,0,0,0,53.0,4,0,0,0,0
302,660,660,2025,35,1,1.0,1.0,False,2,HIPODROMO,61.0,1,0,0,0,0,50.0,1,0,0,0,0,8.0,1,0,1,1,1,48.0,1,0,0,0,0
302,662,664,2025,37,3,3.0,1.0,False,2,HIPODROMO,55.0,2,0,0,0,0,50.0,3,0,0,0,0,8.0,3,0,1,1,1,25.0,2,0,0,0,0
302,674,674,2025,49,1,1.0,1.0,False,2,HIPODROMO,33.0,1,0,0,0,0,37.0,3,0,0,0,0,7.0,3,0,1,1,1,28.0,3,0,0,0,0
310,572,572,2023,51,1,3.0,3.0,False,2,CAMPINA DO BARRETO,64.0,1,0,0,0,0,15.0,2,0,0,1,1,6.0,2,0,1,1,1,22.0,1,0,0,0,0
310,581,581,2024,8,1,8.0,8.0,False,2,CAMPINA DO BARRETO,9.0,4,0,1,1,1,26.0,4,0,0,0,0,12.0,4,0,0,1,1,19.0,4,0,0,0,1
310,624,624,2024,51,1,3.0,3.0,False,2,CAMPINA DO BARRETO,18.0,3,0,0,0,1,14.0,2,0,0,1,1,22.0,4,0,0,0,0,29.0,4,0,0,0,0
310,630,630,2025,5,1,4.0,4.0,False,2,CAMPINA DO BARRETO,1.0,1,1,1,1,1,14.0,4,0,0,1,1,17.0,1,0,0,0,1,7.0,1,0,1,1,1
310,653,661,2025,28,9,87.0,14.0,False,2,CAMPINA DO BARRETO,32.0,1,0,0,0,0,13.0,3,0,0,1,1,2.0,3,1,1,1,1,13.0,1,0,0,1,1
310,663,664,2025,38,2,18.0,9.0,True,2,CAMPINA DO BARRETO,7.0,1,0,1,1,1,4.0,3,1,1,1,1,58.0,4,0,0,0,0,8.0,4,0,1,1,1
310,666,669,2025,41,4,27.0,9.0,False,2,CAMPINA DO BARRETO,2.0,1,1,1,1,1,10.0,4,0,1,1,1,30.0,3,0,0,0,0,7.0,2,0,1,1,1
310,672,672,2025,47,1,4.0,4.0,True,2,CAMPINA DO BARRETO,25.0,2,0,0,0,0,5.0,4,1,1,1,1,1.0,1,1,1,1,1,4.0,4,1,1,1,1
310,674,674,2025,49,1,4.0,4.0,False,2,CAMPINA DO BARRETO,1.0,1,1,1,1,1,10.0,2,0,1,1,1,1.0,3,1,1,1,1,13.0,2,0,0,1,1
329,603,603,2024,30,1,5.0,5.0,False,2,ARRUDA,42.0,4,0,0,0,0,18.0,1,0,0,0,1,16.0,1,0,0,0,1,17.0,1,0,0,0,1
329,620,620,2024,47,1,3.0,3.0,False,2,ARRUDA,60.0,1,0,0,0,0,13.0,1,0,0,1,1,9.0,2,0,1,1,1,12.0,1,0,0,1,1
329,622,622,2024,49,1,2.0,2.0,False,2,ARRUDA,10.0,1,0,1,1,1,11.0,2,0,0,1,1,9.0,4,0,1,1,1,4.0,2,1,1,1,1
329,624,624,2024,51,1,3.0,3.0,True,2,ARRUDA,2.0,1,1,1,1,1,11.0,4,0,0,1,1,26.0,4,0,0,0,0,4.0,4,1,1,1,1
329,658,664,2025,33,7,42.0,9.0,False,2,ARRUDA,20.0,2,0,0,0,1,19.0,3,0,0,0,1,25.0,1,0,0,0,0,26.0,3,0,0,0,0
329,667,667,2025,42,1,3.0,3.0,True,2,ARRUDA,11.0,1,0,0,1,1,17.0,4,0,0,0,1,17.0,1,0,0,0,1,13.0,4,0,0,1,1
329,669,669,2025,44,1,4.0,4.0,False,2,ARRUDA,11.0,3,0,0,1,1,27.0,3,0,0,0,0,17.0,3,0,0,0,1,23.0,3,0,0,0,0
329,672,672,2025,47,1,3.0,3.0,False,2,ARRUDA,10.0,2,0,1,1,1,14.0,3,0,0,1,1,4.0,3,1,1,1,1,9.0,3,0,1,1,1
329,675,675,2025,50,1,2.0,2.0,False,2,ARRUDA,10.0,1,0,1,1,1,14.0,3,0,0,1,1,1.0,3,1,1,1,1,12.0,3,0,0,1,1
337,614,614,2024,41,1,6.0,6.0,False,2,AGUA FRIA,36.0,3,0,0,0,0,11.0,2,0,0,1,1,23.0,2,0,0,0,0,23.0,2,0,0,0,0
337,656,664,2025,31,9,153.0,25.0,False,2,AGUA FRIA,14.0,1,0,0,1,1,1.0,2,1,1,1,1,7.0,2,0,1,1,1,13.0,2,0,0,1,1
337,666,670,2025,41,5,59.0,13.0,True,2,AGUA FRIA,18.0,1,0,0,0,1,1.0,4,1,1,1,1,33.0,2,0,0,0,0,1.0,2,1,1,1,1
337,673,673,2025,48,1,9.0,9.0,True,2,AGUA FRIA,18.0,2,0,0,0,1,1.0,3,1,1,1,1,31.0,1,0,0,0,0,2.0,3,1,1,1,1
337,676,676,2025,51,1,5.0,5.0,False,2,AGUA FRIA,15.0,2,0,0,1,1,3.0,3,1,1,1,1,16.0,3,0,0,0,1,9.0,3,0,1,1,1
345,565,565,2023,44,1,2.0,2.0,False,2,FUNDAO,16.0,3,0,0,0,1,51.0,4,0,0,0,0,29.0,1,0,0,0,0,51.0,4,0,0,0,0
345,575,575,2024,2,1,2.0,2.0,False,2,FUNDAO,48.0,4,0,0,0,0,46.0,2,0,0,0,0,29.0,2,0,0,0,0,46.0,2,0,0,0,0
345,599,599,2024,26,1,3.0,3.0,False,2,FUNDAO,15.0,2,0,0,1,1,30.0,4,0,0,0,0,1.0,4,1,1,1,1,25.0,4,0,0,0,0
345,613,613,2024,40,1,2.0,2.0,False,2,FUNDAO,80.0,4,0,0,0,0,52.0,2,0,0,0,0,30.0,3,0,0,0,0,52.0,2,0,0,0,0
345,615,615,2024,42,1,1.0,1.0,False,2,FUNDAO,22.0,1,0,0,0,0,18.0,2,0,0,0,1,4.0,2,1,1,1,1,5.0,2,1,1,1,1
345,658,667,2025,33,10,32.0,7.0,False,2,FUNDAO,20.0,1,0,0,0,1,26.0,4,0,0,0,0,2.0,2,1,1,1,1,17.0,4,0,0,0,1
345,669,669,2025,44,1,5.0,5.0,True,2,FUNDAO,1.0,1,1,1,1,1,21.0,2,0,0,0,0,21.0,2,0,0,0,0,4.0,2,1,1,1,1
345,678,678,2025,53,1,2.0,2.0,False,2,FUNDAO,5.0,4,1,1,1,1,61.0,3,0,0,0,0,33.0,3,0,0,0,0,61.0,3,0,0,0,0
35,567,567,2023,46,1,2.0,2.0,False,1,SAO JOSE,48.0,1,0,0,0,0,19.0,2,0,0,0,1,12.0,2,0,0,1,1,18.0,1,0,0,0,1
35,581,581,2024,8,1,5.0,5.0,False,1,SAO JOSE,30.0,1,0,0,0,0,34.0,2,0,0,0,0,18.0,2,0,0,0,1,29.0,2,0,0,0,0
35,588,588,2024,15,1,3.0,3.0,False,1,SAO JOSE,1.0,1,1,1,1,1,39.0,4,0,0,0,0,28.0,2,0,0,0,0,43.0,2,0,0,0,0
35,621,621,2024,48,1,2.0,2.0,False,1,SAO JOSE,20.0,3,0,0,0,1,15.0,4,0,0,1,1,6.0,4,0,1,1,1,10.0,4,0,1,1,1
35,625,625,2024,52,1,2.0,2.0,True,1,SAO JOSE,20.0,3,0,0,0,1,15.0,4,0,0,1,1,2.0,4,1,1,1,1,7.0,4,0,1,1,1
35,649,649,2025,24,1,3.0,3.0,False,1,SAO JOSE,3.0,2,1,1,1,1,34.0,2,0,0,0,0,12.0,3,0,0,1,1,14.0,2,0,0,1,1
35,656,656,2025,31,1,3.0,3.0,False,1,SAO JOSE,20.0,4,0,0,0,1,26.0,4,0,0,0,0,5.0,1,1,1,1,1,12.0,4,0,0,1,1
35,668,668,2025,43,1,4.0,4.0,False,1,SAO JOSE,52.0,3,0,0,0,0,29.0,2,0,0,0,0,18.0,2,0,0,0,1,24.0,2,0,0,0,0
35,674,674,2025,49,1,2.0,2.0,False,1,SAO JOSE,17.0,2,0,0,0,1,26.0,1,0,0,0,0,8.0,3,0,1,1,1,22.0,1,0,0,0,0
353,569,569,2023,48,1,2.0,2.0,False,2,CAJUEIRO,18.0,3,0,0,0,1,26.0,3,0,0,0,0,13.0,3,0,0,1,1,10.0,3,0,1,1,1
353,625,625,2024,52,1,1.0,1.0,False,2,CAJUEIRO,39.0,4,0,0,0,0,24.0,2,0,0,0,0,9.0,4,0,1,1,1,18.0,2,0,0,0,1
353,656,656,2025,31,1,3.0,3.0,False,2,CAJUEIRO,16.0,4,0,0,0,1,32.0,1,0,0,0,0,6.0,1,0,1,1,1,20.0,1,0,0,0,1
353,660,661,2025,35,2,8.0,5.0,True,2,CAJUEIRO,25.0,1,0,0,0,0,25.0,4,0,0,0,0,6.0,2,0,1,1,1,11.0,4,0,0,1,1
353,663,664,2025,38,2,8.0,5.0,False,2,CAJUEIRO,20.0,1,0,0,0,1,20.0,2,0,0,0,1,18.0,2,0,0,0,1,8.0,2,0,1,1,1
353,667,668,2025,42,2,5.0,3.0,True,2,CAJUEIRO,4.0,2,1,1,1,1,21.0,4,0,0,0,0,2.0,4,1,1,1,1,11.0,4,0,0,1,1
353,673,674,2025,48,2,5.0,3.0,False,2,CAJUEIRO,1.0,4,1,1,1,1,49.0,4,0,0,0,0,35.0,2,0,0,0,0,45.0,4,0,0,0,0
353,678,678,2025,53,1,1.0,1.0,True,2,CAJUEIRO,4.0,3,1,1,1,1,22.0,4,0,0,0,0,66.0,3,0,0,0,0,14.0,4,0,0,1,1
361,581,581,2024,8,1,6.0,6.0,False,2,PORTO DA MADEIRA,8.0,2,0,1,1,1,27.0,4,0,0,0,0,13.0,4,0,0,1,1,7.0,4,0,1,1,1
361,654,654,2025,29,1,3.0,3.0,False,2,PORTO DA MADEIRA,3.0,3,1,1,1,1,16.0,3,0,0,0,1,4.0,1,1,1,1,1,6.0,3,0,1,1,1
361,656,658,2025,31,3,15.0,6.0,False,2,PORTO DA MADEIRA,7.0,2,0,1,1,1,19.0,2,0,0,0,1,4.0,3,1,1,1,1,9.0,2,0,1,1,1
361,660,661,2025,35,2,5.0,3.0,True,2,PORTO DA MADEIRA,1.0,1,1,1,1,1,12.0,4,0,0,1,1,7.0,4,0,1,1,1,1.0,4,1,1,1,1
361,664,664,2025,39,1,5.0,5.0,True,2,PORTO DA MADEIRA,2.0,2,1,1,1,1,32.0,4,0,0,0,0,12.0,4,0,0,1,1,10.0,4,0,1,1,1
361,668,668,2025,43,1,2.0,2.0,True,2,PORTO DA MADEIRA,8.0,1,0,1,1,1,17.0,4,0,0,0,1,1.0,4,1,1,1,1,3.0,4,1,1,1,1
361,670,670,2025,45,1,3.0,3.0,False,2,PORTO DA MADEIRA,8.0,3,0,1,1,1,28.0,2,0,0,0,0,14.0,2,0,0,1,1,11.0,2,0,0,1,1
370,556,556,2023,35,1,4.0,4.0,False,2,BEBERIBE,62.0,1,0,0,0,0,12.0,1,0,0,1,1,4.0,1,1,1,1,1,11.0,1,0,0,1,1
370,593,594,2024,20,2,10.0,6.0,False,2,BEBERIBE,22.0,2,0,0,0,0,10.0,1,0,1,1,1,1.0,1,1,1,1,1,5.0,1,1,1,1,1
370,615,615,2024,42,1,3.0,3.0,False,2,BEBERIBE,21.0,2,0,0,0,0,19.0,2,0,0,0,1,7.0,4,0,1,1,1,13.0,2,0,0,1,1
370,626,626,2025,1,1,5.0,5.0,False,2,BEBERIBE,68.0,4,0,0,0,0,18.0,1,0,0,0,1,7.0,1,0,1,1,1,23.0,1,0,0,0,0
370,653,654,2025,28,2,10.0,6.0,False,2,BEBERIBE,13.0,1,0,0,1,1,15.0,3,0,0,1,1,4.0,3,1,1,1,1,7.0,1,0,1,1,1
370,660,661,2025,35,2,12.0,8.0,False,2,BEBERIBE,1.0,4,1,1,1,1,31.0,1,0,0,0,0,34.0,2,0,0,0,0,30.0,4,0,0,0,0
370,663,664,2025,38,2,11.0,7.0,False,2,BEBERIBE,6.0,4,0,1,1,1,9.0,2,0,1,1,1,14.0,2,0,0,1,1,2.0,2,1,1,1,1
370,667,667,2025,42,1,5.0,5.0,True,2,BEBERIBE,3.0,2,1,1,1,1,14.0,4,0,0,1,1,1.0,4,1,1,1,1,4.0,4,1,1,1,1
370,673,673,2025,48,1,3.0,3.0,False,2,BEBERIBE,7.0,3,0,1,1,1,46.0,1,0,0,0,0,9.0,4,0,1,1,1,42.0,3,0,0,0,0
388,615,615,2024,42,1,4.0,4.0,False,2,LINHA DO TIRO,88.0,3,0,0,0,0,56.0,4,0,0,0,0,36.0,4,0,0,0,0,56.0,4,0,0,0,0
388,618,618,2024,45,1,3.0,3.0,False,2,LINHA DO TIRO,30.0,3,0,0,0,0,3.0,3,1,1,1,1,1.0,3,1,1,1,1,4.0,3,1,1,1,1
388,658,661,2025,33,4,25.0,8.0,False,2,LINHA DO TIRO,2.0,1,1,1,1,1,21.0,3,0,0,0,0,25.0,2,0,0,0,0,23.0,2,0,0,0,0
388,664,667,2025,39,4,19.0,7.0,True,2,LINHA DO TIRO,6.0,2,0,1,1,1,10.0,3,0,1,1,1,19.0,3,0,0,0,1,5.0,3,1,1,1,1
388,678,678,2025,53,1,3.0,3.0,False,2,LINHA DO TIRO,65.0,4,0,0,0,0,37.0,4,0,0,0,0,8.0,4,0,1,1,1,39.0,4,0,0,0,0
396,555,555,2023,34,1,7.0,7.0,False,2,DOIS UNIDOS,28.0,4,0,0,0,0,3.0,2,1,1,1,1,1.0,2,1,1,1,1,9.0,2,0,1,1,1
396,613,613,2024,40,1,4.0,4.0,False,2,DOIS UNIDOS,49.0,3,0,0,0,0,22.0,2,0,0,0,0,33.0,3,0,0,0,0,31.0,2,0,0,0,0
396,618,618,2024,45,1,9.0,9.0,False,2,DOIS UNIDOS,11.0,4,0,0,1,1,12.0,4,0,0,1,1,6.0,2,0,1,1,1,22.0,4,0,0,0,0
396,623,623,2024,50,1,6.0,6.0,False,2,DOIS UNIDOS,5.0,3,1,1,1,1,5.0,2,1,1,1,1,22.0,2,0,0,0,0,14.0,4,0,0,1,1
396,658,660,2025,33,3,29.0,15.0,False,2,DOIS UNIDOS,1.0,4,1,1,1,1,9.0,4,0,1,1,1,21.0,2,0,0,0,0,21.0,2,0,0,0,0
396,662,665,2025,37,4,23.0,7.0,True,2,DOIS UNIDOS,3.0,1,1,1,1,1,7.0,4,0,1,1,1,12.0,4,0,0,1,1,4.0,4,1,1,1,1
396,667,667,2025,42,1,7.0,7.0,True,2,DOIS UNIDOS,1.0,1,1,1,1,1,10.0,2,0,1,1,1,30.0,2,0,0,0,0,17.0,4,0,0,0,1
396,671,672,2025,46,2,15.0,8.0,True,2,DOIS UNIDOS,10.0,3,0,1,1,1,12.0,4,0,0,1,1,23.0,4,0,0,0,0,14.0,4,0,0,1,1
396,674,674,2025,49,1,6.0,6.0,False,2,DOIS UNIDOS,9.0,1,0,1,1,1,3.0,2,1,1,1,1,2.0,3,1,1,1,1,2.0,3,1,1,1,1
396,676,676,2025,51,1,4.0,4.0,True,2,DOIS UNIDOS,9.0,3,0,1,1,1,3.0,4,1,1,1,1,18.0,2,0,0,0,1,5.0,4,1,1,1,1
400,571,572,2023,50,2,5.0,3.0,False,3,PASSARINHO,11.0,3,0,0,1,1,14.0,3,0,0,1,1,24.0,3,0,0,0,0,6.0,3,0,1,1,1
400,584,584,2024,11,1,11.0,11.0,False,3,PASSARINHO,45.0,4,0,0,0,0,27.0,1,0,0,0,0,7.0,2,0,1,1,1,19.0,1,0,0,0,1
400,587,588,2024,14,2,16.0,9.0,False,3,PASSARINHO,10.0,2,0,1,1,1,19.0,3,0,0,0,1,28.0,3,0,0,0,0,11.0,3,0,0,1,1
400,597,597,2024,24,1,4.0,4.0,False,3,PASSARINHO,2.0,1,1,1,1,1,15.0,2,0,0,1,1,7.0,2,0,1,1,1,20.0,2,0,0,0,1
400,607,607,2024,34,1,5.0,5.0,False,3,PASSARINHO,5.0,1,1,1,1,1,12.0,4,0,0,1,1,5.0,4,1,1,1,1,12.0,4,0,0,1,1
400,618,619,2024,45,2,9.0,5.0,False,3,PASSARINHO,72.0,2,0,0,0,0,25.0,2,0,0,0,0,15.0,3,0,0,1,1,25.0,2,0,0,0,0
400,621,621,2024,48,1,3.0,3.0,False,3,PASSARINHO,8.0,1,0,1,1,1,5.0,2,1,1,1,1,1.0,3,1,1,1,1,3.0,2,1,1,1,1
400,623,623,2024,50,1,5.0,5.0,True,3,PASSARINHO,8.0,3,0,1,1,1,5.0,4,1,1,1,1,12.0,2,0,0,1,1,3.0,4,1,1,1,1
400,626,626,2025,1,1,3.0,3.0,False,3,PASSARINHO,4.0,1,1,1,1,1,4.0,3,1,1,1,1,5.0,3,1,1,1,1,2.0,3,1,1,1,1
400,639,639,2025,14,1,8.0,8.0,False,3,PASSARINHO,21.0,1,0,0,0,0,10.0,1,0,1,1,1,4.0,2,1,1,1,1,5.0,1,1,1,1,1
400,648,648,2025,23,1,5.0,5.0,False,3,PASSARINHO,13.0,3,0,0,1,1,20.0,1,0,0,0,1,20.0,1,0,0,0,1,11.0,1,0,0,1,1
400,650,650,2025,25,1,6.0,6.0,False,3,PASSARINHO,2.0,2,1,1,1,1,6.0,2,0,1,1,1,20.0,3,0,0,0,1,2.0,2,1,1,1,1
400,657,658,2025,32,2,10.0,5.0,False,3,PASSARINHO,4.0,4,1,1,1,1,15.0,4,0,0,1,1,24.0,1,0,0,0,0,21.0,4,0,0,0,0
400,660,660,2025,35,1,10.0,10.0,False,3,PASSARINHO,8.0,3,0,1,1,1,18.0,3,0,0,0,1,24.0,4,0,0,0,0,22.0,3,0,0,0,0
400,662,664,2025,37,3,17.0,7.0,True,3,PASSARINHO,1.0,1,1,1,1,1,5.0,2,1,1,1,1,1.0,2,1,1,1,1,3.0,2,1,1,1,1
418,581,581,2024,8,1,5.0,5.0,False,3,GUABIRABA,64.0,2,0,0,0,0,28.0,3,0,0,0,0,9.0,3,0,1,1,1,21.0,3,0,0,0,0
418,584,584,2024,11,1,7.0,7.0,False,3,GUABIRABA,22.0,1,0,0,0,0,33.0,3,0,0,0,0,12.0,4,0,0,1,1,11.0,3,0,0,1,1
418,598,598,2024,25,1,5.0,5.0,False,3,GUABIRABA,28.0,2,0,0,0,0,16.0,3,0,0,0,1,8.0,3,0,1,1,1,15.0,3,0,0,1,1
418,602,603,2024,29,2,7.0,4.0,True,3,GUABIRABA,2.0,2,1,1,1,1,14.0,4,0,0,1,1,17.0,4,0,0,0,1,12.0,4,0,0,1,1
418,607,607,2024,34,1,2.0,2.0,True,3,GUABIRABA,2.0,2,1,1,1,1,18.0,4,0,0,0,1,10.0,2,0,1,1,1,5.0,4,1,1,1,1
418,619,619,2024,46,1,3.0,3.0,False,3,GUABIRABA,46.0,4,0,0,0,0,59.0,3,0,0,0,0,42.0,3,0,0,0,0,59.0,3,0,0,0,0
418,625,626,2024,52,2,4.0,2.0,False,3,GUABIRABA,30.0,4,0,0,0,0,29.0,1,0,0,0,0,13.0,4,0,0,1,1,32.0,1,0,0,0,0
418,658,658,2025,33,1,3.0,3.0,False,3,GUABIRABA,15.0,1,0,0,1,1,35.0,2,0,0,0,0,19.0,2,0,0,0,1,24.0,2,0,0,0,0
418,660,660,2025,35,1,4.0,4.0,False,3,GUABIRABA,15.0,3,0,0,1,1,35.0,4,0,0,0,0,15.0,2,0,0,1,1,18.0,2,0,0,0,1
418,662,662,2025,37,1,2.0,2.0,True,3,GUABIRABA,5.0,1,1,1,1,1,28.0,2,0,0,0,0,2.0,2,1,1,1,1,4.0,2,1,1,1,1
418,664,665,2025,39,2,6.0,4.0,True,3,GUABIRABA,5.0,3,1,1,1,1,28.0,4,0,0,0,0,2.0,4,1,1,1,1,4.0,4,1,1,1,1
426,584,584,2024,11,1,7.0,7.0,False,2,BOMBA DO HEMETERIO,31.0,2,0,0,0,0,22.0,3,0,0,0,0,3.0,3,1,1,1,1,31.0,3,0,0,0,0
426,589,589,2024,16,1,4.0,4.0,False,2,BOMBA DO HEMETERIO,5.0,4,1,1,1,1,55.0,2,0,0,0,0,30.0,3,0,0,0,0,45.0,2,0,0,0,0
426,618,618,2024,45,1,3.0,3.0,False,2,BOMBA DO HEMETERIO,16.0,2,0,0,0,1,13.0,4,0,0,1,1,23.0,4,0,0,0,0,12.0,4,0,0,1,1
426,621,621,2024,48,1,3.0,3.0,False,2,BOMBA DO HEMETERIO,16.0,1,0,0,0,1,17.0,3,0,0,0,1,4.0,3,1,1,1,1,17.0,3,0,0,0,1
426,655,655,2025,30,1,4.0,4.0,False,2,BOMBA DO HEMETERIO,46.0,2,0,0,0,0,18.0,4,0,0,0,1,4.0,4,1,1,1,1,10.0,4,0,1,1,1
426,660,665,2025,35,6,24.0,6.0,False,2,BOMBA DO HEMETERIO,3.0,3,1,1,1,1,22.0,4,0,0,0,0,9.0,1,0,1,1,1,20.0,4,0,0,0,1
426,670,670,2025,45,1,6.0,6.0,False,2,BOMBA DO HEMETERIO,13.0,2,0,0,1,1,32.0,1,0,0,0,0,9.0,3,0,1,1,1,40.0,1,0,0,0,0
426,673,673,2025,48,1,4.0,4.0,False,2,BOMBA DO HEMETERIO,9.0,1,0,1,1,1,8.0,3,0,1,1,1,12.0,3,0,0,1,1,4.0,3,1,1,1,1
426,675,675,2025,50,1,4.0,4.0,False,2,BOMBA DO HEMETERIO,9.0,3,0,1,1,1,10.0,2,0,1,1,1,8.0,2,0,1,1,1,7.0,2,0,1,1,1
426,678,678,2025,53,1,3.0,3.0,False,2,BOMBA DO HEMETERIO,11.0,4,0,0,1,1,8.0,3,0,1,1,1,16.0,3,0,0,0,1,4.0,3,1,1,1,1
43,579,579,2024,6,1,4.0,4.0,False,1,ILHA JOANA BEZERRA,2.0,4,1,1,1,1,22.0,4,0,0,0,0,14.0,2,0,0,1,1,8.0,4,0,1,1,1
43,581,581,2024,8,1,9.0,9.0,False,1,ILHA JOANA BEZERRA,2.0,4,1,1,1,1,8.0,2,0,1,1,1,1.0,2,1,1,1,1,1.0,2,1,1,1,1
43,585,585,2024,12,1,8.0,8.0,True,1,ILHA JOANA BEZERRA,5.0,3,1,1,1,1,15.0,4,0,0,1,1,1.0,4,1,1,1,1,4.0,4,1,1,1,1
43,590,590,2024,17,1,4.0,4.0,False,1,ILHA JOANA BEZERRA,1.0,2,1,1,1,1,27.0,4,0,0,0,0,15.0,1,0,0,1,1,23.0,3,0,0,0,0
43,604,604,2024,31,1,5.0,5.0,False,1,ILHA JOANA BEZERRA,39.0,3,0,0,0,0,18.0,3,0,0,0,1,1.0,3,1,1,1,1,14.0,3,0,0,1,1
43,617,617,2024,44,1,4.0,4.0,False,1,ILHA JOANA BEZERRA,77.0,1,0,0,0,0,26.0,1,0,0,0,0,7.0,1,0,1,1,1,26.0,1,0,0,0,0
43,622,622,2024,49,1,4.0,4.0,False,1,ILHA JOANA BEZERRA,79.0,4,0,0,0,0,16.0,1,0,0,0,1,3.0,1,1,1,1,1,24.0,1,0,0,0,0
43,627,628,2025,2,2,4.0,2.0,False,1,ILHA JOANA BEZERRA,35.0,4,0,0,0,0,26.0,4,0,0,0,0,36.0,2,0,0,0,0,34.0,4,0,0,0,0
43,653,654,2025,28,2,12.0,6.0,False,1,ILHA JOANA BEZERRA,19.0,3,0,0,0,1,22.0,1,0,0,0,0,21.0,4,0,0,0,0,14.0,1,0,0,1,1
43,656,656,2025,31,1,5.0,5.0,False,1,ILHA JOANA BEZERRA,4.0,1,1,1,1,1,7.0,3,0,1,1,1,19.0,3,0,0,0,1,4.0,3,1,1,1,1
43,658,658,2025,33,1,13.0,13.0,True,1,ILHA JOANA BEZERRA,1.0,1,1,1,1,1,13.0,2,0,0,1,1,8.0,2,0,1,1,1,4.0,4,1,1,1,1
43,660,661,2025,35,2,11.0,6.0,True,1,ILHA JOANA BEZERRA,1.0,3,1,1,1,1,9.0,2,0,1,1,1,3.0,2,1,1,1,1,1.0,2,1,1,1,1
43,664,664,2025,39,1,5.0,5.0,True,1,ILHA JOANA BEZERRA,3.0,2,1,1,1,1,17.0,4,0,0,0,1,22.0,4,0,0,0,0,7.0,4,0,1,1,1
43,666,666,2025,41,1,4.0,4.0,False,1,ILHA JOANA BEZERRA,3.0,4,1,1,1,1,20.0,2,0,0,0,1,18.0,2,0,0,0,1,18.0,2,0,0,0,1
434,585,585,2024,12,1,15.0,15.0,False,3,CASA AMARELA,42.0,2,0,0,0,0,11.0,3,0,0,1,1,29.0,3,0,0,0,0,32.0,1,0,0,0,0
434,588,589,2024,15,2,22.0,12.0,False,3,CASA AMARELA,12.0,1,0,0,1,1,12.0,3,0,0,1,1,20.0,3,0,0,0,1,14.0,3,0,0,1,1
434,622,622,2024,49,1,5.0,5.0,False,3,CASA AMARELA,27.0,1,0,0,0,0,6.0,4,0,1,1,1,6.0,4,0,1,1,1,15.0,4,0,0,1,1
434,625,625,2024,52,1,5.0,5.0,False,3,CASA AMARELA,27.0,4,0,0,0,0,2.0,3,1,1,1,1,10.0,3,0,1,1,1,9.0,3,0,1,1,1
434,660,661,2025,35,2,17.0,9.0,False,3,CASA AMARELA,40.0,1,0,0,0,0,18.0,1,0,0,0,1,29.0,2,0,0,0,0,37.0,1,0,0,0,0
434,664,665,2025,39,2,11.0,6.0,True,3,CASA AMARELA,4.0,1,1,1,1,1,8.0,4,0,1,1,1,23.0,4,0,0,0,0,13.0,3,0,0,1,1
434,670,670,2025,45,1,9.0,9.0,False,3,CASA AMARELA,21.0,3,0,0,0,0,9.0,2,0,1,1,1,18.0,2,0,0,0,1,22.0,2,0,0,0,0
442,553,553,2023,32,1,2.0,2.0,False,3,CASA FORTE,55.0,4,0,0,0,0,55.0,3,0,0,0,0,35.0,3,0,0,0,0,55.0,3,0,0,0,0
442,591,591,2024,18,1,2.0,2.0,False,3,CASA FORTE,18.0,1,0,0,0,1,43.0,2,0,0,0,0,18.0,4,0,0,0,1,28.0,2,0,0,0,0
442,593,594,2024,20,2,5.0,3.0,False,3,CASA FORTE,18.0,3,0,0,0,1,38.0,2,0,0,0,0,3.0,2,1,1,1,1,6.0,2,0,1,1,1
442,618,619,2024,45,2,5.0,3.0,False,3,CASA FORTE,19.0,3,0,0,0,1,28.0,4,0,0,0,0,11.0,4,0,0,1,1,15.0,4,0,0,1,1
450,532,532,2023,11,1,1.0,1.0,False,3,SANTANA,5.0,3,1,1,1,1,47.0,3,0,0,0,0,33.0,3,0,0,0,0,47.0,3,0,0,0,0
450,553,553,2023,32,1,1.0,1.0,False,3,SANTANA,52.0,3,0,0,0,0,56.0,3,0,0,0,0,36.0,3,0,0,0,0,56.0,3,0,0,0,0
450,582,582,2024,9,1,3.0,3.0,False,3,SANTANA,11.0,1,0,0,1,1,65.0,4,0,0,0,0,42.0,4,0,0,0,0,52.0,1,0,0,0,0
450,588,588,2024,15,1,1.0,1.0,False,3,SANTANA,15.0,4,0,0,1,1,70.0,1,0,0,0,0,19.0,1,0,0,0,1,46.0,1,0,0,0,0
450,651,651,2025,26,1,2.0,2.0,False,3,SANTANA,35.0,3,0,0,0,0,47.0,2,0,0,0,0,22.0,3,0,0,0,0,15.0,3,0,0,1,1
450,659,659,2025,34,1,1.0,1.0,False,3,SANTANA,64.0,4,0,0,0,0,73.0,3,0,0,0,0,41.0,3,0,0,0,0,73.0,3,0,0,0,0
450,662,662,2025,37,1,1.0,1.0,False,3,SANTANA,74.0,3,0,0,0,0,55.0,3,0,0,0,0,11.0,3,0,0,1,1,20.0,3,0,0,0,1
450,664,664,2025,39,1,1.0,1.0,False,3,SANTANA,72.0,2,0,0,0,0,48.0,2,0,0,0,0,8.0,2,0,1,1,1,18.0,2,0,0,0,1
450,672,672,2025,47,1,2.0,2.0,False,3,SANTANA,59.0,3,0,0,0,0,66.0,1,0,0,0,0,31.0,4,0,0,0,0,66.0,1,0,0,0,0
469,557,557,2023,36,1,1.0,1.0,False,3,PARNAMIRIM,70.0,4,0,0,0,0,59.0,1,0,0,0,0,37.0,1,0,0,0,0,59.0,1,0,0,0,0
469,582,582,2024,9,1,2.0,2.0,False,3,PARNAMIRIM,9.0,2,0,1,1,1,44.0,2,0,0,0,0,13.0,2,0,0,1,1,9.0,2,0,1,1,1
469,584,584,2024,11,1,5.0,5.0,False,3,PARNAMIRIM,9.0,4,0,1,1,1,44.0,4,0,0,0,0,8.0,2,0,1,1,1,9.0,4,0,1,1,1
469,607,608,2024,34,2,2.0,1.0,False,3,PARNAMIRIM,42.0,4,0,0,0,0,35.0,4,0,0,0,0,13.0,4,0,0,1,1,16.0,4,0,0,0,1
469,611,611,2024,38,1,2.0,2.0,True,3,PARNAMIRIM,34.0,3,0,0,0,0,38.0,4,0,0,0,0,13.0,4,0,0,1,1,8.0,4,0,1,1,1
469,614,614,2024,41,1,1.0,1.0,False,3,PARNAMIRIM,16.0,2,0,0,0,1,11.0,3,0,0,1,1,3.0,3,1,1,1,1,1.0,3,1,1,1,1
469,622,622,2024,49,1,1.0,1.0,False,3,PARNAMIRIM,42.0,4,0,0,0,0,66.0,1,0,0,0,0,33.0,3,0,0,0,0,66.0,1,0,0,0,0
469,624,625,2024,51,2,4.0,3.0,False,3,PARNAMIRIM,37.0,2,0,0,0,0,35.0,2,0,0,0,0,12.0,2,0,0,1,1,4.0,2,1,1,1,1
469,630,630,2025,5,1,2.0,2.0,False,3,PARNAMIRIM,1.0,4,1,1,1,1,25.0,4,0,0,0,0,20.0,2,0,0,0,1,13.0,4,0,0,1,1
469,653,653,2025,28,1,2.0,2.0,False,3,PARNAMIRIM,57.0,2,0,0,0,0,45.0,1,0,0,0,0,23.0,1,0,0,0,0,25.0,1,0,0,0,0
469,655,655,2025,30,1,2.0,2.0,False,3,PARNAMIRIM,37.0,2,0,0,0,0,34.0,2,0,0,0,0,23.0,3,0,0,0,0,6.0,2,0,1,1,1
469,665,665,2025,40,1,1.0,1.0,False,3,PARNAMIRIM,79.0,4,0,0,0,0,71.0,3,0,0,0,0,34.0,3,0,0,0,0,71.0,3,0,0,0,0
469,667,667,2025,42,1,2.0,2.0,False,3,PARNAMIRIM,70.0,2,0,0,0,0,48.0,2,0,0,0,0,8.0,2,0,1,1,1,18.0,2,0,0,0,1
469,672,672,2025,47,1,2.0,2.0,False,3,PARNAMIRIM,36.0,3,0,0,0,0,67.0,1,0,0,0,0,39.0,1,0,0,0,0,67.0,1,0,0,0,0
477,581,582,2024,8,2,6.0,4.0,False,3,POCO,45.0,3,0,0,0,0,59.0,4,0,0,0,0,44.0,3,0,0,0,0,59.0,4,0,0,0,0
477,611,611,2024,38,1,1.0,1.0,False,3,POCO,62.0,4,0,0,0,0,69.0,2,0,0,0,0,39.0,2,0,0,0,0,69.0,2,0,0,0,0
477,614,614,2024,41,1,1.0,1.0,False,3,POCO,31.0,2,0,0,0,0,23.0,3,0,0,0,0,8.0,3,0,1,1,1,3.0,3,1,1,1,1
477,622,624,2024,49,3,4.0,2.0,False,3,POCO,28.0,4,0,0,0,0,67.0,1,0,0,0,0,34.0,3,0,0,0,0,67.0,1,0,0,0,0
477,636,636,2025,11,1,2.0,2.0,False,3,POCO,25.0,1,0,0,0,0,43.0,4,0,0,0,0,13.0,4,0,0,1,1,20.0,4,0,0,0,1
477,654,654,2025,29,1,2.0,2.0,False,3,POCO,55.0,3,0,0,0,0,66.0,3,0,0,0,0,36.0,4,0,0,0,0,66.0,3,0,0,0,0
477,663,664,2025,38,2,3.0,2.0,False,3,POCO,66.0,4,0,0,0,0,72.0,1,0,0,0,0,35.0,1,0,0,0,0,72.0,1,0,0,0,0
477,669,669,2025,44,1,1.0,1.0,False,3,POCO,44.0,4,0,0,0,0,76.0,1,0,0,0,0,32.0,1,0,0,0,0,76.0,1,0,0,0,0
485,570,570,2023,49,1,1.0,1.0,False,3,MONTEIRO,66.0,1,0,0,0,0,60.0,3,0,0,0,0,39.0,1,0,0,0,0,60.0,3,0,0,0,0
485,582,582,2024,9,1,5.0,5.0,False,3,MONTEIRO,34.0,2,0,0,0,0,68.0,4,0,0,0,0,45.0,4,0,0,0,0,68.0,4,0,0,0,0
485,585,585,2024,12,1,2.0,2.0,False,3,MONTEIRO,6.0,2,0,1,1,1,33.0,3,0,0,0,0,1.0,3,1,1,1,1,2.0,3,1,1,1,1
485,593,593,2024,20,1,1.0,1.0,False,3,MONTEIRO,20.0,2,0,0,0,1,57.0,3,0,0,0,0,10.0,4,0,1,1,1,32.0,3,0,0,0,0
485,602,602,2024,29,1,2.0,2.0,False,3,MONTEIRO,38.0,2,0,0,0,0,46.0,2,0,0,0,0,8.0,2,0,1,1,1,24.0,2,0,0,0,0
485,613,613,2024,40,1,1.0,1.0,False,3,MONTEIRO,59.0,4,0,0,0,0,64.0,2,0,0,0,0,40.0,4,0,0,0,0,64.0,2,0,0,0,0
485,621,621,2024,48,1,3.0,3.0,False,3,MONTEIRO,80.0,2,0,0,0,0,41.0,3,0,0,0,0,24.0,3,0,0,0,0,50.0,3,0,0,0,0
485,627,627,2025,2,1,1.0,1.0,False,3,MONTEIRO,11.0,3,0,0,1,1,58.0,1,0,0,0,0,38.0,2,0,0,0,0,58.0,1,0,0,0,0
485,634,634,2025,9,1,2.0,2.0,False,3,MONTEIRO,12.0,2,0,0,1,1,44.0,4,0,0,0,0,18.0,4,0,0,0,1,12.0,4,0,0,1,1
485,640,640,2025,15,1,4.0,4.0,False,3,MONTEIRO,3.0,2,1,1,1,1,43.0,4,0,0,0,0,33.0,4,0,0,0,0,9.0,4,0,1,1,1
485,663,663,2025,38,1,1.0,1.0,False,3,MONTEIRO,72.0,4,0,0,0,0,73.0,1,0,0,0,0,36.0,1,0,0,0,0,73.0,1,0,0,0,0
485,677,677,2025,52,1,1.0,1.0,False,3,MONTEIRO,77.0,2,0,0,0,0,66.0,2,0,0,0,0,39.0,2,0,0,0,0,66.0,2,0,0,0,0
493,584,584,2024,11,1,3.0,3.0,False,3,ALTO DO MANDU,11.0,1,0,0,1,1,22.0,4,0,0,0,0,23.0,4,0,0,0,0,21.0,4,0,0,0,0
493,586,586,2024,13,1,3.0,3.0,False,3,ALTO DO MANDU,11.0,3,0,0,1,1,55.0,2,0,0,0,0,16.0,2,0,0,0,1,29.0,2,0,0,0,0
493,590,590,2024,17,1,3.0,3.0,True,3,ALTO DO MANDU,3.0,2,1,1,1,1,38.0,4,0,0,0,0,11.0,1,0,0,1,1,14.0,4,0,0,1,1
493,608,608,2024,35,1,2.0,2.0,False,3,ALTO DO MANDU,13.0,1,0,0,1,1,67.0,3,0,0,0,0,45.0,4,0,0,0,0,67.0,3,0,0,0,0
493,616,617,2024,43,2,4.0,2.0,False,3,ALTO DO MANDU,32.0,1,0,0,0,0,29.0,4,0,0,0,0,16.0,1,0,0,0,1,21.0,4,0,0,0,0
493,622,622,2024,49,1,2.0,2.0,False,3,ALTO DO MANDU,1.0,4,1,1,1,1,34.0,1,0,0,0,0,18.0,2,0,0,0,1,22.0,2,0,0,0,0
493,658,658,2025,33,1,4.0,4.0,False,3,ALTO DO MANDU,78.0,2,0,0,0,0,76.0,2,0,0,0,0,43.0,2,0,0,0,0,76.0,2,0,0,0,0
493,660,660,2025,35,1,3.0,3.0,False,3,ALTO DO MANDU,8.0,1,0,1,1,1,28.0,2,0,0,0,0,1.0,2,1,1,1,1,9.0,2,0,1,1,1
493,664,664,2025,39,1,3.0,3.0,True,3,ALTO DO MANDU,8.0,3,0,1,1,1,34.0,4,0,0,0,0,14.0,4,0,0,1,1,11.0,4,0,0,1,1
493,670,670,2025,45,1,3.0,3.0,False,3,ALTO DO MANDU,25.0,3,0,0,0,0,30.0,2,0,0,0,0,9.0,4,0,1,1,1,30.0,2,0,0,0,0
493,675,675,2025,50,1,2.0,2.0,False,3,ALTO DO MANDU,8.0,3,0,1,1,1,25.0,1,0,0,0,0,3.0,1,1,1,1,1,22.0,4,0,0,0,0
507,558,558,2023,37,1,1.0,1.0,False,3,APIPUCOS,44.0,3,0,0,0,0,63.0,2,0,0,0,0,41.0,2,0,0,0,0,63.0,2,0,0,0,0
507,582,582,2024,9,1,5.0,5.0,False,3,APIPUCOS,3.0,2,1,1,1,1,45.0,2,0,0,0,0,14.0,2,0,0,1,1,10.0,2,0,1,1,1
507,584,584,2024,11,1,2.0,2.0,False,3,APIPUCOS,3.0,4,1,1,1,1,34.0,2,0,0,0,0,2.0,2,1,1,1,1,3.0,2,1,1,1,1
507,586,587,2024,13,2,7.0,4.0,True,3,APIPUCOS,5.0,3,1,1,1,1,34.0,4,0,0,0,0,2.0,4,1,1,1,1,3.0,4,1,1,1,1
507,606,606,2024,33,1,3.0,3.0,False,3,APIPUCOS,16.0,4,0,0,0,1,37.0,4,0,0,0,0,32.0,4,0,0,0,0,14.0,4,0,0,1,1
507,616,616,2024,43,1,1.0,1.0,False,3,APIPUCOS,28.0,2,0,0,0,0,31.0,2,0,0,0,0,14.0,2,0,0,1,1,16.0,2,0,0,0,1
507,657,659,2025,32,3,4.0,2.0,False,3,APIPUCOS,53.0,4,0,0,0,0,75.0,4,0,0,0,0,44.0,1,0,0,0,0,75.0,4,0,0,0,0
507,661,661,2025,36,1,1.0,1.0,True,3,APIPUCOS,50.0,2,0,0,0,0,53.0,3,0,0,0,0,15.0,4,0,0,1,1,21.0,2,0,0,0,0
507,665,665,2025,40,1,1.0,1.0,True,3,APIPUCOS,18.0,2,0,0,0,1,51.0,4,0,0,0,0,10.0,4,0,1,1,1,26.0,4,0,0,0,0
507,668,668,2025,43,1,2.0,2.0,False,3,APIPUCOS,12.0,2,0,0,1,1,42.0,2,0,0,0,0,10.0,3,0,1,1,1,28.0,3,0,0,0,0
51,582,582,2024,9,1,2.0,2.0,False,1,CABANGA,18.0,1,0,0,0,1,70.0,1,0,0,0,0,48.0,4,0,0,0,0,53.0,1,0,0,0,0
51,590,591,2024,17,2,2.0,1.0,False,1,CABANGA,17.0,4,0,0,0,1,84.0,4,0,0,0,0,33.0,4,0,0,0,0,84.0,4,0,0,0,0
51,593,594,2024,20,2,3.0,2.0,False,1,CABANGA,37.0,1,0,0,0,0,54.0,2,0,0,0,0,6.0,3,0,1,1,1,7.0,3,0,1,1,1
51,619,619,2024,46,1,1.0,1.0,False,1,CABANGA,51.0,3,0,0,0,0,66.0,3,0,0,0,0,48.0,3,0,0,0,0,66.0,3,0,0,0,0
51,644,644,2025,19,1,2.0,2.0,False,1,CABANGA,6.0,2,0,1,1,1,41.0,3,0,0,0,0,12.0,3,0,0,1,1,8.0,3,0,1,1,1
51,650,650,2025,25,1,1.0,1.0,False,1,CABANGA,5.0,3,1,1,1,1,71.0,4,0,0,0,0,46.0,3,0,0,0,0,71.0,4,0,0,0,0
51,656,657,2025,31,2,2.0,1.0,False,1,CABANGA,50.0,4,0,0,0,0,76.0,4,0,0,0,0,51.0,2,0,0,0,0,76.0,4,0,0,0,0
51,660,660,2025,35,1,1.0,1.0,True,1,CABANGA,34.0,3,0,0,0,0,47.0,4,0,0,0,0,10.0,4,0,1,1,1,15.0,4,0,0,1,1
51,664,664,2025,39,1,1.0,1.0,True,1,CABANGA,45.0,4,0,0,0,0,62.0,4,0,0,0,0,15.0,4,0,0,1,1,29.0,4,0,0,0,0
51,667,667,2025,42,1,1.0,1.0,False,1,CABANGA,49.0,3,0,0,0,0,58.0,3,0,0,0,0,20.0,3,0,0,0,1,33.0,3,0,0,0,0
515,570,570,2023,49,1,2.0,2.0,False,3,MANGABEIRA,48.0,3,0,0,0,0,64.0,3,0,0,0,0,43.0,1,0,0,0,0,64.0,3,0,0,0,0
515,598,598,2024,25,1,3.0,3.0,False,3,MANGABEIRA,36.0,4,0,0,0,0,52.0,2,0,0,0,0,19.0,2,0,0,0,1,38.0,2,0,0,0,0
515,610,610,2024,37,1,2.0,2.0,False,3,MANGABEIRA,81.0,4,0,0,0,0,70.0,4,0,0,0,0,43.0,1,0,0,0,0,70.0,4,0,0,0,0
515,657,661,2025,32,5,17.0,4.0,False,3,MANGABEIRA,18.0,2,0,0,0,1,32.0,3,0,0,0,0,29.0,3,0,0,0,0,18.0,3,0,0,0,1
515,667,668,2025,42,2,6.0,3.0,False,3,MANGABEIRA,13.0,4,0,0,1,1,43.0,1,0,0,0,0,21.0,3,0,0,0,0,43.0,1,0,0,0,0
515,675,676,2025,50,2,5.0,3.0,False,3,MANGABEIRA,18.0,2,0,0,0,1,42.0,2,0,0,0,0,16.0,3,0,0,0,1,40.0,2,0,0,0,0
523,584,589,2024,11,6,34.0,9.0,False,3,ALTO JOSE DO PINHO,43.0,1,0,0,0,0,40.0,1,0,0,0,0,4.0,1,1,1,1,1,28.0,1,0,0,0,0
523,618,618,2024,45,1,3.0,3.0,False,3,ALTO JOSE DO PINHO,26.0,2,0,0,0,0,18.0,1,0,0,0,1,7.0,1,0,1,1,1,11.0,1,0,0,1,1
523,620,620,2024,47,1,2.0,2.0,False,3,ALTO JOSE DO PINHO,14.0,1,0,0,1,1,18.0,3,0,0,0,1,7.0,3,0,1,1,1,11.0,3,0,0,1,1
523,655,655,2025,30,1,6.0,6.0,False,3,ALTO JOSE DO PINHO,2.0,1,1,1,1,1,20.0,4,0,0,0,1,37.0,3,0,0,0,0,7.0,4,0,1,1,1
523,657,657,2025,32,1,11.0,11.0,False,3,ALTO JOSE DO PINHO,2.0,3,1,1,1,1,10.0,2,0,1,1,1,10.0,2,0,1,1,1,3.0,2,1,1,1,1
523,659,662,2025,34,4,24.0,7.0,True,3,ALTO JOSE DO PINHO,1.0,1,1,1,1,1,5.0,2,1,1,1,1,3.0,2,1,1,1,1,2.0,2,1,1,1,1
523,664,664,2025,39,1,7.0,7.0,True,3,ALTO JOSE DO PINHO,2.0,1,1,1,1,1,7.0,2,0,1,1,1,21.0,2,0,0,0,0,5.0,2,1,1,1,1
523,667,667,2025,42,1,4.0,4.0,False,3,ALTO JOSE DO PINHO,2.0,4,1,1,1,1,13.0,3,0,0,1,1,22.0,3,0,0,0,0,9.0,3,0,1,1,1
523,669,675,2025,44,7,23.0,6.0,False,3,ALTO JOSE DO PINHO,5.0,4,1,1,1,1,22.0,3,0,0,0,0,43.0,2,0,0,0,0,21.0,3,0,0,0,0
531,582,582,2024,9,1,4.0,4.0,False,3,MORRO DA CONCEICAO,70.0,2,0,0,0,0,72.0,1,0,0,0,0,50.0,2,0,0,0,0,67.0,1,0,0,0,0
531,584,586,2024,11,3,13.0,6.0,False,3,MORRO DA CONCEICAO,23.0,1,0,0,0,0,40.0,2,0,0,0,0,15.0,2,0,0,1,1,18.0,2,0,0,0,1
531,624,624,2024,51,1,2.0,2.0,False,3,MORRO DA CONCEICAO,84.0,2,0,0,0,0,64.0,1,0,0,0,0,42.0,1,0,0,0,0,64.0,1,0,0,0,0
531,642,642,2025,17,1,5.0,5.0,False,3,MORRO DA CONCEICAO,14.0,3,0,0,1,1,40.0,3,0,0,0,0,43.0,3,0,0,0,0,26.0,3,0,0,0,0
531,658,665,2025,33,8,36.0,6.0,False,3,MORRO DA CONCEICAO,58.0,1,0,0,0,0,34.0,4,0,0,0,0,2.0,4,1,1,1,1,40.0,4,0,0,0,0
531,667,668,2025,42,2,9.0,5.0,True,3,MORRO DA CONCEICAO,6.0,1,0,1,1,1,19.0,4,0,0,0,1,33.0,2,0,0,0,0,6.0,2,0,1,1,1
531,670,671,2025,45,2,7.0,4.0,False,3,MORRO DA CONCEICAO,4.0,1,1,1,1,1,15.0,2,0,0,1,1,11.0,3,0,0,1,1,7.0,2,0,1,1,1
531,674,674,2025,49,1,3.0,3.0,True,3,MORRO DA CONCEICAO,14.0,2,0,0,1,1,14.0,3,0,0,1,1,22.0,4,0,0,0,0,1.0,3,1,1,1,1
531,676,676,2025,51,1,2.0,2.0,False,3,MORRO DA CONCEICAO,14.0,4,0,0,1,1,18.0,2,0,0,0,1,11.0,2,0,0,1,1,15.0,2,0,0,1,1
540,581,582,2024,8,2,10.0,5.0,False,3,ALTO JOSE BONIFACIO,47.0,4,0,0,0,0,23.0,1,0,0,0,0,5.0,1,1,1,1,1,15.0,1,0,0,1,1
540,584,585,2024,11,2,14.0,9.0,False,3,ALTO JOSE BONIFACIO,1.0,3,1,1,1,1,23.0,4,0,0,0,0,5.0,4,1,1,1,1,14.0,3,0,0,1,1
540,588,588,2024,15,1,6.0,6.0,True,3,ALTO JOSE BONIFACIO,1.0,2,1,1,1,1,20.0,3,0,0,0,1,12.0,3,0,0,1,1,4.0,3,1,1,1,1
540,624,624,2024,51,1,2.0,2.0,False,3,ALTO JOSE BONIFACIO,62.0,1,0,0,0,0,30.0,1,0,0,0,0,14.0,1,0,0,1,1,30.0,1,0,0,0,0
540,656,656,2025,31,1,5.0,5.0,False,3,ALTO JOSE BONIFACIO,15.0,1,0,0,1,1,16.0,2,0,0,0,1,7.0,4,0,1,1,1,23.0,2,0,0,0,0
540,658,659,2025,33,2,20.0,16.0,False,3,ALTO JOSE BONIFACIO,5.0,1,1,1,1,1,14.0,2,0,0,1,1,20.0,2,0,0,0,1,6.0,2,0,1,1,1
540,661,661,2025,36,1,4.0,4.0,False,3,ALTO JOSE BONIFACIO,1.0,1,1,1,1,1,4.0,2,1,1,1,1,2.0,2,1,1,1,1,1.0,2,1,1,1,1
540,670,670,2025,45,1,4.0,4.0,False,3,ALTO JOSE BONIFACIO,6.0,3,0,1,1,1,30.0,4,0,0,0,0,41.0,3,0,0,0,0,33.0,4,0,0,0,0
540,678,678,2025,53,1,3.0,3.0,False,3,ALTO JOSE BONIFACIO,52.0,4,0,0,0,0,70.0,3,0,0,0,0,43.0,3,0,0,0,0,70.0,3,0,0,0,0
558,584,588,2024,11,5,71.0,18.0,False,3,VASCO DA GAMA,24.0,1,0,0,0,0,5.0,4,1,1,1,1,25.0,2,0,0,0,0,17.0,1,0,0,0,1
558,618,618,2024,45,1,11.0,11.0,False,3,VASCO DA GAMA,64.0,1,0,0,0,0,9.0,1,0,1,1,1,3.0,3,1,1,1,1,24.0,3,0,0,0,0
558,663,663,2025,38,1,7.0,7.0,False,3,VASCO DA GAMA,10.0,2,0,1,1,1,16.0,4,0,0,0,1,44.0,4,0,0,0,0,35.0,4,0,0,0,0
558,667,667,2025,42,1,7.0,7.0,True,3,VASCO DA GAMA,15.0,3,0,0,1,1,11.0,1,0,0,1,1,10.0,4,0,1,1,1,18.0,1,0,0,0,1
558,669,669,2025,44,1,11.0,11.0,False,3,VASCO DA GAMA,18.0,1,0,0,0,1,11.0,3,0,0,1,1,23.0,3,0,0,0,0,18.0,3,0,0,0,1
558,671,674,2025,46,4,32.0,10.0,True,3,VASCO DA GAMA,13.0,1,0,0,1,1,4.0,2,1,1,1,1,11.0,2,0,0,1,1,4.0,2,1,1,1,1
566,572,572,2023,51,1,7.0,7.0,False,3,NOVA DESCOBERTA,59.0,4,0,0,0,0,2.0,4,1,1,1,1,9.0,4,0,1,1,1,14.0,4,0,0,1,1
566,584,585,2024,11,2,42.0,21.0,False,3,NOVA DESCOBERTA,44.0,1,0,0,0,0,9.0,2,0,1,1,1,13.0,2,0,0,1,1,34.0,1,0,0,0,0
566,587,590,2024,14,4,97.0,34.0,False,3,NOVA DESCOBERTA,44.0,4,0,0,0,0,6.0,2,0,1,1,1,40.0,3,0,0,0,0,18.0,2,0,0,0,1
566,616,616,2024,43,1,9.0,9.0,False,3,NOVA DESCOBERTA,6.0,1,0,1,1,1,1.0,1,1,1,1,1,5.0,4,1,1,1,1,8.0,1,0,1,1,1
566,618,618,2024,45,1,11.0,11.0,False,3,NOVA DESCOBERTA,6.0,3,0,1,1,1,1.0,3,1,1,1,1,23.0,2,0,0,0,0,1.0,2,1,1,1,1
566,621,621,2024,48,1,9.0,9.0,False,3,NOVA DESCOBERTA,7.0,4,0,1,1,1,2.0,3,1,1,1,1,5.0,3,1,1,1,1,8.0,3,0,1,1,1
566,623,624,2024,50,2,16.0,9.0,False,3,NOVA DESCOBERTA,18.0,4,0,0,0,1,1.0,2,1,1,1,1,21.0,2,0,0,0,0,2.0,2,1,1,1,1
566,644,644,2025,19,1,14.0,14.0,False,3,NOVA DESCOBERTA,11.0,4,0,0,1,1,1.0,3,1,1,1,1,20.0,3,0,0,0,1,4.0,3,1,1,1,1
566,658,661,2025,33,4,39.0,10.0,False,3,NOVA DESCOBERTA,19.0,2,0,0,0,1,8.0,3,0,1,1,1,25.0,4,0,0,0,0,22.0,3,0,0,0,0
566,663,664,2025,38,2,30.0,19.0,True,3,NOVA DESCOBERTA,21.0,1,0,0,0,0,6.0,2,0,1,1,1,27.0,2,0,0,0,0,16.0,2,0,0,0,1
566,671,671,2025,46,1,9.0,9.0,False,3,NOVA DESCOBERTA,26.0,2,0,0,0,0,3.0,1,1,1,1,1,13.0,1,0,0,1,1,20.0,1,0,0,0,1
574,525,525,2023,4,1,2.0,2.0,False,3,BREJO DE BEBERIBE,2.0,3,1,1,1,1,18.0,3,0,0,0,1,14.0,3,0,0,1,1,1.0,2,1,1,1,1
574,558,558,2023,37,1,2.0,2.0,False,3,BREJO DE BEBERIBE,39.0,2,0,0,0,0,69.0,2,0,0,0,0,46.0,2,0,0,0,0,69.0,2,0,0,0,0
574,580,580,2024,7,1,2.0,2.0,False,3,BREJO DE BEBERIBE,34.0,3,0,0,0,0,33.0,3,0,0,0,0,17.0,3,0,0,0,1,8.0,3,0,1,1,1
574,582,583,2024,9,2,7.0,5.0,False,3,BREJO DE BEBERIBE,12.0,2,0,0,1,1,24.0,2,0,0,0,0,6.0,2,0,1,1,1,3.0,2,1,1,1,1
574,588,588,2024,15,1,4.0,4.0,False,3,BREJO DE BEBERIBE,5.0,4,1,1,1,1,48.0,3,0,0,0,0,21.0,3,0,0,0,0,32.0,3,0,0,0,0
574,613,613,2024,40,1,2.0,2.0,False,3,BREJO DE BEBERIBE,39.0,3,0,0,0,0,69.0,2,0,0,0,0,45.0,2,0,0,0,0,69.0,2,0,0,0,0
574,617,617,2024,44,1,3.0,3.0,True,3,BREJO DE BEBERIBE,11.0,2,0,0,1,1,21.0,4,0,0,0,0,6.0,4,0,1,1,1,11.0,4,0,0,1,1
574,623,623,2024,50,1,3.0,3.0,False,3,BREJO DE BEBERIBE,3.0,4,1,1,1,1,29.0,4,0,0,0,0,38.0,4,0,0,0,0,19.0,4,0,0,0,1
574,629,629,2025,4,1,3.0,3.0,False,3,BREJO DE BEBERIBE,1.0,4,1,1,1,1,36.0,2,0,0,0,0,19.0,2,0,0,0,1,19.0,2,0,0,0,1
574,653,653,2025,28,1,3.0,3.0,False,3,BREJO DE BEBERIBE,3.0,3,1,1,1,1,44.0,3,0,0,0,0,39.0,3,0,0,0,0,27.0,3,0,0,0,0
574,670,670,2025,45,1,2.0,2.0,False,3,BREJO DE BEBERIBE,19.0,3,0,0,0,1,61.0,3,0,0,0,0,26.0,3,0,0,0,0,63.0,3,0,0,0,0
574,673,674,2025,48,2,5.0,3.0,False,3,BREJO DE BEBERIBE,7.0,2,0,1,1,1,31.0,3,0,0,0,0,5.0,3,1,1,1,1,13.0,3,0,0,1,1
582,584,584,2024,11,1,16.0,16.0,False,3,MACAXEIRA,70.0,1,0,0,0,0,25.0,4,0,0,0,0,3.0,2,1,1,1,1,44.0,4,0,0,0,0
582,586,586,2024,13,1,9.0,9.0,False,3,MACAXEIRA,19.0,1,0,0,0,1,12.0,2,0,0,1,1,1.0,2,1,1,1,1,14.0,2,0,0,1,1
582,588,588,2024,15,1,8.0,8.0,True,3,MACAXEIRA,18.0,1,0,0,0,1,12.0,4,0,0,1,1,1.0,4,1,1,1,1,10.0,2,0,1,1,1
582,590,590,2024,17,1,6.0,6.0,True,3,MACAXEIRA,12.0,1,0,0,1,1,13.0,4,0,0,1,1,7.0,2,0,1,1,1,10.0,4,0,1,1,1
582,597,597,2024,24,1,7.0,7.0,False,3,MACAXEIRA,23.0,1,0,0,0,0,33.0,2,0,0,0,0,32.0,3,0,0,0,0,33.0,3,0,0,0,0
582,608,608,2024,35,1,5.0,5.0,False,3,MACAXEIRA,44.0,2,0,0,0,0,19.0,2,0,0,0,1,19.0,2,0,0,0,1,18.0,2,0,0,0,1
582,616,616,2024,43,1,3.0,3.0,False,3,MACAXEIRA,1.0,4,1,1,1,1,31.0,4,0,0,0,0,48.0,2,0,0,0,0,27.0,4,0,0,0,0
582,656,657,2025,31,2,12.0,6.0,False,3,MACAXEIRA,14.0,4,0,0,1,1,17.0,2,0,0,0,1,6.0,2,0,1,1,1,22.0,2,0,0,0,0
582,659,659,2025,34,1,5.0,5.0,False,3,MACAXEIRA,16.0,1,0,0,0,1,10.0,3,0,1,1,1,1.0,3,1,1,1,1,13.0,3,0,0,1,1
582,662,663,2025,37,2,23.0,18.0,False,3,MACAXEIRA,6.0,2,0,1,1,1,20.0,3,0,0,0,1,11.0,1,0,0,1,1,17.0,3,0,0,0,1
582,665,665,2025,40,1,5.0,5.0,False,3,MACAXEIRA,1.0,1,1,1,1,1,1.0,2,1,1,1,1,6.0,2,0,1,1,1,1.0,2,1,1,1,1
582,667,667,2025,42,1,10.0,10.0,True,3,MACAXEIRA,1.0,3,1,1,1,1,1.0,4,1,1,1,1,6.0,4,0,1,1,1,1.0,4,1,1,1,1
582,669,669,2025,44,1,6.0,6.0,True,3,MACAXEIRA,2.0,3,1,1,1,1,7.0,2,0,1,1,1,5.0,2,1,1,1,1,1.0,2,1,1,1,1
582,671,672,2025,46,2,6.0,3.0,True,3,MACAXEIRA,3.0,1,1,1,1,1,7.0,4,0,1,1,1,5.0,4,1,1,1,1,1.0,4,1,1,1,1
590,563,563,2023,42,1,3.0,3.0,False,3,DOIS IRMAOS,55.0,4,0,0,0,0,70.0,3,0,0,0,0,50.0,4,0,0,0,0,70.0,3,0,0,0,0
590,567,567,2023,46,1,2.0,2.0,True,3,DOIS IRMAOS,10.0,3,0,1,1,1,12.0,4,0,0,1,1,5.0,4,1,1,1,1,3.0,4,1,1,1,1
590,585,585,2024,12,1,4.0,4.0,False,3,DOIS IRMAOS,46.0,3,0,0,0,0,42.0,3,0,0,0,0,31.0,3,0,0,0,0,43.0,3,0,0,0,0
590,600,600,2024,27,1,2.0,2.0,False,3,DOIS IRMAOS,61.0,1,0,0,0,0,47.0,1,0,0,0,0,17.0,1,0,0,0,1,33.0,1,0,0,0,0
590,602,602,2024,29,1,2.0,2.0,False,3,DOIS IRMAOS,42.0,2,0,0,0,0,31.0,2,0,0,0,0,17.0,3,0,0,0,1,4.0,2,1,1,1,1
590,649,649,2025,24,1,5.0,5.0,False,3,DOIS IRMAOS,36.0,3,0,0,0,0,37.0,2,0,0,0,0,15.0,2,0,0,1,1,32.0,2,0,0,0,0
590,658,660,2025,33,3,7.0,3.0,False,3,DOIS IRMAOS,25.0,3,0,0,0,0,54.0,4,0,0,0,0,15.0,4,0,0,1,1,33.0,3,0,0,0,0
590,665,665,2025,40,1,2.0,2.0,False,3,DOIS IRMAOS,6.0,4,0,1,1,1,53.0,4,0,0,0,0,46.0,1,0,0,0,0,49.0,4,0,0,0,0
590,667,667,2025,42,1,3.0,3.0,False,3,DOIS IRMAOS,32.0,4,0,0,0,0,36.0,2,0,0,0,0,2.0,2,1,1,1,1,19.0,2,0,0,0,1
60,666,667,2025,41,2,4.0,2.0,False,1,COELHOS,62.0,4,0,0,0,0,41.0,2,0,0,0,0,5.0,2,1,1,1,1,45.0,2,0,0,0,0
60,669,670,2025,44,2,8.0,5.0,False,1,COELHOS,12.0,1,0,0,1,1,32.0,3,0,0,0,0,5.0,3,1,1,1,1,11.0,3,0,0,1,1
604,554,555,2023,33,2,2.0,1.0,False,3,SITIO DOS PINTOS,54.0,2,0,0,0,0,70.0,4,0,0,0,0,44.0,4,0,0,0,0,70.0,4,0,0,0,0
604,584,584,2024,11,1,7.0,7.0,False,3,SITIO DOS PINTOS,65.0,4,0,0,0,0,73.0,3,0,0,0,0,14.0,1,0,0,1,1,64.0,3,0,0,0,0
604,586,586,2024,13,1,8.0,8.0,False,3,SITIO DOS PINTOS,3.0,1,1,1,1,1,33.0,2,0,0,0,0,2.0,2,1,1,1,1,20.0,2,0,0,0,1
604,588,588,2024,15,1,5.0,5.0,True,3,SITIO DOS PINTOS,3.0,3,1,1,1,1,17.0,2,0,0,0,1,2.0,4,1,1,1,1,6.0,2,0,1,1,1
604,598,598,2024,25,1,5.0,5.0,False,3,SITIO DOS PINTOS,47.0,1,0,0,0,0,37.0,2,0,0,0,0,9.0,2,0,1,1,1,26.0,2,0,0,0,0
604,600,600,2024,27,1,2.0,2.0,False,3,SITIO DOS PINTOS,1.0,1,1,1,1,1,15.0,2,0,0,1,1,5.0,2,1,1,1,1,4.0,2,1,1,1,1
604,604,604,2024,31,1,2.0,2.0,True,3,SITIO DOS PINTOS,1.0,3,1,1,1,1,32.0,4,0,0,0,0,19.0,4,0,0,0,1,8.0,4,0,1,1,1
604,642,642,2025,17,1,4.0,4.0,False,3,SITIO DOS PINTOS,31.0,2,0,0,0,0,28.0,3,0,0,0,0,7.0,4,0,1,1,1,15.0,3,0,0,1,1
604,651,651,2025,26,1,7.0,7.0,False,3,SITIO DOS PINTOS,18.0,1,0,0,0,1,33.0,3,0,0,0,0,10.0,3,0,1,1,1,30.0,3,0,0,0,0
604,654,654,2025,29,1,3.0,3.0,False,3,SITIO DOS PINTOS,1.0,2,1,1,1,1,3.0,3,1,1,1,1,1.0,3,1,1,1,1,1.0,3,1,1,1,1
604,658,658,2025,33,1,3.0,3.0,True,3,SITIO DOS PINTOS,3.0,3,1,1,1,1,21.0,4,0,0,0,0,17.0,4,0,0,0,1,11.0,4,0,0,1,1
604,660,661,2025,35,2,4.0,2.0,False,3,SITIO DOS PINTOS,3.0,1,1,1,1,1,41.0,2,0,0,0,0,17.0,3,0,0,0,1,15.0,2,0,0,1,1
604,665,669,2025,40,5,13.0,5.0,True,3,SITIO DOS PINTOS,7.0,2,0,1,1,1,43.0,4,0,0,0,0,23.0,1,0,0,0,0,28.0,4,0,0,0,0
604,673,673,2025,48,1,1.0,1.0,True,3,SITIO DOS PINTOS,1.0,3,1,1,1,1,23.0,4,0,0,0,0,27.0,4,0,0,0,0,6.0,4,0,1,1,1
612,572,572,2023,51,1,2.0,2.0,False,3,BREJO DA GUABIRABA,15.0,1,0,0,1,1,9.0,1,0,1,1,1,5.0,1,1,1,1,1,6.0,1,0,1,1,1
612,583,584,2024,10,2,15.0,8.0,False,3,BREJO DA GUABIRABA,19.0,1,0,0,0,1,43.0,1,0,0,0,0,16.0,2,0,0,0,1,35.0,1,0,0,0,0
612,587,588,2024,14,2,10.0,6.0,True,3,BREJO DA GUABIRABA,1.0,2,1,1,1,1,23.0,4,0,0,0,0,20.0,4,0,0,0,1,4.0,3,1,1,1,1
612,599,599,2024,26,1,4.0,4.0,False,3,BREJO DA GUABIRABA,65.0,4,0,0,0,0,34.0,4,0,0,0,0,21.0,4,0,0,0,0,23.0,4,0,0,0,0
612,607,608,2024,34,2,6.0,3.0,False,3,BREJO DA GUABIRABA,12.0,4,0,0,1,1,40.0,4,0,0,0,0,51.0,4,0,0,0,0,40.0,3,0,0,0,0
612,610,610,2024,37,1,3.0,3.0,False,3,BREJO DA GUABIRABA,5.0,1,1,1,1,1,17.0,3,0,0,0,1,2.0,3,1,1,1,1,9.0,3,0,1,1,1
612,627,627,2025,2,1,3.0,3.0,False,3,BREJO DA GUABIRABA,24.0,4,0,0,0,0,69.0,4,0,0,0,0,49.0,2,0,0,0,0,69.0,4,0,0,0,0
612,659,659,2025,34,1,4.0,4.0,False,3,BREJO DA GUABIRABA,11.0,1,0,0,1,1,23.0,4,0,0,0,0,1.0,4,1,1,1,1,27.0,4,0,0,0,0
612,662,663,2025,37,2,6.0,3.0,False,3,BREJO DA GUABIRABA,4.0,1,1,1,1,1,24.0,3,0,0,0,0,24.0,3,0,0,0,0,24.0,3,0,0,0,0
612,667,667,2025,42,1,3.0,3.0,True,3,BREJO DA GUABIRABA,1.0,2,1,1,1,1,28.0,4,0,0,0,0,53.0,4,0,0,0,0,16.0,4,0,0,0,1
612,670,670,2025,45,1,3.0,3.0,False,3,BREJO DA GUABIRABA,13.0,4,0,0,1,1,34.0,1,0,0,0,0,2.0,1,1,1,1,1,29.0,1,0,0,0,0
612,676,676,2025,51,1,5.0,5.0,False,3,BREJO DA GUABIRABA,18.0,4,0,0,0,1,23.0,1,0,0,0,0,12.0,2,0,0,1,1,19.0,1,0,0,0,1
620,554,554,2023,33,1,2.0,2.0,False,3,CORREGO DO JENIPAPO,43.0,4,0,0,0,0,72.0,4,0,0,0,0,46.0,4,0,0,0,0,72.0,4,0,0,0,0
620,615,615,2024,42,1,2.0,2.0,False,3,CORREGO DO JENIPAPO,51.0,3,0,0,0,0,33.0,3,0,0,0,0,15.0,3,0,0,1,1,15.0,3,0,0,1,1
620,617,617,2024,44,1,2.0,2.0,False,3,CORREGO DO JENIPAPO,13.0,1,0,0,1,1,21.0,2,0,0,0,0,5.0,2,1,1,1,1,6.0,2,0,1,1,1
620,664,664,2025,39,1,2.0,2.0,False,3,CORREGO DO JENIPAPO,35.0,2,0,0,0,0,51.0,2,0,0,0,0,11.0,2,0,0,1,1,41.0,2,0,0,0,0
647,589,589,2024,16,1,8.0,8.0,False,4,MADALENA,26.0,3,0,0,0,0,16.0,4,0,0,0,1,16.0,4,0,0,0,1,26.0,4,0,0,0,0
647,591,591,2024,18,1,6.0,6.0,False,4,MADALENA,10.0,1,0,1,1,1,17.0,2,0,0,0,1,26.0,2,0,0,0,0,21.0,2,0,0,0,0
647,627,628,2025,2,2,6.0,3.0,False,4,MADALENA,77.0,1,0,0,0,0,23.0,2,0,0,0,0,19.0,3,0,0,0,1,28.0,2,0,0,0,0
655,558,558,2023,37,1,3.0,3.0,False,4,TORRE,30.0,1,0,0,0,0,12.0,1,0,0,1,1,6.0,1,0,1,1,1,4.0,1,1,1,1,1
655,587,587,2024,14,1,8.0,8.0,False,4,TORRE,16.0,1,0,0,0,1,24.0,2,0,0,0,0,5.0,4,1,1,1,1,30.0,2,0,0,0,0
655,594,594,2024,21,1,9.0,9.0,False,4,TORRE,20.0,4,0,0,0,1,23.0,1,0,0,0,0,1.0,1,1,1,1,1,15.0,4,0,0,1,1
655,653,653,2025,28,1,4.0,4.0,False,4,TORRE,36.0,4,0,0,0,0,26.0,4,0,0,0,0,24.0,1,0,0,0,0,27.0,4,0,0,0,0
655,656,657,2025,31,2,11.0,6.0,False,4,TORRE,15.0,2,0,0,1,1,18.0,3,0,0,0,1,7.0,3,0,1,1,1,8.0,3,0,1,1,1
655,659,659,2025,34,1,3.0,3.0,False,4,TORRE,5.0,1,1,1,1,1,15.0,2,0,0,1,1,4.0,3,1,1,1,1,3.0,3,1,1,1,1
655,662,662,2025,37,1,3.0,3.0,False,4,TORRE,5.0,4,1,1,1,1,34.0,3,0,0,0,0,13.0,3,0,0,1,1,28.0,3,0,0,0,0
663,570,570,2023,49,1,2.0,2.0,False,4,PRADO,14.0,1,0,0,1,1,25.0,1,0,0,0,0,19.0,2,0,0,0,1,8.0,1,0,1,1,1
663,572,572,2023,51,1,1.0,1.0,False,4,PRADO,1.0,1,1,1,1,1,8.0,2,0,1,1,1,17.0,2,0,0,0,1,1.0,2,1,1,1,1
663,624,624,2024,51,1,2.0,2.0,False,4,PRADO,3.0,1,1,1,1,1,41.0,4,0,0,0,0,17.0,2,0,0,0,1,27.0,2,0,0,0,0
663,648,648,2025,23,1,3.0,3.0,False,4,PRADO,50.0,1,0,0,0,0,36.0,3,0,0,0,0,8.0,3,0,1,1,1,29.0,3,0,0,0,0
671,581,582,2024,8,2,9.0,5.0,False,4,ZUMBI,5.0,4,1,1,1,1,35.0,3,0,0,0,0,15.0,3,0,0,1,1,10.0,3,0,1,1,1
671,584,585,2024,11,2,15.0,10.0,False,4,ZUMBI,10.0,2,0,1,1,1,36.0,2,0,0,0,0,16.0,4,0,0,0,1,15.0,3,0,0,1,1
671,587,588,2024,14,2,8.0,5.0,False,4,ZUMBI,2.0,1,1,1,1,1,24.0,3,0,0,0,0,8.0,3,0,1,1,1,1.0,3,1,1,1,1
671,598,598,2024,25,1,3.0,3.0,False,4,ZUMBI,31.0,1,0,0,0,0,39.0,2,0,0,0,0,15.0,3,0,0,1,1,8.0,2,0,1,1,1
671,621,621,2024,48,1,2.0,2.0,False,4,ZUMBI,21.0,3,0,0,0,0,39.0,4,0,0,0,0,20.0,4,0,0,0,1,26.0,4,0,0,0,0
671,628,628,2025,3,1,2.0,2.0,False,4,ZUMBI,13.0,2,0,0,1,1,29.0,2,0,0,0,0,15.0,2,0,0,1,1,14.0,2,0,0,1,1
671,640,640,2025,15,1,3.0,3.0,False,4,ZUMBI,37.0,2,0,0,0,0,80.0,1,0,0,0,0,49.0,1,0,0,0,0,80.0,1,0,0,0,0
671,649,649,2025,24,1,3.0,3.0,False,4,ZUMBI,52.0,4,0,0,0,0,37.0,4,0,0,0,0,9.0,4,0,1,1,1,14.0,4,0,0,1,1
671,678,678,2025,53,1,1.0,1.0,False,4,ZUMBI,81.0,3,0,0,0,0,45.0,3,0,0,0,0,11.0,3,0,0,1,1,35.0,3,0,0,0,0
680,577,577,2024,4,1,4.0,4.0,False,4,CORDEIRO,57.0,1,0,0,0,0,15.0,3,0,0,1,1,9.0,3,0,1,1,1,14.0,3,0,0,1,1
680,609,609,2024,36,1,4.0,4.0,False,4,CORDEIRO,16.0,4,0,0,0,1,25.0,3,0,0,0,0,7.0,3,0,1,1,1,30.0,3,0,0,0,0
680,626,626,2025,1,1,3.0,3.0,False,4,CORDEIRO,31.0,2,0,0,0,0,4.0,2,1,1,1,1,25.0,2,0,0,0,0,14.0,2,0,0,1,1
680,629,629,2025,4,1,8.0,8.0,False,4,CORDEIRO,1.0,2,1,1,1,1,9.0,2,0,1,1,1,16.0,3,0,0,0,1,6.0,3,0,1,1,1
680,667,667,2025,42,1,6.0,6.0,False,4,CORDEIRO,22.0,4,0,0,0,0,33.0,3,0,0,0,0,35.0,3,0,0,0,0,57.0,4,0,0,0,0
698,598,598,2024,25,1,17.0,17.0,False,4,IPUTINGA,14.0,1,0,0,1,1,2.0,4,1,1,1,1,12.0,2,0,0,1,1,13.0,2,0,0,1,1
698,601,601,2024,28,1,12.0,12.0,False,4,IPUTINGA,4.0,2,1,1,1,1,3.0,4,1,1,1,1,25.0,1,0,0,0,0,9.0,3,0,1,1,1
698,603,603,2024,30,1,7.0,7.0,False,4,IPUTINGA,4.0,4,1,1,1,1,2.0,1,1,1,1,1,25.0,3,0,0,0,0,7.0,2,0,1,1,1
698,607,607,2024,34,1,9.0,9.0,True,4,IPUTINGA,1.0,3,1,1,1,1,4.0,4,1,1,1,1,1.0,1,1,1,1,1,2.0,4,1,1,1,1
698,613,613,2024,40,1,6.0,6.0,False,4,IPUTINGA,4.0,4,1,1,1,1,4.0,1,1,1,1,1,10.0,2,0,1,1,1,7.0,1,0,1,1,1
698,658,658,2025,33,1,16.0,16.0,False,4,IPUTINGA,9.0,3,0,1,1,1,11.0,3,0,0,1,1,24.0,4,0,0,0,0,18.0,3,0,0,0,1
698,666,666,2025,41,1,9.0,9.0,False,4,IPUTINGA,14.0,4,0,0,1,1,19.0,1,0,0,0,1,22.0,4,0,0,0,0,39.0,1,0,0,0,0
701,550,550,2023,29,1,9.0,9.0,False,4,TORROES,2.0,1,1,1,1,1,1.0,4,1,1,1,1,1.0,4,1,1,1,1,3.0,2,1,1,1,1
701,554,554,2023,33,1,6.0,6.0,True,4,TORROES,1.0,3,1,1,1,1,1.0,4,1,1,1,1,9.0,4,0,1,1,1,1.0,4,1,1,1,1
701,556,556,2023,35,1,6.0,6.0,False,4,TORROES,1.0,4,1,1,1,1,2.0,2,1,1,1,1,21.0,2,0,0,0,0,5.0,4,1,1,1,1
701,558,558,2023,37,1,10.0,10.0,True,4,TORROES,1.0,3,1,1,1,1,1.0,2,1,1,1,1,7.0,2,0,1,1,1,4.0,2,1,1,1,1
701,582,583,2024,9,2,31.0,19.0,False,4,TORROES,9.0,4,0,1,1,1,7.0,4,0,1,1,1,22.0,2,0,0,0,0,15.0,4,0,0,1,1
701,585,585,2024,12,1,15.0,15.0,False,4,TORROES,13.0,4,0,0,1,1,8.0,2,0,1,1,1,22.0,2,0,0,0,0,5.0,2,1,1,1,1
701,627,629,2025,2,3,20.0,8.0,False,4,TORROES,34.0,4,0,0,0,0,5.0,3,1,1,1,1,2.0,3,1,1,1,1,17.0,3,0,0,0,1
701,654,654,2025,29,1,8.0,8.0,False,4,TORROES,74.0,1,0,0,0,0,30.0,4,0,0,0,0,17.0,4,0,0,0,1,47.0,3,0,0,0,0
701,659,659,2025,34,1,8.0,8.0,False,4,TORROES,5.0,4,1,1,1,1,39.0,4,0,0,0,0,48.0,3,0,0,0,0,46.0,4,0,0,0,0
710,548,548,2023,27,1,3.0,3.0,False,4,ENGENHO DO MEIO,47.0,1,0,0,0,0,24.0,1,0,0,0,0,12.0,1,0,0,1,1,12.0,3,0,0,1,1
710,559,559,2023,38,1,2.0,2.0,False,4,ENGENHO DO MEIO,11.0,1,0,0,1,1,30.0,4,0,0,0,0,16.0,4,0,0,0,1,12.0,2,0,0,1,1
710,568,568,2023,47,1,2.0,2.0,False,4,ENGENHO DO MEIO,15.0,3,0,0,1,1,27.0,4,0,0,0,0,10.0,4,0,1,1,1,17.0,4,0,0,0,1
710,582,583,2024,9,2,23.0,14.0,False,4,ENGENHO DO MEIO,36.0,3,0,0,0,0,36.0,4,0,0,0,0,16.0,4,0,0,0,1,19.0,4,0,0,0,1
710,588,588,2024,15,1,8.0,8.0,False,4,ENGENHO DO MEIO,3.0,4,1,1,1,1,46.0,1,0,0,0,0,12.0,2,0,0,1,1,27.0,1,0,0,0,0
710,601,601,2024,28,1,4.0,4.0,False,4,ENGENHO DO MEIO,31.0,2,0,0,0,0,35.0,1,0,0,0,0,6.0,3,0,1,1,1,13.0,1,0,0,1,1
710,660,660,2025,35,1,3.0,3.0,False,4,ENGENHO DO MEIO,66.0,4,0,0,0,0,61.0,1,0,0,0,0,14.0,1,0,0,1,1,61.0,1,0,0,0,0
728,559,559,2023,38,1,1.0,1.0,False,4,CIDADE UNIVERSITARIA,47.0,1,0,0,0,0,78.0,2,0,0,0,0,54.0,3,0,0,0,0,78.0,2,0,0,0,0
728,582,584,2024,9,3,5.0,2.0,False,4,CIDADE UNIVERSITARIA,36.0,2,0,0,0,0,80.0,4,0,0,0,0,56.0,4,0,0,0,0,80.0,4,0,0,0,0
728,589,589,2024,16,1,2.0,2.0,False,4,CIDADE UNIVERSITARIA,17.0,4,0,0,0,1,75.0,1,0,0,0,0,23.0,1,0,0,0,0,55.0,1,0,0,0,0
728,619,619,2024,46,1,1.0,1.0,False,4,CIDADE UNIVERSITARIA,47.0,3,0,0,0,0,80.0,3,0,0,0,0,53.0,3,0,0,0,0,80.0,3,0,0,0,0
728,628,628,2025,3,1,1.0,1.0,False,4,CIDADE UNIVERSITARIA,34.0,3,0,0,0,0,76.0,2,0,0,0,0,55.0,3,0,0,0,0,76.0,2,0,0,0,0
728,660,660,2025,35,1,2.0,2.0,False,4,CIDADE UNIVERSITARIA,89.0,2,0,0,0,0,84.0,4,0,0,0,0,50.0,4,0,0,0,0,84.0,4,0,0,0,0
728,669,669,2025,44,1,1.0,1.0,False,4,CIDADE UNIVERSITARIA,60.0,2,0,0,0,0,85.0,4,0,0,0,0,38.0,1,0,0,0,0,85.0,4,0,0,0,0
736,588,588,2024,15,1,55.0,55.0,False,4,VARZEA,90.0,3,0,0,0,0,1.0,1,1,1,1,1,5.0,1,1,1,1,1,22.0,1,0,0,0,0
736,598,598,2024,25,1,18.0,18.0,False,4,VARZEA,91.0,1,0,0,0,0,1.0,1,1,1,1,1,8.0,1,0,1,1,1,15.0,1,0,0,1,1
736,600,601,2024,27,2,29.0,15.0,False,4,VARZEA,70.0,2,0,0,0,0,1.0,3,1,1,1,1,8.0,3,0,1,1,1,10.0,2,0,1,1,1
736,607,608,2024,34,2,15.0,9.0,False,4,VARZEA,68.0,4,0,0,0,0,4.0,3,1,1,1,1,18.0,3,0,0,0,1,5.0,3,1,1,1,1
736,612,612,2024,39,1,12.0,12.0,True,4,VARZEA,6.0,1,0,1,1,1,4.0,4,1,1,1,1,53.0,2,0,0,0,0,4.0,4,1,1,1,1
736,614,614,2024,41,1,7.0,7.0,False,4,VARZEA,6.0,3,0,1,1,1,1.0,2,1,1,1,1,1.0,2,1,1,1,1,1.0,2,1,1,1,1
736,626,626,2025,1,1,13.0,13.0,False,4,VARZEA,69.0,1,0,0,0,0,1.0,4,1,1,1,1,28.0,2,0,0,0,0,10.0,4,0,1,1,1
736,630,630,2025,5,1,11.0,11.0,True,4,VARZEA,84.0,2,0,0,0,0,1.0,4,1,1,1,1,4.0,4,1,1,1,1,3.0,4,1,1,1,1
736,649,649,2025,24,1,25.0,25.0,False,4,VARZEA,94.0,4,0,0,0,0,6.0,3,0,1,1,1,27.0,3,0,0,0,0,45.0,4,0,0,0,0
736,658,658,2025,33,1,9.0,9.0,False,4,VARZEA,85.0,4,0,0,0,0,11.0,4,0,0,1,1,26.0,4,0,0,0,0,27.0,2,0,0,0,0
736,660,661,2025,35,2,15.0,9.0,False,4,VARZEA,75.0,2,0,0,0,0,12.0,2,0,0,1,1,20.0,2,0,0,0,1,21.0,2,0,0,0,0
736,666,669,2025,41,4,54.0,22.0,False,4,VARZEA,12.0,3,0,0,1,1,20.0,1,0,0,0,1,36.0,2,0,0,0,0,28.0,4,0,0,0,0
744,554,554,2023,33,1,2.0,2.0,False,4,CAXANGA,10.0,4,0,1,1,1,30.0,2,0,0,0,0,18.0,2,0,0,0,1,6.0,2,0,1,1,1
744,558,558,2023,37,1,3.0,3.0,True,4,CAXANGA,2.0,2,1,1,1,1,18.0,4,0,0,0,1,7.0,4,0,1,1,1,3.0,4,1,1,1,1
744,560,560,2023,39,1,3.0,3.0,False,4,CAXANGA,2.0,4,1,1,1,1,8.0,2,0,1,1,1,4.0,2,1,1,1,1,1.0,2,1,1,1,1
744,582,582,2024,9,1,11.0,11.0,False,4,CAXANGA,22.0,1,0,0,0,0,15.0,3,0,0,1,1,4.0,1,1,1,1,1,13.0,3,0,0,1,1
744,587,591,2024,14,5,49.0,15.0,False,4,CAXANGA,15.0,4,0,0,1,1,36.0,4,0,0,0,0,38.0,1,0,0,0,0,50.0,4,0,0,0,0
744,598,598,2024,25,1,8.0,8.0,False,4,CAXANGA,34.0,3,0,0,0,0,35.0,1,0,0,0,0,11.0,4,0,0,1,1,40.0,1,0,0,0,0
744,600,601,2024,27,2,9.0,5.0,False,4,CAXANGA,2.0,1,1,1,1,1,8.0,2,0,1,1,1,7.0,2,0,1,1,1,5.0,2,1,1,1,1
744,603,603,2024,30,1,4.0,4.0,False,4,CAXANGA,1.0,1,1,1,1,1,9.0,3,0,1,1,1,12.0,3,0,0,1,1,1.0,3,1,1,1,1
744,605,605,2024,32,1,2.0,2.0,True,4,CAXANGA,1.0,3,1,1,1,1,15.0,2,0,0,1,1,9.0,2,0,1,1,1,1.0,2,1,1,1,1
744,614,616,2024,41,3,8.0,3.0,False,4,CAXANGA,20.0,4,0,0,0,1,31.0,3,0,0,0,0,12.0,3,0,0,1,1,18.0,3,0,0,0,1
744,618,618,2024,45,1,3.0,3.0,True,4,CAXANGA,2.0,1,1,1,1,1,8.0,2,0,1,1,1,3.0,4,1,1,1,1,1.0,3,1,1,1,1
744,622,622,2024,49,1,3.0,3.0,True,4,CAXANGA,2.0,1,1,1,1,1,21.0,4,0,0,0,0,17.0,1,0,0,0,1,12.0,4,0,0,1,1
744,625,625,2024,52,1,2.0,2.0,False,4,CAXANGA,2.0,4,1,1,1,1,9.0,3,0,1,1,1,17.0,4,0,0,0,1,2.0,3,1,1,1,1
744,649,649,2025,24,1,9.0,9.0,False,4,CAXANGA,28.0,3,0,0,0,0,22.0,2,0,0,0,0,7.0,2,0,1,1,1,21.0,2,0,0,0,0
744,658,658,2025,33,1,4.0,4.0,False,4,CAXANGA,10.0,3,0,1,1,1,37.0,4,0,0,0,0,5.0,4,1,1,1,1,24.0,3,0,0,0,0
744,660,660,2025,35,1,5.0,5.0,False,4,CAXANGA,11.0,1,0,0,1,1,33.0,2,0,0,0,0,2.0,2,1,1,1,1,7.0,2,0,1,1,1
744,667,667,2025,42,1,4.0,4.0,False,4,CAXANGA,17.0,4,0,0,0,1,50.0,1,0,0,0,0,14.0,1,0,0,1,1,53.0,1,0,0,0,0
744,675,675,2025,50,1,2.0,2.0,False,4,CAXANGA,10.0,2,0,1,1,1,56.0,3,0,0,0,0,20.0,3,0,0,0,1,40.0,3,0,0,0,0
752,524,524,2023,3,1,2.0,2.0,False,5,CURADO,1.0,1,1,1,1,1,24.0,1,0,0,0,0,13.0,1,0,0,1,1,2.0,1,1,1,1,1
752,549,549,2023,28,1,2.0,2.0,False,5,CURADO,59.0,4,0,0,0,0,22.0,3,0,0,0,0,11.0,3,0,0,1,1,5.0,3,1,1,1,1
752,552,552,2023,31,1,3.0,3.0,False,5,CURADO,4.0,2,1,1,1,1,21.0,3,0,0,0,0,9.0,3,0,1,1,1,3.0,3,1,1,1,1
752,558,558,2023,37,1,2.0,2.0,False,5,CURADO,7.0,4,0,1,1,1,32.0,3,0,0,0,0,17.0,3,0,0,0,1,13.0,1,0,0,1,1
752,560,561,2023,39,2,4.0,2.0,False,5,CURADO,8.0,4,0,1,1,1,17.0,2,0,0,0,1,19.0,3,0,0,0,1,4.0,2,1,1,1,1
752,563,563,2023,42,1,6.0,6.0,False,5,CURADO,4.0,2,1,1,1,1,11.0,3,0,0,1,1,2.0,3,1,1,1,1,4.0,3,1,1,1,1
752,565,565,2023,44,1,3.0,3.0,True,5,CURADO,4.0,4,1,1,1,1,1.0,2,1,1,1,1,1.0,2,1,1,1,1,1.0,2,1,1,1,1
752,570,570,2023,49,1,2.0,2.0,False,5,CURADO,2.0,4,1,1,1,1,80.0,1,0,0,0,0,56.0,3,0,0,0,0,80.0,1,0,0,0,0
752,584,586,2024,11,3,23.0,9.0,False,5,CURADO,5.0,4,1,1,1,1,26.0,4,0,0,0,0,30.0,1,0,0,0,0,5.0,4,1,1,1,1
752,588,592,2024,15,5,23.0,7.0,True,5,CURADO,3.0,1,1,1,1,1,21.0,3,0,0,0,0,18.0,4,0,0,0,1,4.0,2,1,1,1,1
752,594,596,2024,21,3,11.0,5.0,True,5,CURADO,1.0,1,1,1,1,1,21.0,3,0,0,0,0,18.0,3,0,0,0,1,1.0,2,1,1,1,1
752,598,598,2024,25,1,5.0,5.0,True,5,CURADO,2.0,1,1,1,1,1,18.0,4,0,0,0,1,2.0,4,1,1,1,1,3.0,4,1,1,1,1
752,601,603,2024,28,3,8.0,3.0,False,5,CURADO,2.0,4,1,1,1,1,16.0,3,0,0,0,1,8.0,3,0,1,1,1,3.0,3,1,1,1,1
752,608,608,2024,35,1,2.0,2.0,False,5,CURADO,4.0,2,1,1,1,1,21.0,3,0,0,0,0,4.0,3,1,1,1,1,7.0,3,0,1,1,1
752,620,620,2024,47,1,2.0,2.0,False,5,CURADO,24.0,4,0,0,0,0,36.0,1,0,0,0,0,10.0,1,0,1,1,1,21.0,1,0,0,0,0
752,622,622,2024,49,1,2.0,2.0,False,5,CURADO,4.0,1,1,1,1,1,20.0,2,0,0,0,1,10.0,3,0,1,1,1,6.0,2,0,1,1,1
752,627,628,2025,2,2,5.0,3.0,False,5,CURADO,4.0,4,1,1,1,1,27.0,2,0,0,0,0,10.0,2,0,1,1,1,16.0,2,0,0,0,1
752,631,631,2025,6,1,3.0,3.0,True,5,CURADO,4.0,2,1,1,1,1,12.0,3,0,0,1,1,11.0,4,0,0,1,1,2.0,3,1,1,1,1
752,657,658,2025,32,2,6.0,3.0,False,5,CURADO,32.0,4,0,0,0,0,41.0,2,0,0,0,0,24.0,2,0,0,0,0,25.0,2,0,0,0,0
752,660,660,2025,35,1,2.0,2.0,False,5,CURADO,13.0,1,0,0,1,1,34.0,3,0,0,0,0,37.0,3,0,0,0,0,20.0,3,0,0,0,1
752,668,668,2025,43,1,2.0,2.0,False,5,CURADO,10.0,1,0,1,1,1,51.0,2,0,0,0,0,15.0,2,0,0,1,1,37.0,2,0,0,0,0
760,538,538,2023,17,1,2.0,2.0,False,4,ILHA DO RETIRO,17.0,1,0,0,0,1,38.0,1,0,0,0,0,11.0,1,0,0,1,1,11.0,1,0,0,1,1
760,583,583,2024,10,1,3.0,3.0,False,4,ILHA DO RETIRO,22.0,1,0,0,0,0,61.0,2,0,0,0,0,36.0,2,0,0,0,0,45.0,2,0,0,0,0
760,592,592,2024,19,1,2.0,2.0,False,4,ILHA DO RETIRO,21.0,1,0,0,0,0,59.0,4,0,0,0,0,31.0,4,0,0,0,0,41.0,4,0,0,0,0
760,596,596,2024,23,1,2.0,2.0,True,4,ILHA DO RETIRO,26.0,3,0,0,0,0,33.0,4,0,0,0,0,5.0,4,1,1,1,1,8.0,4,0,1,1,1
760,609,609,2024,36,1,1.0,1.0,False,4,ILHA DO RETIRO,68.0,3,0,0,0,0,83.0,3,0,0,0,0,56.0,4,0,0,0,0,83.0,3,0,0,0,0
760,621,623,2024,48,3,3.0,1.0,False,4,ILHA DO RETIRO,22.0,4,0,0,0,0,85.0,4,0,0,0,0,46.0,2,0,0,0,0,85.0,4,0,0,0,0
760,648,648,2025,23,1,2.0,2.0,False,4,ILHA DO RETIRO,33.0,4,0,0,0,0,85.0,3,0,0,0,0,46.0,3,0,0,0,0,85.0,3,0,0,0,0
760,667,667,2025,42,1,1.0,1.0,False,4,ILHA DO RETIRO,66.0,4,0,0,0,0,87.0,3,0,0,0,0,43.0,2,0,0,0,0,87.0,3,0,0,0,0
760,671,671,2025,46,1,1.0,1.0,True,4,ILHA DO RETIRO,42.0,2,0,0,0,0,64.0,4,0,0,0,0,30.0,4,0,0,0,0,31.0,4,0,0,0,0
779,584,584,2024,11,1,18.0,18.0,False,5,AFOGADOS,48.0,2,0,0,0,0,12.0,2,0,0,1,1,2.0,3,1,1,1,1,28.0,2,0,0,0,0
779,587,587,2024,14,1,17.0,17.0,False,5,AFOGADOS,35.0,2,0,0,0,0,9.0,3,0,1,1,1,19.0,1,0,0,0,1,27.0,3,0,0,0,0
779,589,590,2024,16,2,28.0,15.0,False,5,AFOGADOS,24.0,1,0,0,0,0,6.0,2,0,1,1,1,19.0,3,0,0,0,1,17.0,2,0,0,0,1
779,594,594,2024,21,1,9.0,9.0,True,5,AFOGADOS,27.0,1,0,0,0,0,7.0,4,0,1,1,1,7.0,1,0,1,1,1,1.0,4,1,1,1,1
779,596,597,2024,23,2,20.0,10.0,False,5,AFOGADOS,6.0,2,0,1,1,1,8.0,2,0,1,1,1,7.0,3,0,1,1,1,10.0,2,0,1,1,1
779,600,600,2024,27,1,7.0,7.0,True,5,AFOGADOS,1.0,2,1,1,1,1,4.0,4,1,1,1,1,20.0,1,0,0,0,1,1.0,3,1,1,1,1
779,603,603,2024,30,1,7.0,7.0,False,5,AFOGADOS,7.0,3,0,1,1,1,6.0,1,0,1,1,1,15.0,1,0,0,1,1,6.0,3,0,1,1,1
779,608,608,2024,35,1,6.0,6.0,False,5,AFOGADOS,1.0,3,1,1,1,1,9.0,4,0,1,1,1,30.0,2,0,0,0,0,7.0,4,0,1,1,1
779,626,626,2025,1,1,4.0,4.0,False,5,AFOGADOS,90.0,4,0,0,0,0,79.0,3,0,0,0,0,53.0,3,0,0,0,0,79.0,3,0,0,0,0
779,663,663,2025,38,1,6.0,6.0,False,5,AFOGADOS,10.0,3,0,1,1,1,23.0,1,0,0,0,0,20.0,2,0,0,0,1,33.0,1,0,0,0,0
779,674,674,2025,49,1,5.0,5.0,False,5,AFOGADOS,82.0,4,0,0,0,0,19.0,4,0,0,0,1,24.0,1,0,0,0,0,28.0,1,0,0,0,0
78,538,538,2023,17,1,1.0,1.0,False,1,ILHA DO LEITE,1.0,2,1,1,1,1,43.0,2,0,0,0,0,24.0,4,0,0,0,0,5.0,2,1,1,1,1
78,553,554,2023,32,2,2.0,1.0,False,1,ILHA DO LEITE,37.0,2,0,0,0,0,82.0,2,0,0,0,0,54.0,3,0,0,0,0,82.0,2,0,0,0,0
78,562,562,2023,41,1,1.0,1.0,False,1,ILHA DO LEITE,24.0,4,0,0,0,0,83.0,2,0,0,0,0,57.0,3,0,0,0,0,83.0,2,0,0,0,0
78,564,564,2023,43,1,1.0,1.0,False,1,ILHA DO LEITE,18.0,1,0,0,0,1,28.0,2,0,0,0,0,13.0,2,0,0,1,1,2.0,2,1,1,1,1
78,592,593,2024,19,2,2.0,1.0,False,1,ILHA DO LEITE,74.0,4,0,0,0,0,90.0,3,0,0,0,0,38.0,3,0,0,0,0,90.0,3,0,0,0,0
78,615,615,2024,42,1,1.0,1.0,False,1,ILHA DO LEITE,54.0,2,0,0,0,0,82.0,2,0,0,0,0,56.0,4,0,0,0,0,82.0,2,0,0,0,0
78,619,619,2024,46,1,1.0,1.0,True,1,ILHA DO LEITE,13.0,1,0,0,1,1,46.0,4,0,0,0,0,23.0,4,0,0,0,0,7.0,4,0,1,1,1
78,646,646,2025,21,1,1.0,1.0,False,1,ILHA DO LEITE,43.0,4,0,0,0,0,86.0,3,0,0,0,0,45.0,3,0,0,0,0,86.0,3,0,0,0,0
78,649,649,2025,24,1,1.0,1.0,False,1,ILHA DO LEITE,18.0,2,0,0,0,1,42.0,3,0,0,0,0,18.0,3,0,0,0,1,1.0,3,1,1,1,1
78,653,653,2025,28,1,1.0,1.0,True,1,ILHA DO LEITE,35.0,4,0,0,0,0,56.0,4,0,0,0,0,26.0,4,0,0,0,0,9.0,4,0,1,1,1
78,657,657,2025,32,1,2.0,2.0,True,1,ILHA DO LEITE,42.0,4,0,0,0,0,55.0,4,0,0,0,0,16.0,4,0,0,0,1,9.0,4,0,1,1,1
787,583,583,2024,10,1,7.0,7.0,False,5,MUSTARDINHA,43.0,4,0,0,0,0,45.0,4,0,0,0,0,16.0,1,0,0,0,1,25.0,4,0,0,0,0
787,602,602,2024,29,1,3.0,3.0,False,5,MUSTARDINHA,83.0,4,0,0,0,0,56.0,4,0,0,0,0,19.0,1,0,0,0,1,50.0,1,0,0,0,0
787,608,608,2024,35,1,3.0,3.0,False,5,MUSTARDINHA,12.0,3,0,0,1,1,43.0,4,0,0,0,0,18.0,1,0,0,0,1,32.0,4,0,0,0,0
787,620,620,2024,47,1,3.0,3.0,False,5,MUSTARDINHA,27.0,3,0,0,0,0,26.0,3,0,0,0,0,13.0,4,0,0,1,1,20.0,3,0,0,0,1
787,631,631,2025,6,1,3.0,3.0,False,5,MUSTARDINHA,9.0,1,0,1,1,1,28.0,1,0,0,0,0,24.0,4,0,0,0,0,7.0,1,0,1,1,1
787,648,648,2025,23,1,4.0,4.0,False,5,MUSTARDINHA,52.0,2,0,0,0,0,41.0,3,0,0,0,0,10.0,3,0,1,1,1,24.0,3,0,0,0,0
787,663,663,2025,38,1,4.0,4.0,False,5,MUSTARDINHA,7.0,3,0,1,1,1,46.0,4,0,0,0,0,46.0,1,0,0,0,0,41.0,4,0,0,0,0
787,670,670,2025,45,1,5.0,5.0,False,5,MUSTARDINHA,25.0,4,0,0,0,0,38.0,1,0,0,0,0,25.0,1,0,0,0,0,33.0,1,0,0,0,0
795,581,581,2024,8,1,7.0,7.0,False,5,MANGUEIRA,7.0,1,0,1,1,1,18.0,1,0,0,0,1,17.0,1,0,0,0,1,6.0,1,0,1,1,1
795,589,589,2024,16,1,5.0,5.0,False,5,MANGUEIRA,3.0,3,1,1,1,1,50.0,4,0,0,0,0,49.0,4,0,0,0,0,42.0,4,0,0,0,0
795,652,652,2025,27,1,2.0,2.0,False,5,MANGUEIRA,6.0,3,0,1,1,1,51.0,2,0,0,0,0,30.0,4,0,0,0,0,28.0,2,0,0,0,0
795,655,655,2025,30,1,3.0,3.0,False,5,MANGUEIRA,6.0,2,0,1,1,1,31.0,3,0,0,0,0,8.0,3,0,1,1,1,2.0,3,1,1,1,1
795,657,657,2025,32,1,3.0,3.0,False,5,MANGUEIRA,5.0,1,1,1,1,1,25.0,2,0,0,0,0,15.0,2,0,0,1,1,4.0,2,1,1,1,1
795,659,660,2025,34,2,4.0,2.0,True,5,MANGUEIRA,5.0,3,1,1,1,1,25.0,4,0,0,0,0,15.0,4,0,0,1,1,4.0,4,1,1,1,1
809,536,536,2023,15,1,3.0,3.0,False,5,BONGI,28.0,1,0,0,0,0,35.0,1,0,0,0,0,6.0,1,0,1,1,1,15.0,1,0,0,1,1
809,553,553,2023,32,1,3.0,3.0,False,5,BONGI,37.0,4,0,0,0,0,84.0,2,0,0,0,0,56.0,3,0,0,0,0,84.0,2,0,0,0,0
809,578,578,2024,5,1,3.0,3.0,False,5,BONGI,34.0,4,0,0,0,0,82.0,3,0,0,0,0,61.0,2,0,0,0,0,82.0,3,0,0,0,0
809,585,586,2024,12,2,10.0,6.0,False,5,BONGI,17.0,1,0,0,0,1,37.0,3,0,0,0,0,18.0,4,0,0,0,1,41.0,3,0,0,0,0
809,588,589,2024,15,2,13.0,7.0,False,5,BONGI,2.0,1,1,1,1,1,31.0,3,0,0,0,0,19.0,3,0,0,0,1,16.0,2,0,0,0,1
809,606,606,2024,33,1,2.0,2.0,False,5,BONGI,21.0,2,0,0,0,0,44.0,3,0,0,0,0,15.0,3,0,0,1,1,33.0,3,0,0,0,0
809,608,608,2024,35,1,3.0,3.0,False,5,BONGI,1.0,1,1,1,1,1,28.0,2,0,0,0,0,8.0,2,0,1,1,1,3.0,2,1,1,1,1
809,619,619,2024,46,1,2.0,2.0,False,5,BONGI,3.0,1,1,1,1,1,23.0,4,0,0,0,0,22.0,2,0,0,0,0,11.0,4,0,0,1,1
809,661,661,2025,36,1,6.0,6.0,False,5,BONGI,34.0,1,0,0,0,0,48.0,2,0,0,0,0,5.0,2,1,1,1,1,42.0,2,0,0,0,0
809,667,667,2025,42,1,3.0,3.0,False,5,BONGI,39.0,4,0,0,0,0,38.0,2,0,0,0,0,3.0,2,1,1,1,1,35.0,2,0,0,0,0
817,556,556,2023,35,1,4.0,4.0,False,5,SAN MARTIN,13.0,2,0,0,1,1,10.0,3,0,1,1,1,20.0,3,0,0,0,1,8.0,3,0,1,1,1
817,562,563,2023,41,2,10.0,6.0,False,5,SAN MARTIN,7.0,3,0,1,1,1,7.0,3,0,1,1,1,5.0,4,1,1,1,1,6.0,3,0,1,1,1
817,581,581,2024,8,1,11.0,11.0,False,5,SAN MARTIN,29.0,2,0,0,0,0,26.0,2,0,0,0,0,10.0,2,0,1,1,1,15.0,2,0,0,1,1
817,583,583,2024,10,1,18.0,18.0,False,5,SAN MARTIN,29.0,4,0,0,0,0,10.0,2,0,1,1,1,10.0,4,0,1,1,1,15.0,4,0,0,1,1
817,585,585,2024,12,1,11.0,11.0,True,5,SAN MARTIN,30.0,1,0,0,0,0,9.0,2,0,1,1,1,6.0,2,0,1,1,1,7.0,2,0,1,1,1
817,587,587,2024,14,1,8.0,8.0,True,5,SAN MARTIN,9.0,1,0,1,1,1,9.0,4,0,1,1,1,6.0,4,0,1,1,1,7.0,4,0,1,1,1
817,597,597,2024,24,1,8.0,8.0,False,5,SAN MARTIN,16.0,4,0,0,0,1,25.0,4,0,0,0,0,3.0,1,1,1,1,1,34.0,1,0,0,0,0
817,627,627,2025,2,1,6.0,6.0,False,5,SAN MARTIN,5.0,2,1,1,1,1,7.0,2,0,1,1,1,7.0,3,0,1,1,1,10.0,2,0,1,1,1
817,629,629,2025,4,1,4.0,4.0,False,5,SAN MARTIN,5.0,4,1,1,1,1,5.0,2,1,1,1,1,6.0,2,0,1,1,1,2.0,2,1,1,1,1
817,631,631,2025,6,1,7.0,7.0,True,5,SAN MARTIN,3.0,1,1,1,1,1,5.0,4,1,1,1,1,6.0,4,0,1,1,1,2.0,4,1,1,1,1
817,658,663,2025,33,6,34.0,7.0,False,5,SAN MARTIN,33.0,4,0,0,0,0,39.0,4,0,0,0,0,60.0,4,0,0,0,0,29.0,4,0,0,0,0
817,665,665,2025,40,1,5.0,5.0,True,5,SAN MARTIN,5.0,1,1,1,1,1,9.0,3,0,1,1,1,22.0,4,0,0,0,0,6.0,3,0,1,1,1
825,568,568,2023,47,1,2.0,2.0,False,5,JIQUIA,9.0,3,0,1,1,1,29.0,3,0,0,0,0,18.0,3,0,0,0,1,7.0,3,0,1,1,1
825,579,579,2024,6,1,2.0,2.0,False,5,JIQUIA,2.0,3,1,1,1,1,28.0,3,0,0,0,0,15.0,3,0,0,1,1,7.0,3,0,1,1,1
825,581,582,2024,8,2,10.0,6.0,False,5,JIQUIA,2.0,1,1,1,1,1,27.0,2,0,0,0,0,11.0,2,0,0,1,1,6.0,2,0,1,1,1
825,584,584,2024,11,1,5.0,5.0,False,5,JIQUIA,2.0,4,1,1,1,1,30.0,2,0,0,0,0,39.0,2,0,0,0,0,8.0,2,0,1,1,1
825,603,603,2024,30,1,3.0,3.0,False,5,JIQUIA,55.0,4,0,0,0,0,22.0,1,0,0,0,0,4.0,1,1,1,1,1,11.0,1,0,0,1,1
825,605,605,2024,32,1,3.0,3.0,False,5,JIQUIA,14.0,1,0,0,1,1,21.0,2,0,0,0,0,4.0,3,1,1,1,1,8.0,2,0,1,1,1
825,609,609,2024,36,1,2.0,2.0,True,5,JIQUIA,25.0,3,0,0,0,0,13.0,4,0,0,1,1,18.0,4,0,0,0,1,4.0,4,1,1,1,1
825,630,630,2025,5,1,2.0,2.0,False,5,JIQUIA,5.0,1,1,1,1,1,37.0,1,0,0,0,0,26.0,3,0,0,0,0,14.0,1,0,0,1,1
825,647,647,2025,22,1,3.0,3.0,False,5,JIQUIA,14.0,1,0,0,1,1,28.0,1,0,0,0,0,28.0,1,0,0,0,0,6.0,1,0,1,1,1
825,658,658,2025,33,1,3.0,3.0,False,5,JIQUIA,57.0,2,0,0,0,0,62.0,3,0,0,0,0,17.0,3,0,0,0,1,56.0,3,0,0,0,0
825,664,665,2025,39,2,5.0,3.0,False,5,JIQUIA,19.0,3,0,0,0,1,57.0,4,0,0,0,0,26.0,4,0,0,0,0,51.0,4,0,0,0,0
825,667,667,2025,42,1,2.0,2.0,False,5,JIQUIA,46.0,1,0,0,0,0,27.0,2,0,0,0,0,7.0,3,0,1,1,1,4.0,2,1,1,1,1
825,671,671,2025,46,1,2.0,2.0,True,5,JIQUIA,5.0,2,1,1,1,1,48.0,4,0,0,0,0,12.0,4,0,0,1,1,33.0,4,0,0,0,0
825,674,675,2025,49,2,6.0,4.0,False,5,JIQUIA,18.0,4,0,0,0,1,32.0,3,0,0,0,0,18.0,3,0,0,0,1,10.0,3,0,1,1,1
833,574,574,2024,1,1,2.0,2.0,False,5,ESTANCIA,7.0,2,0,1,1,1,10.0,4,0,1,1,1,5.0,4,1,1,1,1,10.0,4,0,1,1,1
833,609,610,2024,36,2,6.0,3.0,False,5,ESTANCIA,20.0,1,0,0,0,1,22.0,4,0,0,0,0,21.0,1,0,0,0,0,20.0,4,0,0,0,1
833,614,614,2024,41,1,3.0,3.0,True,5,ESTANCIA,7.0,2,0,1,1,1,11.0,4,0,0,1,1,59.0,4,0,0,0,0,2.0,4,1,1,1,1
833,655,655,2025,30,1,3.0,3.0,False,5,ESTANCIA,76.0,4,0,0,0,0,56.0,3,0,0,0,0,29.0,3,0,0,0,0,52.0,3,0,0,0,0
833,659,659,2025,34,1,3.0,3.0,True,5,ESTANCIA,56.0,3,0,0,0,0,26.0,4,0,0,0,0,2.0,4,1,1,1,1,15.0,4,0,0,1,1
833,664,664,2025,39,1,7.0,7.0,False,5,ESTANCIA,21.0,4,0,0,0,0,42.0,1,0,0,0,0,14.0,2,0,0,1,1,37.0,1,0,0,0,0
833,666,666,2025,41,1,3.0,3.0,False,5,ESTANCIA,6.0,1,0,1,1,1,14.0,2,0,0,1,1,9.0,2,0,1,1,1,6.0,2,0,1,1,1
841,541,541,2023,20,1,2.0,2.0,False,5,CACOTE,5.0,3,1,1,1,1,86.0,2,0,0,0,0,51.0,2,0,0,0,0,86.0,2,0,0,0,0
841,558,558,2023,37,1,2.0,2.0,False,5,CACOTE,13.0,1,0,0,1,1,36.0,4,0,0,0,0,18.0,4,0,0,0,1,18.0,4,0,0,0,1
841,566,566,2023,45,1,1.0,1.0,False,5,CACOTE,6.0,4,0,1,1,1,87.0,1,0,0,0,0,59.0,2,0,0,0,0,87.0,1,0,0,0,0
841,570,570,2023,49,1,1.0,1.0,True,5,CACOTE,4.0,3,1,1,1,1,37.0,4,0,0,0,0,19.0,4,0,0,0,1,2.0,4,1,1,1,1
841,575,575,2024,2,1,1.0,1.0,False,5,CACOTE,3.0,4,1,1,1,1,86.0,1,0,0,0,0,61.0,2,0,0,0,0,86.0,1,0,0,0,0
841,578,578,2024,5,1,2.0,2.0,False,5,CACOTE,6.0,3,0,1,1,1,30.0,3,0,0,0,0,20.0,3,0,0,0,1,7.0,3,0,1,1,1
841,586,587,2024,13,2,6.0,3.0,False,5,CACOTE,37.0,1,0,0,0,0,61.0,3,0,0,0,0,25.0,3,0,0,0,0,52.0,2,0,0,0,0
841,589,589,2024,16,1,4.0,4.0,False,5,CACOTE,16.0,1,0,0,0,1,42.0,3,0,0,0,0,8.0,3,0,1,1,1,17.0,3,0,0,0,1
841,591,591,2024,18,1,2.0,2.0,True,5,CACOTE,16.0,3,0,0,0,1,40.0,2,0,0,0,0,5.0,2,1,1,1,1,4.0,2,1,1,1,1
841,596,596,2024,23,1,2.0,2.0,False,5,CACOTE,11.0,3,0,0,1,1,56.0,3,0,0,0,0,14.0,3,0,0,1,1,17.0,3,0,0,0,1
841,598,598,2024,25,1,4.0,4.0,False,5,CACOTE,10.0,1,0,1,1,1,41.0,2,0,0,0,0,11.0,2,0,0,1,1,5.0,2,1,1,1,1
841,618,620,2024,45,3,4.0,2.0,False,5,CACOTE,12.0,1,0,0,1,1,40.0,4,0,0,0,0,19.0,4,0,0,0,1,19.0,4,0,0,0,1
841,642,642,2025,17,1,2.0,2.0,False,5,CACOTE,1.0,1,1,1,1,1,22.0,3,0,0,0,0,33.0,4,0,0,0,0,2.0,4,1,1,1,1
841,655,656,2025,30,2,6.0,3.0,False,5,CACOTE,49.0,4,0,0,0,0,59.0,2,0,0,0,0,18.0,2,0,0,0,1,26.0,2,0,0,0,0
841,667,669,2025,42,3,6.0,2.0,False,5,CACOTE,16.0,4,0,0,0,1,54.0,1,0,0,0,0,13.0,2,0,0,1,1,38.0,1,0,0,0,0
850,554,554,2023,33,1,9.0,9.0,False,5,AREIAS,4.0,2,1,1,1,1,2.0,3,1,1,1,1,14.0,3,0,0,1,1,3.0,3,1,1,1,1
850,560,560,2023,39,1,7.0,7.0,False,5,AREIAS,1.0,4,1,1,1,1,5.0,3,1,1,1,1,17.0,1,0,0,0,1,14.0,4,0,0,1,1
850,570,570,2023,49,1,4.0,4.0,False,5,AREIAS,24.0,4,0,0,0,0,19.0,4,0,0,0,1,22.0,4,0,0,0,0,17.0,4,0,0,0,1
850,573,573,2023,52,1,4.0,4.0,False,5,AREIAS,20.0,1,0,0,0,1,1.0,3,1,1,1,1,1.0,3,1,1,1,1,7.0,3,0,1,1,1
850,589,589,2024,16,1,16.0,16.0,False,5,AREIAS,71.0,1,0,0,0,0,12.0,2,0,0,1,1,11.0,2,0,0,1,1,25.0,2,0,0,0,0
850,599,599,2024,26,1,12.0,12.0,False,5,AREIAS,4.0,2,1,1,1,1,17.0,3,0,0,0,1,24.0,3,0,0,0,0,22.0,3,0,0,0,0
850,663,665,2025,38,3,25.0,9.0,False,5,AREIAS,65.0,1,0,0,0,0,31.0,2,0,0,0,0,6.0,2,0,1,1,1,45.0,2,0,0,0,0
850,667,667,2025,42,1,6.0,6.0,True,5,AREIAS,3.0,1,1,1,1,1,5.0,2,1,1,1,1,5.0,4,1,1,1,1,7.0,2,0,1,1,1
850,669,669,2025,44,1,5.0,5.0,True,5,AREIAS,3.0,3,1,1,1,1,5.0,4,1,1,1,1,15.0,2,0,0,1,1,7.0,4,0,1,1,1
850,671,671,2025,46,1,5.0,5.0,True,5,AREIAS,5.0,3,1,1,1,1,12.0,2,0,0,1,1,15.0,4,0,0,1,1,15.0,2,0,0,1,1
86,553,553,2023,32,1,5.0,5.0,False,1,BOA VISTA,47.0,3,0,0,0,0,37.0,1,0,0,0,0,21.0,1,0,0,0,0,28.0,1,0,0,0,0
86,558,558,2023,37,1,3.0,3.0,False,1,BOA VISTA,15.0,2,0,0,1,1,36.0,1,0,0,0,0,22.0,1,0,0,0,0,24.0,1,0,0,0,0
86,560,560,2023,39,1,2.0,2.0,False,1,BOA VISTA,6.0,1,0,1,1,1,10.0,2,0,1,1,1,22.0,3,0,0,0,0,6.0,2,0,1,1,1
86,582,582,2024,9,1,9.0,9.0,False,1,BOA VISTA,20.0,2,0,0,0,1,19.0,2,0,0,0,1,18.0,2,0,0,0,1,14.0,2,0,0,1,1
86,588,588,2024,15,1,5.0,5.0,False,1,BOA VISTA,7.0,2,0,1,1,1,49.0,1,0,0,0,0,37.0,1,0,0,0,0,37.0,1,0,0,0,0
86,607,607,2024,34,1,3.0,3.0,False,1,BOA VISTA,50.0,4,0,0,0,0,41.0,2,0,0,0,0,19.0,2,0,0,0,1,34.0,2,0,0,0,0
86,613,613,2024,40,1,2.0,2.0,False,1,BOA VISTA,9.0,2,0,1,1,1,26.0,4,0,0,0,0,19.0,4,0,0,0,1,10.0,4,0,1,1,1
86,615,616,2024,42,2,5.0,3.0,False,1,BOA VISTA,9.0,4,0,1,1,1,23.0,2,0,0,0,0,8.0,2,0,1,1,1,6.0,2,0,1,1,1
86,624,624,2024,51,1,3.0,3.0,False,1,BOA VISTA,22.0,4,0,0,0,0,23.0,4,0,0,0,0,22.0,2,0,0,0,0,12.0,4,0,0,1,1
86,649,649,2025,24,1,6.0,6.0,False,1,BOA VISTA,22.0,2,0,0,0,0,29.0,3,0,0,0,0,8.0,3,0,1,1,1,20.0,3,0,0,0,1
86,653,653,2025,28,1,5.0,5.0,True,1,BOA VISTA,23.0,4,0,0,0,0,11.0,4,0,0,1,1,1.0,1,1,1,1,1,6.0,4,0,1,1,1
86,658,661,2025,33,4,15.0,5.0,False,1,BOA VISTA,3.0,4,1,1,1,1,23.0,4,0,0,0,0,72.0,1,0,0,0,0,15.0,4,0,0,1,1
86,666,667,2025,41,2,13.0,7.0,False,1,BOA VISTA,8.0,4,0,1,1,1,38.0,4,0,0,0,0,26.0,2,0,0,0,0,34.0,4,0,0,0,0
86,673,673,2025,48,1,3.0,3.0,False,1,BOA VISTA,4.0,3,1,1,1,1,36.0,1,0,0,0,0,8.0,1,0,1,1,1,23.0,1,0,0,0,0
868,583,589,2024,10,7,153.0,28.0,False,5,JARDIM SAO PAULO,11.0,3,0,0,1,1,6.0,3,0,1,1,1,2.0,4,1,1,1,1,4.0,3,1,1,1,1
868,597,598,2024,24,2,23.0,12.0,False,5,JARDIM SAO PAULO,47.0,1,0,0,0,0,7.0,1,0,1,1,1,14.0,1,0,0,1,1,10.0,1,0,1,1,1
868,601,601,2024,28,1,10.0,10.0,True,5,JARDIM SAO PAULO,3.0,2,1,1,1,1,4.0,4,1,1,1,1,32.0,4,0,0,0,0,3.0,4,1,1,1,1
868,617,617,2024,44,1,5.0,5.0,False,5,JARDIM SAO PAULO,2.0,2,1,1,1,1,5.0,4,1,1,1,1,9.0,4,0,1,1,1,9.0,4,0,1,1,1
868,620,620,2024,47,1,5.0,5.0,False,5,JARDIM SAO PAULO,6.0,1,0,1,1,1,2.0,3,1,1,1,1,10.0,3,0,1,1,1,7.0,3,0,1,1,1
868,623,623,2024,50,1,6.0,6.0,False,5,JARDIM SAO PAULO,6.0,4,0,1,1,1,5.0,3,1,1,1,1,7.0,3,0,1,1,1,7.0,3,0,1,1,1
868,626,626,2025,1,1,4.0,4.0,False,5,JARDIM SAO PAULO,3.0,1,1,1,1,1,3.0,3,1,1,1,1,3.0,3,1,1,1,1,3.0,3,1,1,1,1
868,629,629,2025,4,1,6.0,6.0,False,5,JARDIM SAO PAULO,2.0,2,1,1,1,1,7.0,3,0,1,1,1,12.0,1,0,0,1,1,2.0,3,1,1,1,1
868,657,657,2025,32,1,9.0,9.0,False,5,JARDIM SAO PAULO,70.0,3,0,0,0,0,25.0,4,0,0,0,0,2.0,4,1,1,1,1,43.0,1,0,0,0,0
868,664,664,2025,39,1,7.0,7.0,False,5,JARDIM SAO PAULO,30.0,1,0,0,0,0,31.0,1,0,0,0,0,1.0,3,1,1,1,1,48.0,1,0,0,0,0
868,667,667,2025,42,1,9.0,9.0,False,5,JARDIM SAO PAULO,30.0,4,0,0,0,0,15.0,3,0,0,1,1,19.0,4,0,0,0,1,20.0,3,0,0,0,1
868,670,670,2025,45,1,5.0,5.0,False,5,JARDIM SAO PAULO,7.0,2,0,1,1,1,8.0,3,0,1,1,1,6.0,3,0,1,1,1,11.0,3,0,0,1,1
876,563,563,2023,42,1,4.0,4.0,False,5,BARRO,7.0,2,0,1,1,1,33.0,4,0,0,0,0,16.0,2,0,0,0,1,12.0,2,0,0,1,1
876,568,568,2023,47,1,3.0,3.0,False,5,BARRO,7.0,4,0,1,1,1,16.0,4,0,0,0,1,62.0,1,0,0,0,0,4.0,4,1,1,1,1
876,572,572,2023,51,1,3.0,3.0,True,5,BARRO,8.0,2,0,1,1,1,8.0,4,0,1,1,1,3.0,4,1,1,1,1,2.0,4,1,1,1,1
876,581,584,2024,8,4,59.0,20.0,False,5,BARRO,27.0,2,0,0,0,0,18.0,2,0,0,0,1,6.0,2,0,1,1,1,10.0,2,0,1,1,1
876,588,589,2024,15,2,21.0,12.0,True,5,BARRO,38.0,3,0,0,0,0,22.0,4,0,0,0,0,13.0,1,0,0,1,1,19.0,4,0,0,0,1
876,596,596,2024,23,1,8.0,8.0,False,5,BARRO,4.0,3,1,1,1,1,17.0,4,0,0,0,1,21.0,4,0,0,0,0,12.0,4,0,0,1,1
876,599,599,2024,26,1,6.0,6.0,False,5,BARRO,5.0,2,1,1,1,1,8.0,3,0,1,1,1,1.0,3,1,1,1,1,1.0,3,1,1,1,1
876,601,601,2024,28,1,10.0,10.0,False,5,BARRO,1.0,1,1,1,1,1,11.0,2,0,0,1,1,5.0,2,1,1,1,1,4.0,2,1,1,1,1
876,606,609,2024,33,4,20.0,9.0,False,5,BARRO,5.0,1,1,1,1,1,11.0,2,0,0,1,1,2.0,2,1,1,1,1,8.0,2,0,1,1,1
876,614,614,2024,41,1,2.0,2.0,False,5,BARRO,1.0,4,1,1,1,1,23.0,4,0,0,0,0,70.0,3,0,0,0,0,7.0,4,0,1,1,1
876,657,658,2025,32,2,11.0,6.0,False,5,BARRO,20.0,3,0,0,0,1,26.0,4,0,0,0,0,16.0,1,0,0,0,1,23.0,4,0,0,0,0
876,660,660,2025,35,1,4.0,4.0,False,5,BARRO,10.0,1,0,1,1,1,16.0,3,0,0,0,1,16.0,4,0,0,0,1,21.0,3,0,0,0,0
876,665,665,2025,40,1,3.0,3.0,False,5,BARRO,2.0,4,1,1,1,1,39.0,3,0,0,0,0,49.0,3,0,0,0,0,35.0,3,0,0,0,0
876,669,669,2025,44,1,4.0,4.0,True,5,BARRO,33.0,2,0,0,0,0,28.0,4,0,0,0,0,13.0,2,0,0,1,1,5.0,4,1,1,1,1
884,612,612,2024,39,1,8.0,8.0,False,6,COHAB,10.0,1,0,1,1,1,1.0,1,1,1,1,1,16.0,3,0,0,0,1,5.0,1,1,1,1,1
884,658,659,2025,33,2,41.0,24.0,False,6,COHAB,79.0,1,0,0,0,0,3.0,1,1,1,1,1,26.0,1,0,0,0,0,30.0,3,0,0,0,0
884,661,667,2025,36,7,104.0,20.0,False,6,COHAB,76.0,1,0,0,0,0,1.0,3,1,1,1,1,26.0,4,0,0,0,0,16.0,2,0,0,0,1
884,669,671,2025,44,3,37.0,13.0,True,6,COHAB,44.0,3,0,0,0,0,1.0,4,1,1,1,1,42.0,2,0,0,0,0,2.0,4,1,1,1,1
884,673,677,2025,48,5,40.0,11.0,True,6,COHAB,79.0,1,0,0,0,0,1.0,2,1,1,1,1,31.0,4,0,0,0,0,9.0,3,0,1,1,1
892,554,554,2023,33,1,3.0,3.0,False,5,TEJIPIO,11.0,2,0,0,1,1,38.0,2,0,0,0,0,22.0,2,0,0,0,0,19.0,2,0,0,0,1
892,564,564,2023,43,1,2.0,2.0,False,5,TEJIPIO,3.0,1,1,1,1,1,33.0,2,0,0,0,0,15.0,2,0,0,1,1,12.0,2,0,0,1,1
892,569,569,2023,48,1,3.0,3.0,False,5,TEJIPIO,1.0,2,1,1,1,1,32.0,4,0,0,0,0,64.0,2,0,0,0,0,8.0,4,0,1,1,1
892,576,576,2024,3,1,2.0,2.0,False,5,TEJIPIO,2.0,2,1,1,1,1,24.0,2,0,0,0,0,13.0,2,0,0,1,1,8.0,2,0,1,1,1
892,582,584,2024,9,3,20.0,9.0,False,5,TEJIPIO,17.0,1,0,0,0,1,31.0,2,0,0,0,0,20.0,4,0,0,0,1,11.0,2,0,0,1,1
892,586,589,2024,13,4,23.0,7.0,True,5,TEJIPIO,6.0,1,0,1,1,1,27.0,2,0,0,0,0,26.0,4,0,0,0,0,6.0,2,0,1,1,1
892,593,594,2024,20,2,8.0,4.0,True,5,TEJIPIO,8.0,2,0,1,1,1,25.0,1,0,0,0,0,47.0,1,0,0,0,0,10.0,1,0,1,1,1
892,596,596,2024,23,1,3.0,3.0,False,5,TEJIPIO,3.0,1,1,1,1,1,17.0,3,0,0,0,1,29.0,3,0,0,0,0,5.0,3,1,1,1,1
892,598,599,2024,25,2,10.0,6.0,True,5,TEJIPIO,1.0,1,1,1,1,1,24.0,4,0,0,0,0,31.0,2,0,0,0,0,6.0,2,0,1,1,1
892,601,601,2024,28,1,3.0,3.0,False,5,TEJIPIO,1.0,4,1,1,1,1,11.0,3,0,0,1,1,4.0,3,1,1,1,1,2.0,3,1,1,1,1
892,605,605,2024,32,1,4.0,4.0,True,5,TEJIPIO,2.0,3,1,1,1,1,25.0,3,0,0,0,0,5.0,4,1,1,1,1,12.0,4,0,0,1,1
892,617,617,2024,44,1,2.0,2.0,False,5,TEJIPIO,9.0,2,0,1,1,1,50.0,2,0,0,0,0,24.0,2,0,0,0,0,22.0,2,0,0,0,0
892,658,658,2025,33,1,3.0,3.0,False,5,TEJIPIO,21.0,4,0,0,0,0,63.0,4,0,0,0,0,21.0,1,0,0,0,0,51.0,4,0,0,0,0
892,660,660,2025,35,1,3.0,3.0,False,5,TEJIPIO,27.0,1,0,0,0,0,47.0,2,0,0,0,0,21.0,3,0,0,0,0,33.0,2,0,0,0,0
892,664,664,2025,39,1,2.0,2.0,True,5,TEJIPIO,24.0,2,0,0,0,0,43.0,4,0,0,0,0,15.0,2,0,0,1,1,15.0,4,0,0,1,1
892,672,672,2025,47,1,2.0,2.0,False,5,TEJIPIO,15.0,1,0,0,1,1,62.0,4,0,0,0,0,45.0,4,0,0,0,0,43.0,4,0,0,0,0
892,677,677,2025,52,1,2.0,2.0,False,5,TEJIPIO,27.0,3,0,0,0,0,49.0,3,0,0,0,0,15.0,3,0,0,1,1,43.0,3,0,0,0,0
906,554,554,2023,33,1,2.0,2.0,False,5,SANCHO,11.0,1,0,0,1,1,29.0,4,0,0,0,0,12.0,4,0,0,1,1,6.0,4,0,1,1,1
906,556,557,2023,35,2,4.0,2.0,False,5,SANCHO,3.0,1,1,1,1,1,21.0,2,0,0,0,0,22.0,3,0,0,0,0,6.0,2,0,1,1,1
906,559,559,2023,38,1,2.0,2.0,False,5,SANCHO,1.0,1,1,1,1,1,14.0,2,0,0,1,1,18.0,3,0,0,0,1,3.0,2,1,1,1,1
906,563,563,2023,42,1,3.0,3.0,True,5,SANCHO,4.0,4,1,1,1,1,15.0,4,0,0,1,1,20.0,4,0,0,0,1,3.0,4,1,1,1,1
906,574,574,2024,1,1,1.0,1.0,False,5,SANCHO,1.0,4,1,1,1,1,89.0,2,0,0,0,0,63.0,1,0,0,0,0,89.0,2,0,0,0,0
906,587,589,2024,14,3,14.0,7.0,False,5,SANCHO,27.0,4,0,0,0,0,61.0,1,0,0,0,0,5.0,2,1,1,1,1,27.0,1,0,0,0,0
906,592,592,2024,19,1,2.0,2.0,True,5,SANCHO,2.0,2,1,1,1,1,21.0,3,0,0,0,0,2.0,3,1,1,1,1,1.0,3,1,1,1,1
906,594,594,2024,21,1,6.0,6.0,False,5,SANCHO,2.0,4,1,1,1,1,34.0,2,0,0,0,0,16.0,2,0,0,0,1,9.0,2,0,1,1,1
906,597,597,2024,24,1,2.0,2.0,False,5,SANCHO,1.0,2,1,1,1,1,14.0,3,0,0,1,1,1.0,3,1,1,1,1,1.0,3,1,1,1,1
906,601,601,2024,28,1,4.0,4.0,True,5,SANCHO,5.0,3,1,1,1,1,37.0,4,0,0,0,0,31.0,4,0,0,0,0,7.0,4,0,1,1,1
906,604,604,2024,31,1,2.0,2.0,False,5,SANCHO,17.0,2,0,0,0,1,22.0,3,0,0,0,0,2.0,3,1,1,1,1,4.0,3,1,1,1,1
906,608,608,2024,35,1,3.0,3.0,True,5,SANCHO,2.0,2,1,1,1,1,29.0,4,0,0,0,0,10.0,4,0,1,1,1,3.0,4,1,1,1,1
906,612,612,2024,39,1,2.0,2.0,True,5,SANCHO,6.0,3,0,1,1,1,21.0,4,0,0,0,0,5.0,4,1,1,1,1,14.0,4,0,0,1,1
906,618,618,2024,45,1,2.0,2.0,False,5,SANCHO,2.0,2,1,1,1,1,51.0,3,0,0,0,0,25.0,3,0,0,0,0,23.0,3,0,0,0,0
906,622,622,2024,49,1,1.0,1.0,True,5,SANCHO,13.0,3,0,0,1,1,35.0,4,0,0,0,0,14.0,4,0,0,1,1,13.0,4,0,0,1,1
906,624,624,2024,51,1,1.0,1.0,False,5,SANCHO,13.0,2,0,0,1,1,50.0,2,0,0,0,0,23.0,2,0,0,0,0,16.0,2,0,0,0,1
906,655,655,2025,30,1,2.0,2.0,False,5,SANCHO,23.0,3,0,0,0,0,64.0,1,0,0,0,0,20.0,1,0,0,0,1,30.0,1,0,0,0,0
906,670,670,2025,45,1,2.0,2.0,False,5,SANCHO,8.0,4,0,1,1,1,56.0,4,0,0,0,0,8.0,2,0,1,1,1,39.0,4,0,0,0,0
914,573,573,2023,52,1,2.0,2.0,False,5,TOTO,16.0,1,0,0,0,1,90.0,4,0,0,0,0,66.0,4,0,0,0,0,90.0,4,0,0,0,0
914,587,587,2024,14,1,3.0,3.0,False,5,TOTO,16.0,2,0,0,0,1,62.0,1,0,0,0,0,14.0,1,0,0,1,1,28.0,1,0,0,0,0
914,595,595,2024,22,1,3.0,3.0,False,5,TOTO,3.0,1,1,1,1,1,58.0,2,0,0,0,0,13.0,4,0,0,1,1,18.0,2,0,0,0,1
914,617,618,2024,44,2,2.0,1.0,False,5,TOTO,5.0,1,1,1,1,1,38.0,1,0,0,0,0,15.0,1,0,0,1,1,18.0,1,0,0,0,1
914,624,625,2024,51,2,2.0,1.0,False,5,TOTO,2.0,4,1,1,1,1,90.0,3,0,0,0,0,61.0,1,0,0,0,0,90.0,3,0,0,0,0
914,670,670,2025,45,1,2.0,2.0,False,5,TOTO,33.0,1,0,0,0,0,91.0,1,0,0,0,0,46.0,2,0,0,0,0,91.0,1,0,0,0,0
914,673,675,2025,48,3,3.0,1.0,False,5,TOTO,6.0,2,0,1,1,1,37.0,3,0,0,0,0,7.0,3,0,1,1,1,16.0,3,0,0,0,1
922,547,547,2023,26,1,2.0,2.0,False,5,COQUEIRAL,2.0,1,1,1,1,1,12.0,2,0,0,1,1,3.0,2,1,1,1,1,1.0,2,1,1,1,1
922,554,554,2023,33,1,2.0,2.0,False,5,COQUEIRAL,1.0,4,1,1,1,1,30.0,4,0,0,0,0,23.0,1,0,0,0,0,7.0,4,0,1,1,1
922,566,566,2023,45,1,3.0,3.0,False,5,COQUEIRAL,2.0,3,1,1,1,1,34.0,4,0,0,0,0,16.0,4,0,0,0,1,9.0,4,0,1,1,1
922,585,590,2024,12,6,41.0,9.0,False,5,COQUEIRAL,16.0,3,0,0,0,1,47.0,3,0,0,0,0,20.0,4,0,0,0,1,27.0,4,0,0,0,0
922,593,593,2024,20,1,3.0,3.0,True,5,COQUEIRAL,1.0,2,1,1,1,1,22.0,4,0,0,0,0,17.0,1,0,0,0,1,2.0,3,1,1,1,1
922,597,603,2024,24,7,22.0,5.0,True,5,COQUEIRAL,1.0,3,1,1,1,1,26.0,4,0,0,0,0,28.0,4,0,0,0,0,6.0,4,0,1,1,1
922,606,607,2024,33,2,8.0,6.0,True,5,COQUEIRAL,2.0,2,1,1,1,1,26.0,4,0,0,0,0,60.0,1,0,0,0,0,7.0,4,0,1,1,1
922,612,612,2024,39,1,3.0,3.0,False,5,COQUEIRAL,2.0,3,1,1,1,1,37.0,1,0,0,0,0,14.0,3,0,0,1,1,12.0,1,0,0,1,1
922,614,615,2024,41,2,5.0,3.0,False,5,COQUEIRAL,1.0,1,1,1,1,1,8.0,2,0,1,1,1,20.0,2,0,0,0,1,2.0,2,1,1,1,1
922,622,622,2024,49,1,3.0,3.0,False,5,COQUEIRAL,5.0,4,1,1,1,1,43.0,3,0,0,0,0,30.0,4,0,0,0,0,31.0,3,0,0,0,0
922,631,631,2025,6,1,3.0,3.0,False,5,COQUEIRAL,28.0,1,0,0,0,0,40.0,2,0,0,0,0,12.0,2,0,0,1,1,17.0,1,0,0,0,1
922,647,647,2025,22,1,4.0,4.0,False,5,COQUEIRAL,3.0,1,1,1,1,1,45.0,2,0,0,0,0,28.0,3,0,0,0,0,15.0,2,0,0,1,1
922,655,655,2025,30,1,2.0,2.0,False,5,COQUEIRAL,5.0,3,1,1,1,1,49.0,4,0,0,0,0,12.0,4,0,0,1,1,27.0,4,0,0,0,0
922,658,658,2025,33,1,3.0,3.0,False,5,COQUEIRAL,9.0,2,0,1,1,1,46.0,3,0,0,0,0,8.0,3,0,1,1,1,13.0,3,0,0,1,1
922,664,665,2025,39,2,5.0,3.0,False,5,COQUEIRAL,8.0,1,0,1,1,1,59.0,2,0,0,0,0,16.0,2,0,0,0,1,44.0,2,0,0,0,0
930,607,607,2024,34,1,1.0,1.0,False,2,PONTO DE PARADA,69.0,1,0,0,0,0,92.0,3,0,0,0,0,61.0,2,0,0,0,0,92.0,3,0,0,0,0
930,659,661,2025,34,3,3.0,1.0,False,2,PONTO DE PARADA,84.0,4,0,0,0,0,93.0,4,0,0,0,0,57.0,3,0,0,0,0,93.0,4,0,0,0,0
930,668,668,2025,43,1,1.0,1.0,False,2,PONTO DE PARADA,52.0,4,0,0,0,0,93.0,4,0,0,0,0,49.0,3,0,0,0,0,93.0,4,0,0,0,0
94,533,533,2023,12,1,1.0,1.0,False,1,PAISSANDU,3.0,4,1,1,1,1,49.0,1,0,0,0,0,27.0,1,0,0,0,0,6.0,1,0,1,1,1
94,553,554,2023,32,2,2.0,1.0,False,1,PAISSANDU,42.0,2,0,0,0,0,93.0,4,0,0,0,0,63.0,3,0,0,0,0,93.0,4,0,0,0,0
94,556,556,2023,35,1,2.0,2.0,False,1,PAISSANDU,5.0,2,1,1,1,1,38.0,2,0,0,0,0,24.0,3,0,0,0,0,7.0,3,0,1,1,1
94,562,562,2023,41,1,1.0,1.0,False,1,PAISSANDU,6.0,4,0,1,1,1,93.0,4,0,0,0,0,66.0,2,0,0,0,0,93.0,4,0,0,0,0
94,567,567,2023,46,1,1.0,1.0,False,1,PAISSANDU,5.0,4,1,1,1,1,93.0,4,0,0,0,0,64.0,3,0,0,0,0,93.0,4,0,0,0,0
94,570,571,2023,49,2,2.0,1.0,False,1,PAISSANDU,4.0,2,1,1,1,1,28.0,3,0,0,0,0,11.0,3,0,0,1,1,2.0,3,1,1,1,1
94,581,581,2024,8,1,1.0,1.0,False,1,PAISSANDU,10.0,1,0,1,1,1,93.0,4,0,0,0,0,65.0,3,0,0,0,0,93.0,4,0,0,0,0
94,583,583,2024,10,1,1.0,1.0,False,1,PAISSANDU,4.0,2,1,1,1,1,77.0,2,0,0,0,0,60.0,2,0,0,0,0,16.0,2,0,0,0,1
94,592,592,2024,19,1,1.0,1.0,False,1,PAISSANDU,20.0,4,0,0,0,1,93.0,2,0,0,0,0,42.0,3,0,0,0,0,93.0,2,0,0,0,0
94,595,595,2024,22,1,1.0,1.0,False,1,PAISSANDU,46.0,3,0,0,0,0,61.0,3,0,0,0,0,13.0,3,0,0,1,1,3.0,3,1,1,1,1
94,598,598,2024,25,1,1.0,1.0,False,1,PAISSANDU,26.0,2,0,0,0,0,53.0,3,0,0,0,0,18.0,3,0,0,0,1,5.0,3,1,1,1,1
94,612,612,2024,39,1,1.0,1.0,False,1,PAISSANDU,66.0,1,0,0,0,0,93.0,3,0,0,0,0,58.0,3,0,0,0,0,93.0,3,0,0,0,0
94,614,614,2024,41,1,1.0,1.0,False,1,PAISSANDU,23.0,2,0,0,0,0,41.0,2,0,0,0,0,21.0,2,0,0,0,0,6.0,2,0,1,1,1
94,631,632,2025,6,2,2.0,1.0,False,1,PAISSANDU,37.0,1,0,0,0,0,93.0,4,0,0,0,0,55.0,2,0,0,0,0,93.0,4,0,0,0,0
94,663,663,2025,38,1,1.0,1.0,False,1,PAISSANDU,87.0,1,0,0,0,0,93.0,3,0,0,0,0,52.0,1,0,0,0,0,93.0,3,0,0,0,0
949,561,561,2023,40,1,2.0,2.0,False,2,ALTO SANTA TEREZINHA,20.0,4,0,0,0,1,36.0,2,0,0,0,0,19.0,2,0,0,0,1,15.0,4,0,0,1,1
949,573,573,2023,52,1,2.0,2.0,False,2,ALTO SANTA TEREZINHA,43.0,3,0,0,0,0,94.0,4,0,0,0,0,69.0,4,0,0,0,0,94.0,4,0,0,0,0
949,581,581,2024,8,1,3.0,3.0,False,2,ALTO SANTA TEREZINHA,13.0,2,0,0,1,1,53.0,2,0,0,0,0,28.0,2,0,0,0,0,19.0,2,0,0,0,1
949,583,583,2024,10,1,6.0,6.0,False,2,ALTO SANTA TEREZINHA,13.0,4,0,0,1,1,51.0,2,0,0,0,0,21.0,2,0,0,0,0,17.0,2,0,0,0,1
949,585,585,2024,12,1,3.0,3.0,True,2,ALTO SANTA TEREZINHA,2.0,1,1,1,1,1,31.0,2,0,0,0,0,1.0,2,1,1,1,1,4.0,2,1,1,1,1
949,587,588,2024,14,2,8.0,5.0,True,2,ALTO SANTA TEREZINHA,2.0,3,1,1,1,1,31.0,4,0,0,0,0,1.0,4,1,1,1,1,4.0,4,1,1,1,1
949,597,597,2024,24,1,5.0,5.0,False,2,ALTO SANTA TEREZINHA,9.0,4,0,1,1,1,94.0,4,0,0,0,0,52.0,2,0,0,0,0,94.0,4,0,0,0,0
949,618,618,2024,45,1,5.0,5.0,False,2,ALTO SANTA TEREZINHA,7.0,4,0,1,1,1,43.0,4,0,0,0,0,21.0,4,0,0,0,0,20.0,4,0,0,0,1
949,622,622,2024,49,1,2.0,2.0,True,2,ALTO SANTA TEREZINHA,5.0,3,1,1,1,1,11.0,4,0,0,1,1,15.0,4,0,0,1,1,1.0,4,1,1,1,1
949,655,655,2025,30,1,3.0,3.0,False,2,ALTO SANTA TEREZINHA,17.0,1,0,0,0,1,41.0,2,0,0,0,0,27.0,2,0,0,0,0,20.0,2,0,0,0,1
949,657,659,2025,32,3,10.0,5.0,False,2,ALTO SANTA TEREZINHA,3.0,1,1,1,1,1,28.0,2,0,0,0,0,27.0,4,0,0,0,0,14.0,2,0,0,1,1
949,661,663,2025,36,3,6.0,2.0,True,2,ALTO SANTA TEREZINHA,3.0,1,1,1,1,1,25.0,3,0,0,0,0,24.0,3,0,0,0,0,2.0,3,1,1,1,1
949,667,668,2025,42,2,6.0,4.0,True,2,ALTO SANTA TEREZINHA,10.0,3,0,1,1,1,44.0,4,0,0,0,0,51.0,2,0,0,0,0,29.0,4,0,0,0,0
949,670,670,2025,45,1,2.0,2.0,False,2,ALTO SANTA TEREZINHA,2.0,1,1,1,1,1,17.0,2,0,0,0,1,12.0,2,0,0,1,1,2.0,2,1,1,1,1
949,673,673,2025,48,1,2.0,2.0,False,2,ALTO SANTA TEREZINHA,2.0,4,1,1,1,1,38.0,3,0,0,0,0,8.0,3,0,1,1,1,17.0,3,0,0,0,1
