codigo_bairro,inicio_indice,inicio_ano,melhor_posicao_antes_do_inicio,semanas_antecedencia_melhor_posicao,posicao_na_semana_de_inicio
108,571,2023,21.0,1,20.0
108,581,2024,28.0,1,18.0
108,591,2024,12.0,3,34.0
108,597,2024,8.0,3,72.0
108,603,2024,22.0,4,87.0
108,657,2025,42.0,4,72.0
108,667,2025,56.0,4,83.0
108,670,2025,46.0,2,24.0
108,675,2025,4.0,1,13.0
116,555,2023,28.0,2,47.0
116,576,2024,31.0,4,20.0
116,581,2024,1.0,4,34.0
116,587,2024,27.0,4,73.0
116,597,2024,32.0,3,54.0
116,602,2024,32.0,4,74.0
116,607,2024,20.0,3,58.0
116,613,2024,24.0,4,53.0
116,620,2024,32.0,3,44.0
116,624,2024,10.0,3,38.0
116,649,2025,27.0,3,41.0
116,653,2025,3.0,3,20.0
116,655,2025,3.0,3,10.0
116,660,2025,15.0,3,63.0
116,664,2025,51.0,3,86.0
116,675,2025,68.0,3,80.0
124,561,2023,17.0,2,36.0
124,563,2023,9.0,1,5.0
124,584,2024,5.0,4,42.0
124,588,2024,9.0,3,19.0
124,591,2024,13.0,4,43.0
124,595,2024,11.0,1,14.0
124,602,2024,9.0,4,56.0
124,609,2024,35.0,4,65.0
124,617,2024,57.0,3,29.0
124,649,2025,38.0,1,44.0
124,661,2025,28.0,4,71.0
124,667,2025,34.0,4,48.0
124,672,2025,24.0,3,21.0
132,549,2023,26.0,4,41.0
132,571,2023,15.0,3,28.0
132,597,2024,32.0,1,31.0
132,601,2024,20.0,3,27.0
132,621,2024,68.0,1,36.0
132,664,2025,84.0,4,89.0
140,560,2023,50.0,1,49.0
140,563,2023,11.0,2,24.0
140,575,2024,26.0,4,23.0
140,583,2024,16.0,2,38.0
140,588,2024,10.0,4,75.0
140,597,2024,59.0,2,65.0
140,609,2024,36.0,4,80.0
140,611,2024,28.0,1,29.0
140,613,2024,7.0,1,51.0
140,622,2024,30.0,4,65.0
140,644,2025,32.0,2,35.0
140,667,2025,86.0,4,87.0
140,672,2025,12.0,3,42.0
159,585,2024,19.0,4,78.0
159,598,2024,61.0,3,75.0
159,620,2024,56.0,3,66.0
159,637,2025,19.0,1,20.0
159,648,2025,15.0,4,51.0
159,652,2025,6.0,3,56.0
159,657,2025,10.0,4,82.0
159,661,2025,48.0,3,85.0
159,664,2025,65.0,1,75.0
159,671,2025,65.0,4,76.0
167,549,2023,13.0,1,15.0
167,554,2023,5.0,4,35.0
167,574,2024,8.0,2,11.0
167,579,2024,1.0,4,18.0
167,585,2024,3.0,4,80.0
167,594,2024,5.0,1,23.0
167,600,2024,14.0,3,20.0
167,608,2024,14.0,1,30.0
167,618,2024,31.0,2,23.0
167,625,2024,14.0,4,41.0
167,629,2025,13.0,3,20.0
167,659,2025,25.0,4,65.0
167,661,2025,42.0,1,53.0
167,668,2025,31.0,4,54.0
175,588,2024,47.0,1,48.0
175,607,2024,13.0,1,20.0
175,624,2024,51.0,3,47.0
175,657,2025,38.0,2,56.0
175,665,2025,41.0,1,65.0
175,675,2025,56.0,2,83.0
183,591,2024,54.0,2,55.0
183,594,2024,14.0,2,17.0
183,620,2024,50.0,3,61.0
183,623,2024,5.0,2,32.0
183,662,2025,62.0,4,81.0
183,664,2025,59.0,1,85.0
183,668,2025,27.0,2,53.0
183,671,2025,17.0,1,27.0
183,675,2025,12.0,3,25.0
19,561,2023,43.0,4,59.0
19,589,2024,55.0,3,73.0
19,608,2024,51.0,1,63.0
19,612,2024,17.0,2,57.0
19,657,2025,38.0,3,70.0
19,663,2025,30.0,3,68.0
19,672,2025,44.0,1,69.0
191,588,2024,79.0,1,50.0
191,631,2025,16.0,4,47.0
191,662,2025,61.0,4,85.0
191,664,2025,39.0,1,45.0
191,671,2025,5.0,4,53.0
205,573,2023,24.0,4,17.0
205,575,2024,17.0,2,6.0
205,581,2024,2.0,3,29.0
205,584,2024,24.0,2,65.0
205,588,2024,36.0,3,79.0
205,598,2024,45.0,1,66.0
205,612,2024,18.0,3,54.0
205,618,2024,3.0,4,35.0
205,625,2024,23.0,4,52.0
205,628,2025,11.0,1,16.0
205,655,2025,49.0,1,62.0
205,663,2025,11.0,4,49.0
205,674,2025,20.0,4,87.0
205,676,2025,16.0,1,28.0
213,573,2023,54.0,3,43.0
213,588,2024,56.0,4,71.0
213,613,2024,36.0,3,75.0
213,625,2024,83.0,3,80.0
213,665,2025,48.0,4,92.0
213,674,2025,35.0,3,50.0
221,563,2023,62.0,3,44.0
221,582,2024,83.0,2,65.0
221,584,2024,32.0,1,23.0
221,590,2024,54.0,4,68.0
221,594,2024,16.0,3,61.0
221,661,2025,59.0,1,78.0
221,665,2025,21.0,1,34.0
221,674,2025,78.0,2,90.0
221,676,2025,26.0,1,41.0
230,583,2024,61.0,1,52.0
230,594,2024,36.0,4,89.0
230,665,2025,64.0,1,67.0
230,667,2025,41.0,1,43.0
230,673,2025,55.0,4,92.0
230,676,2025,12.0,1,42.0
248,580,2024,12.0,3,71.0
248,584,2024,4.0,3,37.0
248,588,2024,6.0,1,18.0
248,628,2025,58.0,4,54.0
248,642,2025,24.0,2,26.0
248,648,2025,1.0,4,12.0
248,653,2025,1.0,4,4.0
248,659,2025,2.0,3,19.0
248,664,2025,15.0,3,56.0
248,667,2025,19.0,2,32.0
248,674,2025,55.0,1,52.0
256,571,2023,40.0,1,27.0
256,579,2024,4.0,1,12.0
256,581,2024,2.0,1,20.0
256,599,2024,25.0,1,73.0
256,617,2024,37.0,3,79.0
256,619,2024,18.0,1,52.0
256,627,2025,40.0,2,41.0
256,639,2025,12.0,4,77.0
256,644,2025,4.0,4,53.0
256,652,2025,12.0,1,20.0
256,656,2025,3.0,2,18.0
256,660,2025,8.0,2,23.0
256,666,2025,8.0,3,21.0
256,673,2025,8.0,4,68.0
264,582,2024,57.0,2,45.0
264,584,2024,24.0,1,57.0
264,599,2024,42.0,1,34.0
264,605,2024,17.0,4,78.0
264,654,2025,75.0,1,90.0
264,661,2025,33.0,3,67.0
264,663,2025,30.0,1,38.0
264,671,2025,17.0,3,73.0
264,673,2025,22.0,4,10.0
27,531,2023,10.0,2,6.0
27,534,2023,1.0,2,16.0
27,549,2023,15.0,3,32.0
27,553,2023,7.0,3,22.0
27,556,2023,9.0,2,16.0
27,561,2023,3.0,4,20.0
27,579,2024,20.0,1,16.0
27,581,2024,4.0,1,10.0
27,584,2024,1.0,2,19.0
27,594,2024,1.0,4,24.0
27,598,2024,12.0,2,30.0
27,601,2024,16.0,4,30.0
27,608,2024,17.0,2,28.0
27,617,2024,38.0,4,44.0
27,628,2025,36.0,4,51.0
27,630,2025,9.0,1,18.0
27,632,2025,7.0,1,37.0
27,650,2025,45.0,1,29.0
27,654,2025,24.0,3,55.0
27,658,2025,29.0,2,55.0
27,664,2025,21.0,4,60.0
27,670,2025,42.0,3,60.0
272,526,2023,7.0,2,6.0
272,548,2023,13.0,2,21.0
272,565,2023,47.0,1,35.0
272,578,2024,13.0,1,10.0
272,583,2024,2.0,4,51.0
272,588,2024,26.0,4,66.0
272,654,2025,55.0,4,71.0
272,663,2025,80.0,4,91.0
272,665,2025,66.0,1,80.0
280,581,2024,58.0,4,39.0
280,654,2025,38.0,2,36.0
280,669,2025,38.0,3,37.0
280,671,2025,26.0,1,46.0
280,673,2025,7.0,1,43.0
299,524,2023,19.0,1,12.0
299,537,2023,5.0,4,45.0
299,547,2023,3.0,2,40.0
299,572,2023,35.0,4,57.0
299,581,2024,8.0,4,58.0
299,655,2025,52.0,2,59.0
299,657,2025,37.0,1,41.0
299,663,2025,3.0,3,15.0
299,669,2025,30.0,4,38.0
302,557,2023,32.0,1,57.0
302,559,2023,11.0,1,19.0
302,579,2024,18.0,2,15.0
302,594,2024,63.0,3,25.0
302,616,2024,57.0,1,71.0
302,623,2024,25.0,1,27.0
302,633,2025,30.0,3,28.0
302,660,2025,78.0,4,79.0
302,662,2025,46.0,1,61.0
302,674,2025,40.0,1,44.0
310,572,2023,52.0,2,59.0
310,581,2024,17.0,3,80.0
310,624,2024,23.0,2,72.0
310,630,2025,9.0,2,6.0
310,653,2025,69.0,4,56.0
310,663,2025,2.0,4,13.0
310,666,2025,6.0,2,11.0
310,672,2025,2.0,3,39.0
310,674,2025,7.0,4,13.0
329,603,2024,60.0,1,49.0
329,620,2024,73.0,4,71.0
329,622,2024,34.0,1,24.0
329,624,2024,5.0,1,14.0
329,658,2025,55.0,1,36.0
329,667,2025,1.0,4,18.0
329,669,2025,14.0,4,29.0
329,672,2025,23.0,2,66.0
329,675,2025,30.0,4,28.0
337,614,2024,19.0,3,39.0
337,656,2025,42.0,1,56.0
337,666,2025,1.0,4,16.0
337,673,2025,1.0,2,22.0
337,676,2025,8.0,4,18.0
345,565,2023,12.0,2,47.0
345,575,2024,18.0,4,61.0
345,599,2024,21.0,1,37.0
345,613,2024,58.0,4,78.0
345,615,2024,34.0,1,15.0
345,658,2025,23.0,3,49.0
345,669,2025,2.0,1,11.0
345,678,2025,29.0,3,84.0
35,567,2023,55.0,1,28.0
35,581,2024,25.0,4,31.0
35,588,2024,22.0,2,29.0
35,621,2024,25.0,1,17.0
35,625,2024,17.0,4,65.0
35,649,2025,16.0,1,10.0
35,656,2025,18.0,2,66.0
35,668,2025,68.0,4,73.0
35,674,2025,25.0,4,36.0
353,569,2023,17.0,2,31.0
353,625,2024,40.0,3,71.0
353,656,2025,17.0,4,54.0
353,660,2025,24.0,3,54.0
353,663,2025,17.0,1,22.0
353,667,2025,22.0,4,22.0
353,673,2025,19.0,3,30.0
353,678,2025,12.0,4,44.0
361,581,2024,7.0,2,74.0
361,654,2025,6.0,3,23.0
361,656,2025,6.0,4,13.0
361,660,2025,1.0,2,7.0
361,664,2025,7.0,4,39.0
361,668,2025,22.0,3,55.0
361,670,2025,25.0,3,31.0
370,556,2023,56.0,1,62.0
370,593,2024,22.0,2,49.0
370,615,2024,17.0,1,33.0
370,626,2025,64.0,4,75.0
370,653,2025,40.0,1,13.0
370,660,2025,3.0,4,25.0
370,663,2025,2.0,1,35.0
370,667,2025,7.0,3,36.0
370,673,2025,25.0,4,52.0
388,615,2024,72.0,4,75.0
388,618,2024,14.0,2,32.0
388,658,2025,35.0,1,17.0
388,664,2025,4.0,3,46.0
388,678,2025,74.0,3,45.0
396,555,2023,63.0,3,46.0
396,613,2024,40.0,4,32.0
396,618,2024,12.0,4,48.0
396,623,2024,2.0,4,49.0
396,658,2025,11.0,2,21.0
396,662,2025,3.0,1,12.0
396,667,2025,10.0,2,8.0
396,671,2025,8.0,4,69.0
396,674,2025,1.0,1,26.0
396,676,2025,1.0,3,55.0
400,571,2023,6.0,1,42.0
400,584,2024,40.0,3,47.0
400,587,2024,6.0,2,26.0
400,597,2024,20.0,1,19.0
400,607,2024,26.0,2,23.0
400,618,2024,73.0,4,65.0
400,621,2024,1.0,1,13.0
400,623,2024,1.0,3,17.0
400,626,2025,1.0,2,9.0
400,639,2025,16.0,4,2.0
400,648,2025,33.0,3,28.0
400,650,2025,5.0,1,9.0
400,657,2025,5.0,4,21.0
400,660,2025,13.0,2,53.0
400,662,2025,13.0,4,22.0
418,581,2024,53.0,3,61.0
418,584,2024,9.0,2,22.0
418,598,2024,57.0,1,57.0
418,602,2024,8.0,1,5.0
418,607,2024,2.0,3,8.0
418,619,2024,20.0,4,72.0
418,625,2024,37.0,3,63.0
418,658,2025,10.0,4,23.0
418,660,2025,22.0,1,51.0
418,662,2025,22.0,3,51.0
418,664,2025,31.0,1,30.0
426,584,2024,60.0,1,61.0
426,589,2024,30.0,4,50.0
426,618,2024,24.0,2,63.0
426,621,2024,26.0,4,21.0
426,655,2025,37.0,1,77.0
426,660,2025,10.0,2,55.0
426,670,2025,4.0,4,48.0
426,673,2025,8.0,2,8.0
426,675,2025,8.0,4,21.0
426,678,2025,5.0,1,33.0
43,579,2024,9.0,3,34.0
43,581,2024,3.0,1,2.0
43,585,2024,2.0,4,40.0
43,590,2024,22.0,1,24.0
43,604,2024,60.0,1,52.0
43,617,2024,40.0,4,89.0
43,622,2024,34.0,4,87.0
43,627,2025,25.0,4,74.0
43,653,2025,8.0,2,49.0
43,656,2025,4.0,1,4.0
43,658,2025,4.0,3,12.0
43,660,2025,1.0,1,9.0
43,664,2025,2.0,3,33.0
43,666,2025,3.0,4,35.0
434,585,2024,58.0,1,55.0
434,588,2024,17.0,2,17.0
434,622,2024,35.0,1,26.0
434,625,2024,13.0,2,21.0
434,660,2025,41.0,1,38.0
434,664,2025,18.0,2,15.0
434,670,2025,16.0,3,47.0
442,553,2023,60.0,1,61.0
442,591,2024,48.0,1,24.0
442,593,2024,24.0,2,57.0
442,618,2024,19.0,2,29.0
450,532,2023,9.0,2,13.0
450,553,2023,23.0,4,54.0
450,582,2024,16.0,4,25.0
450,588,2024,29.0,4,58.0
450,651,2025,21.0,4,16.0
450,659,2025,39.0,4,69.0
450,662,2025,61.0,2,88.0
450,664,2025,60.0,1,65.0
450,672,2025,67.0,3,75.0
469,557,2023,67.0,1,74.0
469,582,2024,12.0,1,62.0
469,584,2024,12.0,3,60.0
469,607,2024,37.0,4,55.0
469,611,2024,10.0,2,43.0
469,614,2024,5.0,2,10.0
469,622,2024,26.0,4,54.0
469,624,2024,7.0,1,76.0
469,630,2025,1.0,4,11.0
469,653,2025,42.0,4,51.0
469,655,2025,12.0,1,31.0
469,665,2025,62.0,4,84.0
469,667,2025,50.0,1,76.0
469,672,2025,18.0,4,54.0
477,581,2024,39.0,4,63.0
477,611,2024,44.0,4,80.0
477,614,2024,9.0,2,48.0
477,622,2024,33.0,4,78.0
477,636,2025,26.0,1,34.0
477,654,2025,45.0,2,77.0
477,663,2025,59.0,4,84.0
477,669,2025,36.0,4,66.0
485,570,2023,85.0,4,71.0
485,582,2024,27.0,1,66.0
485,585,2024,4.0,2,34.0
485,593,2024,23.0,1,26.0
485,602,2024,37.0,1,35.0
485,613,2024,42.0,3,89.0
485,621,2024,73.0,1,88.0
485,627,2025,14.0,2,29.0
485,634,2025,13.0,1,29.0
485,640,2025,5.0,3,34.0
485,663,2025,68.0,4,81.0
485,677,2025,80.0,1,84.0
493,584,2024,23.0,2,32.0
493,586,2024,23.0,4,28.0
493,590,2024,17.0,3,65.0
493,608,2024,24.0,2,15.0
493,616,2024,32.0,2,35.0
493,622,2024,3.0,3,58.0
493,658,2025,57.0,4,85.0
493,660,2025,35.0,1,31.0
493,664,2025,25.0,3,59.0
493,670,2025,41.0,1,71.0
493,675,2025,21.0,2,52.0
507,558,2023,40.0,3,63.0
507,582,2024,7.0,1,41.0
507,584,2024,3.0,1,21.0
507,586,2024,3.0,3,57.0
507,606,2024,10.0,2,36.0
507,616,2024,22.0,4,27.0
507,657,2025,40.0,3,84.0
507,661,2025,32.0,1,47.0
507,665,2025,47.0,4,70.0
507,668,2025,32.0,2,43.0
51,582,2024,28.0,3,35.0
51,590,2024,56.0,3,69.0
51,593,2024,26.0,1,31.0
51,619,2024,54.0,2,70.0
51,644,2025,9.0,1,16.0
51,650,2025,7.0,4,33.0
51,656,2025,15.0,4,74.0
51,660,2025,25.0,2,81.0
51,664,2025,57.0,3,70.0
51,667,2025,55.0,2,73.0
515,570,2023,42.0,2,66.0
515,598,2024,27.0,4,34.0
515,610,2024,72.0,4,87.0
515,657,2025,21.0,1,30.0
515,667,2025,20.0,4,59.0
515,675,2025,33.0,1,47.0
523,584,2024,69.0,3,76.0
523,618,2024,6.0,4,55.0
523,620,2024,17.0,1,23.0
523,655,2025,3.0,2,6.0
523,657,2025,3.0,4,6.0
523,659,2025,2.0,1,7.0
523,664,2025,2.0,1,17.0
523,667,2025,2.0,4,11.0
523,669,2025,10.0,3,19.0
531,582,2024,79.0,1,89.0
531,584,2024,22.0,1,39.0
531,624,2024,63.0,4,90.0
531,642,2025,19.0,2,38.0
531,658,2025,50.0,2,70.0
531,667,2025,1.0,1,19.0
531,670,2025,1.0,4,10.0
531,674,2025,1.0,2,27.0
531,676,2025,1.0,4,78.0
540,581,2024,35.0,4,28.0
540,584,2024,10.0,1,18.0
540,588,2024,7.0,2,28.0
540,624,2024,67.0,2,67.0
540,656,2025,37.0,4,23.0
540,658,2025,5.0,1,11.0
540,661,2025,2.0,1,9.0
540,670,2025,25.0,2,77.0
540,678,2025,63.0,4,27.0
558,584,2024,55.0,1,44.0
558,618,2024,77.0,3,78.0
558,663,2025,39.0,2,47.0
558,667,2025,35.0,3,46.0
558,669,2025,10.0,1,31.0
558,671,2025,4.0,1,34.0
566,572,2023,30.0,3,86.0
566,584,2024,69.0,2,67.0
566,587,2024,37.0,1,57.0
566,616,2024,23.0,3,9.0
566,618,2024,3.0,1,3.0
566,621,2024,3.0,4,6.0
566,623,2024,4.0,1,22.0
566,644,2025,15.0,3,45.0
566,658,2025,36.0,1,65.0
566,663,2025,15.0,1,30.0
566,671,2025,23.0,4,64.0
574,525,2023,1.0,2,7.0
574,558,2023,58.0,4,79.0
574,580,2024,29.0,2,31.0
574,582,2024,1.0,1,29.0
574,588,2024,3.0,4,32.0
574,613,2024,39.0,2,86.0
574,617,2024,18.0,3,71.0
574,623,2024,8.0,4,16.0
574,629,2025,10.0,3,16.0
574,653,2025,9.0,4,27.0
574,670,2025,62.0,4,63.0
574,673,2025,28.0,1,59.0
582,584,2024,59.0,4,86.0
582,586,2024,29.0,1,33.0
582,588,2024,24.0,1,35.0
582,590,2024,24.0,3,28.0
582,597,2024,13.0,4,40.0
582,608,2024,39.0,3,88.0
582,616,2024,4.0,4,17.0
582,656,2025,6.0,3,65.0
582,659,2025,9.0,1,37.0
582,662,2025,9.0,4,41.0
582,665,2025,1.0,1,21.0
582,667,2025,1.0,3,3.0
582,669,2025,3.0,2,6.0
582,671,2025,3.0,4,2.0
590,563,2023,58.0,1,90.0
590,567,2023,4.0,3,11.0
590,585,2024,41.0,4,88.0
590,600,2024,82.0,1,45.0
590,602,2024,20.0,1,25.0
590,649,2025,23.0,2,56.0
590,658,2025,22.0,4,69.0
590,665,2025,23.0,2,72.0
590,667,2025,23.0,4,80.0
60,666,2025,60.0,4,76.0
60,669,2025,37.0,1,36.0
604,554,2023,67.0,4,74.0
604,584,2024,62.0,3,79.0
604,586,2024,35.0,1,49.0
604,588,2024,9.0,1,26.0
604,598,2024,9.0,4,78.0
604,600,2024,12.0,1,6.0
604,604,2024,4.0,3,16.0
604,642,2025,32.0,1,51.0
604,651,2025,15.0,4,27.0
604,654,2025,1.0,1,6.0
604,658,2025,6.0,4,40.0
604,660,2025,8.0,4,26.0
604,665,2025,31.0,3,52.0
604,673,2025,3.0,3,28.0
612,572,2023,15.0,3,12.0
612,583,2024,61.0,4,36.0
612,587,2024,1.0,2,19.0
612,599,2024,47.0,3,77.0
612,607,2024,27.0,1,40.0
612,610,2024,7.0,1,4.0
612,627,2025,12.0,4,17.0
612,659,2025,26.0,1,31.0
612,662,2025,18.0,2,28.0
612,667,2025,9.0,3,38.0
612,670,2025,20.0,4,57.0
612,676,2025,31.0,4,31.0
620,554,2023,19.0,4,70.0
620,615,2024,37.0,2,61.0
620,617,2024,4.0,1,12.0
620,664,2025,52.0,1,38.0
647,589,2024,60.0,2,74.0
647,591,2024,19.0,1,29.0
647,627,2025,70.0,3,81.0
655,558,2023,29.0,1,35.0
655,587,2024,53.0,1,29.0
655,594,2024,20.0,3,76.0
655,653,2025,48.0,3,87.0
655,656,2025,13.0,1,26.0
655,659,2025,7.0,1,15.0
655,662,2025,7.0,4,32.0
663,570,2023,11.0,1,16.0
663,572,2023,1.0,1,3.0
663,624,2024,27.0,3,9.0
663,648,2025,64.0,3,49.0
671,581,2024,4.0,2,54.0
671,584,2024,8.0,4,16.0
671,587,2024,3.0,2,21.0
671,598,2024,63.0,1,41.0
671,621,2024,25.0,2,48.0
671,628,2025,18.0,3,45.0
671,640,2025,37.0,1,84.0
671,649,2025,62.0,3,86.0
671,678,2025,54.0,1,79.0
680,577,2024,60.0,1,69.0
680,609,2024,32.0,3,55.0
680,626,2025,17.0,1,19.0
680,629,2025,4.0,2,29.0
680,667,2025,50.0,4,93.0
698,598,2024,74.0,3,24.0
698,601,2024,14.0,2,28.0
698,603,2024,11.0,1,7.0
698,607,2024,1.0,3,38.0
698,613,2024,2.0,3,11.0
698,658,2025,35.0,2,29.0
698,666,2025,29.0,4,59.0
701,550,2023,20.0,1,1.0
701,554,2023,1.0,4,2.0
701,556,2023,1.0,4,6.0
701,558,2023,2.0,4,3.0
701,582,2024,1.0,4,33.0
701,585,2024,4.0,1,47.0
701,627,2025,21.0,1,70.0
701,654,2025,82.0,2,73.0
701,659,2025,10.0,3,88.0
710,548,2023,64.0,1,37.0
710,559,2023,16.0,1,28.0
710,568,2023,17.0,3,49.0
710,582,2024,27.0,2,55.0
710,588,2024,5.0,4,41.0
710,601,2024,36.0,1,19.0
710,660,2025,40.0,4,76.0
728,559,2023,48.0,1,48.0
728,582,2024,38.0,1,58.0
728,589,2024,15.0,4,64.0
728,619,2024,42.0,2,54.0
728,628,2025,39.0,1,41.0
728,660,2025,86.0,4,86.0
728,669,2025,58.0,2,80.0
736,588,2024,86.0,1,94.0
736,598,2024,94.0,4,84.0
736,600,2024,5.0,1,50.0
736,607,2024,8.0,1,28.0
736,612,2024,2.0,3,8.0
736,614,2024,3.0,4,2.0
736,626,2025,28.0,3,36.0
736,630,2025,18.0,3,70.0
736,649,2025,93.0,2,94.0
736,658,2025,60.0,1,71.0
736,660,2025,28.0,1,36.0
736,666,2025,16.0,4,60.0
744,554,2023,7.0,1,21.0
744,558,2023,3.0,2,6.0
744,560,2023,3.0,4,27.0
744,582,2024,30.0,3,31.0
744,587,2024,11.0,3,53.0
744,598,2024,45.0,4,55.0
744,600,2024,9.0,1,3.0
744,603,2024,1.0,1,2.0
744,605,2024,1.0,3,3.0
744,614,2024,24.0,4,40.0
744,618,2024,1.0,1,4.0
744,622,2024,4.0,4,9.0
744,625,2024,1.0,2,32.0
744,649,2025,40.0,4,52.0
744,658,2025,11.0,1,43.0
744,660,2025,11.0,3,35.0
744,667,2025,48.0,1,70.0
744,675,2025,20.0,1,55.0
752,524,2023,14.0,1,3.0
752,549,2023,22.0,1,55.0
752,552,2023,7.0,1,6.0
752,558,2023,16.0,3,19.0
752,560,2023,13.0,1,9.0
752,563,2023,2.0,1,4.0
752,565,2023,1.0,1,12.0
752,570,2023,1.0,4,5.0
752,584,2024,5.0,3,51.0
752,588,2024,1.0,1,10.0
752,594,2024,1.0,2,3.0
752,598,2024,2.0,1,2.0
752,601,2024,2.0,4,6.0
752,608,2024,4.0,3,29.0
752,620,2024,39.0,4,41.0
752,622,2024,9.0,1,3.0
752,627,2025,6.0,4,30.0
752,631,2025,2.0,2,13.0
752,657,2025,54.0,4,34.0
752,660,2025,18.0,1,33.0
752,668,2025,53.0,3,71.0
760,538,2023,42.0,2,12.0
760,583,2024,20.0,3,50.0
760,592,2024,43.0,4,48.0
760,596,2024,19.0,3,36.0
760,609,2024,67.0,2,70.0
760,621,2024,19.0,4,65.0
760,648,2025,32.0,4,45.0
760,667,2025,64.0,4,78.0
760,671,2025,48.0,2,74.0
779,584,2024,54.0,4,62.0
779,587,2024,51.0,2,69.0
779,589,2024,34.0,1,51.0
779,594,2024,12.0,3,19.0
779,596,2024,6.0,1,15.0
779,600,2024,1.0,3,10.0
779,603,2024,1.0,4,53.0
779,608,2024,3.0,1,13.0
779,626,2025,60.0,4,91.0
779,663,2025,37.0,1,27.0
779,674,2025,70.0,4,83.0
78,538,2023,3.0,4,11.0
78,553,2023,29.0,2,29.0
78,562,2023,13.0,4,37.0
78,564,2023,13.0,1,21.0
78,592,2024,80.0,4,77.0
78,615,2024,58.0,2,73.0
78,619,2024,18.0,3,40.0
78,646,2025,28.0,4,41.0
78,649,2025,6.0,2,34.0
78,653,2025,12.0,3,29.0
78,657,2025,21.0,3,51.0
787,583,2024,41.0,3,72.0
787,602,2024,48.0,4,79.0
787,608,2024,12.0,4,51.0
787,620,2024,53.0,4,90.0
787,631,2025,35.0,4,16.0
787,648,2025,38.0,1,72.0
787,663,2025,45.0,2,82.0
787,670,2025,40.0,4,54.0
795,581,2024,24.0,1,21.0
795,589,2024,23.0,2,48.0
795,652,2025,10.0,4,11.0
795,655,2025,9.0,2,19.0
795,657,2025,9.0,4,12.0
795,659,2025,9.0,3,46.0
809,536,2023,66.0,4,33.0
809,553,2023,22.0,4,43.0
809,578,2024,30.0,3,78.0
809,585,2024,36.0,4,38.0
809,588,2024,15.0,2,25.0
809,606,2024,27.0,1,60.0
809,608,2024,13.0,1,16.0
809,619,2024,9.0,2,28.0
809,661,2025,32.0,4,58.0
809,667,2025,33.0,4,86.0
817,556,2023,17.0,1,13.0
817,562,2023,6.0,2,16.0
817,581,2024,53.0,1,57.0
817,583,2024,20.0,1,56.0
817,585,2024,15.0,1,37.0
817,587,2024,15.0,3,41.0
817,597,2024,63.0,4,78.0
817,627,2025,7.0,1,47.0
817,629,2025,4.0,1,10.0
817,631,2025,4.0,3,5.0
817,658,2025,44.0,3,77.0
817,665,2025,3.0,2,15.0
825,568,2023,12.0,2,32.0
825,579,2024,4.0,2,10.0
825,581,2024,1.0,1,8.0
825,584,2024,1.0,4,9.0
825,603,2024,32.0,4,66.0
825,605,2024,14.0,1,9.0
825,609,2024,6.0,3,44.0
825,630,2025,18.0,1,19.0
825,647,2025,57.0,1,7.0
825,658,2025,47.0,4,93.0
825,664,2025,39.0,2,71.0
825,667,2025,26.0,1,47.0
825,671,2025,34.0,3,29.0
825,674,2025,19.0,2,57.0
833,574,2024,11.0,4,8.0
833,609,2024,33.0,3,48.0
833,614,2024,4.0,3,81.0
833,655,2025,41.0,4,73.0
833,659,2025,60.0,1,75.0
833,664,2025,41.0,4,72.0
833,666,2025,7.0,1,33.0
841,541,2023,3.0,4,1.0
841,558,2023,4.0,4,9.0
841,566,2023,7.0,3,11.0
841,570,2023,2.0,3,18.0
841,575,2024,7.0,4,52.0
841,578,2024,3.0,1,5.0
841,586,2024,19.0,4,38.0
841,589,2024,13.0,1,32.0
841,591,2024,12.0,1,4.0
841,596,2024,6.0,3,13.0
841,598,2024,7.0,4,10.0
841,618,2024,14.0,3,24.0
841,642,2025,2.0,1,2.0
841,655,2025,34.0,4,82.0
841,667,2025,45.0,2,39.0
850,554,2023,3.0,1,8.0
850,560,2023,5.0,3,19.0
850,570,2023,14.0,3,57.0
850,573,2023,17.0,2,19.0
850,589,2024,80.0,3,69.0
850,599,2024,18.0,4,69.0
850,663,2025,50.0,4,70.0
850,667,2025,6.0,1,33.0
850,669,2025,6.0,3,14.0
850,671,2025,14.0,2,20.0
86,553,2023,75.0,3,74.0
86,558,2023,3.0,4,34.0
86,560,2023,9.0,1,2.0
86,582,2024,45.0,1,80.0
86,588,2024,20.0,4,47.0
86,607,2024,26.0,4,35.0
86,613,2024,12.0,1,47.0
86,615,2024,12.0,3,18.0
86,624,2024,22.0,3,44.0
86,649,2025,20.0,1,64.0
86,653,2025,4.0,3,33.0
86,658,2025,4.0,4,54.0
86,666,2025,9.0,3,69.0
86,673,2025,1.0,4,41.0
868,583,2024,11.0,2,54.0
868,597,2024,62.0,3,61.0
868,601,2024,2.0,2,40.0
868,617,2024,7.0,1,28.0
868,620,2024,2.0,2,7.0
868,623,2024,4.0,2,57.0
868,626,2025,2.0,2,6.0
868,629,2025,3.0,2,7.0
868,657,2025,45.0,4,76.0
868,664,2025,43.0,4,74.0
868,667,2025,26.0,2,71.0
868,670,2025,13.0,2,34.0
876,563,2023,5.0,2,42.0
876,568,2023,3.0,4,20.0
876,572,2023,3.0,3,47.0
876,581,2024,46.0,1,48.0
876,588,2024,1.0,4,49.0
876,596,2024,6.0,2,34.0
876,599,2024,4.0,2,8.0
876,601,2024,4.0,4,3.0
876,606,2024,4.0,4,18.0
876,614,2024,1.0,4,20.0
876,657,2025,12.0,4,44.0
876,660,2025,19.0,2,27.0
876,665,2025,17.0,2,23.0
876,669,2025,17.0,3,59.0
884,612,2024,69.0,1,13.0
884,658,2025,92.0,4,73.0
884,661,2025,39.0,2,86.0
884,669,2025,2.0,4,61.0
884,673,2025,11.0,3,64.0
892,554,2023,16.0,3,25.0
892,564,2023,8.0,3,13.0
892,569,2023,3.0,3,19.0
892,576,2024,7.0,1,47.0
892,582,2024,15.0,1,26.0
892,586,2024,2.0,1,16.0
892,593,2024,4.0,4,4.0
892,596,2024,1.0,2,2.0
892,598,2024,1.0,4,4.0
892,601,2024,1.0,1,5.0
892,605,2024,5.0,4,6.0
892,617,2024,7.0,4,61.0
892,658,2025,34.0,3,80.0
892,660,2025,45.0,4,47.0
892,664,2025,29.0,3,83.0
892,672,2025,39.0,2,35.0
892,677,2025,26.0,4,61.0
906,554,2023,13.0,2,27.0
906,556,2023,8.0,1,4.0
906,559,2023,1.0,1,2.0
906,563,2023,1.0,3,20.0
906,574,2024,3.0,3,49.0
906,587,2024,45.0,3,44.0
906,592,2024,7.0,2,11.0
906,594,2024,7.0,4,5.0
906,597,2024,3.0,2,5.0
906,601,2024,5.0,4,22.0
906,604,2024,17.0,2,18.0
906,608,2024,5.0,1,17.0
906,612,2024,17.0,4,10.0
906,618,2024,7.0,1,21.0
906,622,2024,21.0,4,59.0
906,624,2024,4.0,1,64.0
906,655,2025,21.0,4,66.0
906,670,2025,35.0,3,43.0
914,573,2023,26.0,1,27.0
914,587,2024,40.0,3,40.0
914,595,2024,20.0,2,15.0
914,617,2024,17.0,2,17.0
914,624,2024,8.0,4,16.0
914,670,2025,77.0,1,76.0
914,673,2025,27.0,1,48.0
922,547,2023,4.0,4,5.0
922,554,2023,2.0,3,15.0
922,566,2023,11.0,2,32.0
922,585,2024,26.0,2,33.0
922,593,2024,2.0,2,3.0
922,597,2024,3.0,4,6.0
922,606,2024,1.0,3,3.0
922,612,2024,2.0,4,6.0
922,614,2024,1.0,1,1.0
922,622,2024,14.0,4,16.0
922,631,2025,40.0,4,24.0
922,647,2025,16.0,1,12.0
922,655,2025,14.0,3,27.0
922,658,2025,25.0,4,51.0
922,664,2025,29.0,4,40.0
930,607,2024,77.0,3,76.0
930,659,2025,82.0,3,90.0
930,668,2025,61.0,1,78.0
94,533,2023,3.0,1,4.0
94,553,2023,30.0,3,30.0
94,556,2023,4.0,1,9.0
94,562,2023,8.0,3,21.0
94,567,2023,2.0,4,18.0
94,570,2023,1.0,2,8.0
94,581,2024,7.0,4,17.0
94,583,2024,11.0,1,37.0
94,592,2024,45.0,4,49.0
94,595,2024,24.0,2,53.0
94,598,2024,16.0,2,50.0
94,612,2024,57.0,1,56.0
94,614,2024,9.0,1,35.0
94,631,2025,41.0,2,38.0
94,663,2025,85.0,3,83.0
949,561,2023,23.0,3,37.0
949,573,2023,28.0,4,72.0
949,581,2024,12.0,1,13.0
949,583,2024,12.0,3,63.0
949,585,2024,8.0,1,59.0
949,587,2024,8.0,3,38.0
949,597,2024,13.0,3,46.0
949,618,2024,22.0,3,27.0
949,622,2024,1.0,3,22.0
949,655,2025,41.0,1,14.0
949,657,2025,12.0,1,18.0
949,661,2025,5.0,1,30.0
949,667,2025,24.0,3,41.0
949,670,2025,9.0,1,21.0
949,673,2025,9.0,4,32.0
