coluna_normalizada,agravo,bairro,chikungunya_2015,chikungunya_2016,chikungunya_2017,chikungunya_2018,chikungunya_2019,chikungunya_2020,chikungunya_2021,chikungunya_2022,chikungunya_2023,chikungunya_2024,chikungunya_2025,dengue_2013,dengue_2014,dengue_2015,dengue_2016,dengue_2017,dengue_2018,dengue_2019,dengue_2020,dengue_2021,dengue_2022,dengue_2023,dengue_2024,dengue_2025,distrito,municipio,uf,zika_2015,zika_2016,zika_2017,zika_2018,zika_2019,zika_2020,zika_2021,zika_2022,zika_2023,zika_2024,zika_2025
A92,False,False,False,False,True,False,False,False,False,False,False,False,False,False,False,False,False,False,False,False,False,False,False,False,False,False,False,False,False,False,False,False,False,False,False,False,False,False,False,False
ACIDO_PEPT,False,False,True,True,True,True,True,True,True,True,True,True,True,False,False,True,True,True,True,True,True,True,True,True,True,True,False,False,False,False,False,False,False,False,False,True,False,False,False,False
AGRAVO,True,False,False,False,False,False,False,False,False,False,False,False,False,False,False,False,False,False,False,False,False,False,False,False,False,False,False,False,False,False,False,False,False,False,False,False,False,False,False,False
ALRM_ABDOM,False,False,True,True,True,True,True,True,True,True,True,True,True,False,False,True,True,True,True,True,True,True,True,True,True,True,False,False,False,False,False,False,False,False,False,True,False,False,False,False
ALRM_HEMAT,False,False,True,True,True,True,True,True,True,True,True,True,True,False,False,True,True,True,True,True,True,True,True,True,True,True,False,False,False,False,False,False,False,False,False,True,False,False,False,False
ALRM_HEPAT,False,False,True,True,True,True,True,True,True,True,True,True,True,False,False,True,True,True,True,True,True,True,True,True,True,True,False,False,False,False,False,False,False,False,False,True,False,False,False,False
ALRM_HIPOT,False,False,True,True,True,True,True,True,True,True,True,True,True,False,False,True,True,True,True,True,True,True,True,True,True,True,False,False,False,False,False,False,False,False,False,True,False,False,False,False
ALRM_LETAR,False,False,True,True,True,True,True,True,True,True,True,True,True,False,False,True,True,True,True,True,True,True,True,True,True,True,False,False,False,False,False,False,False,False,False,True,False,False,False,False
ALRM_LIQ,False,False,True,True,True,True,True,True,True,True,True,True,True,False,False,True,True,True,True,True,True,True,True,True,True,True,False,False,False,False,False,False,False,False,False,True,False,False,False,False
ALRM_PLAQ,False,False,True,True,True,True,True,True,True,True,True,True,True,False,False,True,True,True,True,True,True,True,True,True,True,True,False,False,False,False,False,False,False,False,False,True,False,False,False,False
ALRM_SANG,False,False,True,True,True,True,True,True,True,True,True,True,True,False,False,True,True,True,True,True,True,True,True,True,True,True,False,False,False,False,False,False,False,False,False,True,False,False,False,False
ALRM_VOM,False,False,True,True,True,True,True,True,True,True,True,True,True,False,False,True,True,True,True,True,True,True,True,True,True,True,False,False,False,False,False,False,False,False,False,True,False,False,False,False
ANO_NOTIFICACAO,False,False,False,False,False,False,False,False,False,False,False,False,False,False,False,False,False,False,False,False,False,False,False,False,False,False,False,False,False,True,True,True,True,True,True,False,False,False,False,False
ARTRALGIA,False,False,True,True,True,True,True,True,True,True,True,True,True,False,False,True,True,True,True,True,True,True,True,True,True,True,False,False,False,False,False,False,False,False,False,True,False,False,False,False
ARTRITE,False,False,True,True,True,True,True,True,True,True,True,True,True,False,False,True,True,True,True,True,True,True,True,True,True,True,False,False,False,False,False,False,False,False,False,True,False,False,False,False
AUTO_IMUNE,False,False,True,True,True,True,True,True,True,True,True,True,True,False,False,True,True,True,True,True,True,True,True,True,True,True,False,False,False,False,False,False,False,False,False,True,False,False,False,False
CEFALEIA,False,False,True,True,True,True,True,True,True,True,True,True,True,False,False,True,True,True,True,True,True,True,True,True,True,True,False,False,False,False,False,False,False,False,False,True,False,False,False,False
CLASSI_FIN,False,False,False,False,False,False,False,False,True,True,True,True,True,False,False,False,False,False,False,False,False,True,True,True,True,True,False,False,False,False,False,False,False,False,False,True,True,True,True,True
CLINC_CHIK,False,False,True,True,True,True,True,True,True,True,True,True,True,False,False,True,True,True,True,True,True,True,True,True,True,True,False,False,False,False,False,False,False,False,False,True,False,False,False,False
CODIGO,False,False,False,False,False,False,False,False,False,False,False,False,False,False,False,False,False,False,False,False,False,False,False,False,False,False,False,False,True,False,False,False,False,False,False,False,False,False,False,False
CODISINF,False,False,False,False,False,False,False,False,True,True,True,True,True,False,False,False,False,False,False,False,False,True,True,True,True,True,False,False,False,False,False,False,False,False,False,True,True,True,True,True
COMPLICA,False,False,False,False,False,False,False,False,True,False,False,True,True,False,False,True,True,False,False,True,False,True,True,True,True,True,False,False,False,False,False,False,False,False,False,False,False,False,False,False
COMUNINF,False,False,False,False,False,False,False,False,True,True,True,True,True,False,False,False,False,False,False,False,False,True,True,True,True,True,False,False,False,False,False,False,False,False,False,True,True,True,True,True
CONF_FHD,False,False,True,False,False,False,False,False,False,False,False,False,False,False,False,False,False,False,False,True,False,False,False,False,False,False,False,False,False,False,False,False,False,False,False,False,False,False,False,False
CONJUNTVIT,False,False,False,False,False,False,False,False,True,True,True,True,True,False,False,False,False,False,False,False,False,True,True,True,True,True,False,False,False,False,False,False,False,False,False,True,False,False,False,False
CONJUTIVITE,False,False,True,True,True,True,True,True,False,False,False,False,False,False,False,True,True,True,True,True,True,False,False,False,False,False,False,False,False,False,False,False,False,False,False,False,False,False,False,False
CON_FHD,False,False,False,True,True,True,True,True,True,True,True,True,True,False,False,True,True,False,True,False,True,True,True,True,True,True,False,False,False,False,False,False,False,False,False,True,False,False,False,False
COPAISINF,False,False,False,False,False,False,False,False,True,True,True,True,True,False,False,False,False,False,False,False,False,True,True,True,True,True,False,False,False,False,False,False,False,False,False,True,True,True,True,True
COUFINF,False,False,False,False,False,False,False,False,True,True,True,True,True,False,False,False,False,False,False,False,False,True,True,True,True,True,False,False,False,False,False,False,False,False,False,True,True,True,True,True
CO_BAINF,False,False,False,False,False,False,False,False,True,True,True,True,True,False,False,False,False,False,False,False,False,True,True,True,True,True,False,False,False,False,False,False,False,False,False,True,False,False,False,False
CO_BAINFC,False,False,False,False,False,False,False,False,False,False,False,False,False,False,False,False,False,False,False,False,False,False,False,False,False,False,False,False,False,False,False,False,False,False,False,False,True,True,True,True
CO_BAIRRO_INFECCAO,False,False,True,True,True,True,True,True,False,False,False,False,False,True,True,True,True,True,True,True,True,False,False,False,False,False,False,False,False,True,True,True,True,True,True,False,False,False,False,False
CO_BAIRRO_RESIDENCIA,False,False,True,True,True,True,True,True,False,False,False,False,False,True,True,True,True,True,True,True,True,False,False,False,False,False,False,False,False,True,True,True,True,True,True,False,False,False,False,False
CO_CBO_OCUPACAO,False,False,True,True,True,True,True,True,False,False,False,False,False,True,True,True,True,True,True,True,True,False,False,False,False,False,False,False,False,False,False,False,False,False,False,False,False,False,False,False
CO_CID,False,False,True,True,False,True,True,True,False,False,False,False,False,True,True,True,True,True,True,True,True,False,False,False,False,False,False,False,False,True,True,True,True,True,True,False,False,False,False,False
CO_DISTRITO_INFECCAO,False,False,True,True,True,True,True,True,False,False,False,False,False,True,True,True,True,True,True,True,True,False,False,False,False,False,False,False,False,True,True,True,True,True,True,False,False,False,False,False
CO_DISTRITO_RESIDENCIA,False,False,True,True,True,True,True,True,False,False,False,False,False,True,True,True,True,True,True,True,True,False,False,False,False,False,False,False,False,True,True,True,True,True,True,False,False,False,False,False
CO_GEO_CAMPO_1,False,False,False,False,False,False,False,False,False,False,False,False,False,True,True,False,False,False,False,False,False,False,False,False,False,False,False,False,False,False,False,False,False,False,False,False,False,False,False,False
CO_GEO_CAMPO_2,False,False,False,False,False,False,False,False,False,False,False,False,False,True,True,False,False,False,False,False,False,False,False,False,False,False,False,False,False,False,False,False,False,False,False,False,False,False,False,False
CO_LOGRADOURO_RESIDENCIA,False,False,True,True,True,True,True,True,False,False,False,False,False,True,True,True,True,True,True,True,True,False,False,False,False,False,False,False,False,True,True,True,True,True,True,False,False,False,False,False
CO_MUNICIPIO_HOSPITAL,False,False,True,True,True,True,True,True,False,False,False,False,False,True,True,True,True,True,True,True,True,False,False,False,False,False,False,False,False,False,False,False,False,False,False,False,False,False,False,False
CO_MUNICIPIO_INFECCAO,False,False,True,True,True,True,True,True,False,False,False,False,False,True,True,True,True,True,True,True,True,False,False,False,False,False,False,False,False,True,True,True,True,True,True,False,False,False,False,False
CO_MUNICIPIO_NOTIFICACAO,False,False,True,True,True,True,True,True,False,False,False,False,False,True,True,True,True,True,True,True,True,False,False,False,False,False,False,False,False,True,True,True,True,True,True,False,False,False,False,False
CO_MUNICIPIO_RESIDENCIA,False,False,True,True,True,True,True,True,False,False,False,False,False,True,True,True,True,True,True,True,True,False,False,False,False,False,False,False,False,True,True,True,True,True,True,False,False,False,False,False
CO_PAIS_INFECCAO,False,False,True,True,True,True,True,True,False,False,False,False,False,True,True,True,True,True,True,True,True,False,False,False,False,False,False,False,False,True,True,True,True,True,True,False,False,False,False,False
CO_PAIS_RESIDENCIA,False,False,True,True,True,True,True,True,False,False,False,False,False,True,True,True,True,True,True,True,True,False,False,False,False,False,False,False,False,True,True,True,True,True,True,False,False,False,False,False
CO_REGIONAL_RESIDENCIA,False,False,True,True,True,True,True,True,False,False,False,False,False,True,True,True,True,True,True,True,True,False,False,False,False,False,False,False,False,False,False,False,False,False,False,False,False,False,False,False
CO_UF_HOSPITAL,False,False,True,True,True,True,True,True,False,False,False,False,False,True,True,True,True,True,True,True,True,False,False,False,False,False,False,False,False,False,False,False,False,False,False,False,False,False,False,False
CO_UF_INFECCAO,False,False,True,True,True,True,True,True,False,False,False,False,False,True,True,True,True,True,True,True,True,False,False,False,False,False,False,False,False,True,True,True,True,True,True,False,False,False,False,False
CO_UF_NOTIFICACAO,False,False,True,True,True,True,True,True,False,False,False,False,False,True,True,True,True,True,True,True,True,False,False,False,False,False,False,False,False,True,True,True,True,True,True,False,False,False,False,False
CO_UF_RESIDENCIA,False,False,True,True,True,True,True,True,False,False,False,False,False,True,True,True,True,True,True,True,True,False,False,False,False,False,False,False,False,True,True,True,True,True,True,False,False,False,False,False
CO_UNIDADE_HOSPITAL,False,False,False,False,False,False,False,False,False,False,False,False,False,True,True,False,False,False,False,False,False,False,False,False,False,False,False,False,False,False,False,False,False,False,False,False,False,False,False,False
CO_UNIDADE_NOTIFICACAO,False,False,True,True,True,True,True,True,False,False,False,False,False,True,True,True,True,True,True,True,True,False,False,False,False,False,False,False,False,True,True,True,True,True,True,False,False,False,False,False
CRITERIO,False,False,False,False,False,False,False,False,True,True,True,True,True,False,False,False,False,False,False,False,False,True,True,True,True,True,False,False,False,False,False,False,False,False,False,True,True,True,True,True
CS_ESCOL_N,False,False,False,False,False,False,False,False,True,True,True,True,True,False,False,False,False,False,False,False,False,True,True,True,True,True,False,False,False,False,False,False,False,False,False,True,True,True,True,True
CS_GESTANT,False,False,False,False,False,False,False,False,True,True,True,True,True,False,False,False,False,False,False,False,False,True,True,True,True,True,False,False,False,False,False,False,False,False,False,True,True,True,True,True
CS_RACA,False,False,False,False,False,False,False,False,True,True,True,True,True,False,False,False,False,False,False,False,False,True,True,True,True,True,False,False,False,False,False,False,False,False,False,True,True,True,True,True
CS_SEXO,False,False,False,False,False,False,False,False,True,True,True,True,True,False,False,False,False,False,False,False,False,True,True,True,True,True,False,False,False,False,False,False,False,False,False,True,True,True,True,True
CS_SUSPEIT,False,False,False,False,False,False,False,False,False,False,False,False,False,False,False,False,False,False,False,False,False,False,False,False,False,False,False,False,False,False,False,False,False,False,False,False,True,True,True,True
CS_ZONA,False,False,False,False,False,False,False,False,True,True,True,True,False,False,False,False,False,False,False,False,False,True,True,False,False,False,False,False,False,False,False,False,False,False,False,True,True,True,True,True
CÓDIGO,False,False,False,False,False,False,False,False,False,False,False,False,False,False,False,False,False,False,False,False,False,False,False,False,False,False,False,True,False,False,False,False,False,False,False,False,False,False,False,False
CÓDIGO CID,True,False,False,False,False,False,False,False,False,False,False,False,False,False,False,False,False,False,False,False,False,False,False,False,False,False,False,False,False,False,False,False,False,False,False,False,False,False,False,False
CÓDIGO DISTRITO,False,False,False,False,False,False,False,False,False,False,False,False,False,False,False,False,False,False,False,False,False,False,False,False,False,False,True,False,False,False,False,False,False,False,False,False,False,False,False,False
CÓDIGO MUNICÍPIO,False,False,False,False,False,False,False,False,False,False,False,False,False,False,False,False,False,False,False,False,False,False,False,False,False,False,True,False,False,False,False,False,False,False,False,False,False,False,False,False
DDD_HOSP,False,False,False,False,False,False,False,False,False,False,False,False,True,False,False,False,False,False,False,False,False,False,True,True,True,True,False,False,False,False,False,False,False,False,False,False,False,False,False,False
DDD_HOSPITAL,False,False,False,False,False,False,False,False,False,False,False,False,False,False,False,False,False,False,True,False,False,False,False,False,False,False,False,False,False,False,False,False,False,False,False,False,False,False,False,False
DESCRICAO,False,False,False,False,False,False,False,False,False,False,False,False,False,False,False,False,False,False,False,False,False,False,False,False,False,False,False,False,True,False,False,False,False,False,False,False,False,False,False,False
DIABETES,False,False,True,True,True,True,True,True,True,True,True,True,True,False,False,True,True,True,True,True,True,True,True,True,True,True,False,False,False,False,False,False,False,False,False,True,False,False,False,False
DISTRITO,False,False,False,False,False,False,False,False,False,False,False,False,False,False,False,False,False,False,False,False,False,False,False,False,False,False,True,False,False,False,False,False,False,False,False,False,False,False,False,False
DOENCA_TRA,False,False,False,False,False,False,False,False,True,True,True,True,True,False,False,False,False,False,False,False,False,True,True,True,True,True,False,False,False,False,False,False,False,False,False,True,True,True,True,True
DOR_COSTAS,False,False,True,True,True,True,True,True,True,True,True,True,True,False,False,True,True,True,True,True,True,True,True,True,True,True,False,False,False,False,False,False,False,False,False,True,False,False,False,False
DOR_RETRO,False,False,True,True,True,True,True,True,True,True,True,True,True,False,False,True,True,True,True,True,True,True,True,True,True,True,False,False,False,False,False,False,False,False,False,True,False,False,False,False
DS_IDENTIFICADOR_REGISTRO,False,False,False,False,False,False,False,False,False,False,False,False,False,True,True,False,False,False,False,False,False,False,False,False,False,False,False,False,False,False,False,False,False,False,False,False,False,False,False,False
DS_OBS,False,False,False,False,False,False,False,False,False,False,False,False,True,False,False,False,False,False,False,False,False,False,False,True,True,True,False,False,False,False,False,False,False,False,False,False,False,False,False,False
DS_REFERENCIA_RESIDENCIA,False,False,False,False,False,False,False,False,False,False,False,False,False,True,True,False,False,False,False,False,False,False,False,False,False,False,False,False,False,False,False,False,False,False,False,False,False,False,False,False
DS_SEMANA_NOTIFICACAO,False,False,True,True,True,True,True,True,False,False,False,False,False,True,True,True,True,True,True,True,True,False,False,False,False,False,False,False,False,True,True,True,True,True,True,False,False,False,False,False
DS_SEMANA_SINTOMA,False,False,True,True,True,True,True,True,False,False,False,False,False,True,True,True,True,True,True,True,True,False,False,False,False,False,False,False,False,True,True,True,True,True,True,False,False,False,False,False
DT_ALRM,False,False,True,True,True,True,True,True,True,True,True,True,True,False,False,True,True,True,True,True,True,True,True,True,True,True,False,False,False,False,False,False,False,False,False,True,False,False,False,False
DT_CHIK_S1,False,False,False,False,False,False,False,False,True,True,True,True,True,False,False,False,False,False,False,False,False,True,True,True,True,True,False,False,False,False,False,False,False,False,False,True,False,False,False,False
DT_CHIK_S2,False,False,False,False,False,False,False,False,True,True,True,True,True,False,False,False,False,False,False,False,False,True,True,True,True,True,False,False,False,False,False,False,False,False,False,True,False,False,False,False
DT_CHIL_S1,False,False,True,True,True,True,True,True,False,False,False,False,False,False,False,True,True,True,True,True,True,False,False,False,False,False,False,False,False,False,False,False,False,False,False,False,False,False,False,False
DT_CHIL_S2,False,False,True,True,True,True,True,True,False,False,False,False,False,False,False,True,True,True,True,True,True,False,False,False,False,False,False,False,False,False,False,False,False,False,False,False,False,False,False,False
DT_COLETA_EXAME,False,False,True,True,True,True,True,True,False,False,False,False,False,True,True,True,True,True,True,True,True,False,False,False,False,False,False,False,False,False,False,False,False,False,False,False,False,False,False,False
DT_COLETA_ISOLAMENTO,False,False,True,True,True,True,True,True,False,False,False,False,False,True,True,True,True,True,True,True,True,False,False,False,False,False,False,False,False,False,False,False,False,False,False,False,False,False,False,False
DT_COLETA_NS1,False,False,True,True,True,True,True,True,False,False,False,False,False,True,True,True,True,True,True,True,True,False,False,False,False,False,False,False,False,False,False,False,False,False,False,False,False,False,False,False
DT_COLETA_RTPCR,False,False,True,True,True,True,True,True,False,False,False,False,False,True,True,True,True,True,True,True,True,False,False,False,False,False,False,False,False,False,False,False,False,False,False,False,False,False,False,False
DT_DIAGNOSTICO_SINTOMA,False,False,True,True,True,True,True,True,False,False,False,False,False,True,True,True,True,True,True,True,True,False,False,False,False,False,False,False,False,True,True,True,True,True,True,False,False,False,False,False
DT_DIGITACAO,False,False,False,False,False,False,False,False,False,False,False,False,False,True,True,False,False,False,False,False,False,False,False,False,False,False,False,False,False,False,False,False,False,False,False,False,False,False,False,False
DT_ENCERRA,False,False,False,False,False,False,False,False,True,True,True,True,True,False,False,False,False,False,False,False,False,True,True,True,True,True,False,False,False,True,True,True,True,True,True,True,True,True,True,True
DT_ENCERRAMENTO,False,False,True,True,True,True,True,True,False,False,False,False,False,True,True,True,True,True,True,True,True,False,False,False,False,False,False,False,False,False,False,False,False,False,False,False,False,False,False,False
DT_GRAV,False,False,True,True,True,True,True,True,True,True,True,True,True,False,False,True,True,False,False,True,True,True,True,True,True,True,False,False,False,False,False,False,False,False,False,True,False,False,False,False
DT_INTERNA,False,False,False,False,False,False,False,False,True,True,True,True,True,False,False,False,False,False,False,False,False,True,True,True,True,True,False,False,False,False,False,False,False,False,False,True,False,False,False,False
DT_INTERNACAO,False,False,True,True,True,True,True,True,False,False,False,False,False,True,True,True,True,True,True,True,True,False,False,False,False,False,False,False,False,False,False,False,False,False,False,False,False,False,False,False
DT_INVEST,False,False,False,False,False,False,False,False,True,True,True,True,True,False,False,False,False,False,False,False,False,True,True,True,True,True,False,False,False,False,False,False,False,False,False,True,True,True,True,True
DT_INVESTIGACAO,False,False,True,True,True,True,True,True,False,False,False,False,False,True,True,True,True,True,True,True,True,False,False,False,False,False,False,False,False,True,True,True,True,True,True,False,False,False,False,False
DT_NASC,False,False,False,False,False,False,False,False,True,True,True,True,True,False,False,False,False,False,False,False,False,True,True,True,True,True,False,False,False,False,False,False,False,False,False,True,True,True,True,True
DT_NASCIMENTO,False,False,True,True,True,True,True,True,False,False,False,False,False,True,True,True,True,True,True,True,True,False,False,False,False,False,False,False,False,True,True,True,True,True,True,False,False,False,False,False
DT_NOTIFIC,False,False,False,False,False,False,False,False,True,True,True,True,True,False,False,False,False,False,False,False,False,True,True,True,True,True,False,False,False,False,False,False,False,False,False,True,True,True,True,True
DT_NOTIFICACAO,False,False,True,True,True,True,True,True,False,False,False,False,False,True,True,True,True,True,True,True,True,False,False,False,False,False,False,False,False,True,True,True,True,True,True,False,False,False,False,False
DT_NS1,False,False,False,False,False,False,False,False,True,True,True,True,True,False,False,False,False,False,False,False,False,True,True,True,True,True,False,False,False,False,False,False,False,False,False,True,False,False,False,False
DT_OBITO,False,False,True,True,True,True,True,True,True,True,True,True,True,True,True,True,True,True,True,True,True,True,True,True,True,True,False,False,False,True,True,True,True,True,True,True,True,True,True,True
DT_PCR,False,False,False,False,False,False,False,False,True,True,True,True,True,False,False,False,False,False,False,False,False,True,True,True,True,True,False,False,False,False,False,False,False,False,False,True,False,False,False,False
DT_PRNT,False,False,True,True,True,True,True,True,True,True,True,True,True,False,False,True,True,True,True,True,True,True,True,True,True,True,False,False,False,False,False,False,False,False,False,True,False,False,False,False
DT_SIN_PRI,False,False,False,False,False,False,False,False,True,True,True,True,True,False,False,False,False,False,False,False,False,True,True,True,True,True,False,False,False,False,False,False,False,False,False,True,True,True,True,True
DT_SORO,False,False,False,False,False,False,False,False,True,True,True,True,True,False,False,False,False,False,False,False,False,True,True,True,True,True,False,False,False,False,False,False,False,False,False,True,False,False,False,False
DT_TRANSF_DM,False,False,False,False,False,False,False,False,False,False,False,False,False,True,True,False,False,False,False,False,False,False,False,False,False,False,False,False,False,False,False,False,False,False,False,False,False,False,False,False
DT_TRANSF_RM,False,False,False,False,False,False,False,False,False,False,False,False,False,True,True,False,False,False,False,False,False,False,False,False,False,False,False,False,False,False,False,False,False,False,False,False,False,False,False,False
DT_TRANSF_RS,False,False,False,False,False,False,False,False,False,False,False,False,False,True,True,False,False,False,False,False,False,False,False,False,False,False,False,False,False,False,False,False,False,False,False,False,False,False,False,False
DT_TRANSF_SE,False,False,False,False,False,False,False,False,False,False,False,False,False,True,True,False,False,False,False,False,False,False,False,False,False,False,False,False,False,False,False,False,False,False,False,False,False,False,False,False
DT_TRANSF_SM,False,False,False,False,False,False,False,False,False,False,False,False,False,True,True,False,False,False,False,False,False,False,False,False,False,False,False,False,False,False,False,False,False,False,False,False,False,False,False,False
DT_TRANSF_US,False,False,False,False,False,False,False,False,False,False,False,False,False,True,True,False,False,False,False,False,False,False,False,False,False,False,False,False,False,False,False,False,False,False,False,False,False,False,False,False
DT_VIRAL,False,False,False,False,False,False,False,False,True,True,True,True,True,False,False,False,False,False,False,False,False,True,True,True,True,True,False,False,False,False,False,False,False,False,False,True,False,False,False,False
EPISTAXE,False,False,True,True,True,True,True,True,True,True,True,True,True,False,False,True,True,True,True,True,True,True,True,True,True,True,False,False,False,False,False,False,False,False,False,True,False,False,False,False
EVIDENCIA,False,False,True,True,True,True,True,True,True,True,True,True,True,False,False,True,True,True,True,True,True,True,True,True,True,True,False,False,False,False,False,False,False,False,False,True,False,False,False,False
EVOLUCAO,False,False,False,False,False,False,False,False,True,True,True,True,True,False,False,False,False,False,False,False,False,True,True,True,True,True,False,False,False,False,False,False,False,False,False,True,True,True,True,True
EXANTEMA,False,False,True,True,True,True,True,True,True,True,True,True,True,False,False,True,True,True,True,True,True,True,True,True,True,True,False,False,False,False,False,False,False,False,False,True,False,False,False,False
FEBRE,False,False,True,True,True,True,True,True,True,True,True,True,True,False,False,True,True,True,True,True,True,True,True,True,True,True,False,False,False,False,False,False,False,False,False,True,False,False,False,False
GENGIVO,False,False,True,True,True,True,True,True,True,True,True,True,True,False,False,True,True,True,True,True,True,True,True,True,True,True,False,False,False,False,False,False,False,False,False,True,False,False,False,False
GRAV_AST,False,False,True,True,True,True,True,True,True,True,True,True,True,False,False,True,True,False,False,True,True,True,True,True,True,True,False,False,False,False,False,False,False,False,False,True,False,False,False,False
GRAV_CONSC,False,False,True,True,True,True,True,True,True,True,True,True,True,False,False,True,True,False,False,True,True,True,True,True,True,True,False,False,False,False,False,False,False,False,False,True,False,False,False,False
GRAV_CONV,False,False,True,True,True,True,True,True,True,True,True,True,True,False,False,True,True,False,False,True,True,True,True,True,True,True,False,False,False,False,False,False,False,False,False,True,False,False,False,False
GRAV_ENCH,False,False,True,True,True,True,True,True,True,True,True,True,True,False,False,True,True,False,False,True,True,True,True,True,True,True,False,False,False,False,False,False,False,False,False,True,False,False,False,False
GRAV_EXTRE,False,False,True,True,True,True,True,True,True,True,True,True,True,False,False,True,True,False,False,True,True,True,True,True,True,True,False,False,False,False,False,False,False,False,False,True,False,False,False,False
GRAV_HEMAT,False,False,True,True,True,True,True,True,True,True,True,True,True,False,False,True,True,False,False,True,True,True,True,True,True,True,False,False,False,False,False,False,False,False,False,True,False,False,False,False
GRAV_HIPOT,False,False,True,True,True,True,True,True,True,True,True,True,True,False,False,True,True,False,False,True,True,True,True,True,True,True,False,False,False,False,False,False,False,False,False,True,False,False,False,False
GRAV_INSUF,False,False,True,True,True,True,True,True,True,True,True,True,True,False,False,True,True,False,False,True,True,True,True,True,True,True,False,False,False,False,False,False,False,False,False,True,False,False,False,False
GRAV_MELEN,False,False,True,True,True,True,True,True,True,True,True,True,True,False,False,True,True,False,False,True,True,True,True,True,True,True,False,False,False,False,False,False,False,False,False,True,False,False,False,False
GRAV_METRO,False,False,True,True,True,True,True,True,True,True,True,True,True,False,False,True,True,False,False,True,True,True,True,True,True,True,False,False,False,False,False,False,False,False,False,True,False,False,False,False
GRAV_MIOC,False,False,True,True,True,True,True,True,True,True,True,True,True,False,False,True,True,False,False,True,True,True,True,True,True,True,False,False,False,False,False,False,False,False,False,True,False,False,False,False
GRAV_ORGAO,False,False,True,True,True,True,True,True,True,True,True,True,True,False,False,True,True,False,False,True,True,True,True,True,True,True,False,False,False,False,False,False,False,False,False,True,False,False,False,False
GRAV_PULSO,False,False,True,True,True,True,True,True,True,True,True,True,True,False,False,True,True,False,False,True,True,True,True,True,True,True,False,False,False,False,False,False,False,False,False,True,False,False,False,False
GRAV_SANG,False,False,True,True,True,True,True,True,True,True,True,True,True,False,False,True,True,False,False,True,True,True,True,True,True,True,False,False,False,False,False,False,False,False,False,True,False,False,False,False
GRAV_TAQUI,False,False,True,True,True,True,True,True,True,True,True,True,True,False,False,True,True,False,False,True,True,True,True,True,True,True,False,False,False,False,False,False,False,False,False,True,False,False,False,False
HEMATOLOG,False,False,True,True,True,True,True,True,True,True,True,True,True,False,False,True,True,True,True,True,True,True,True,True,True,True,False,False,False,False,False,False,False,False,False,True,False,False,False,False
HEMATURA,False,False,True,True,True,True,True,True,True,True,True,True,True,False,False,True,True,True,True,True,True,True,True,True,True,True,False,False,False,False,False,False,False,False,False,True,False,False,False,False
HEPATOPAT,False,False,True,True,True,True,True,True,True,True,True,True,True,False,False,True,True,True,True,True,True,True,True,True,True,True,False,False,False,False,False,False,False,False,False,True,False,False,False,False
HIPERTENSA,False,False,False,False,False,False,False,False,True,True,True,True,True,False,False,False,False,False,False,False,False,True,True,True,True,True,False,False,False,False,False,False,False,False,False,True,False,False,False,False
HIPERTENSAO,False,False,True,True,True,True,True,True,False,False,False,False,False,False,False,True,True,True,True,True,True,False,False,False,False,False,False,False,False,False,False,False,False,False,False,False,False,False,False,False
HISTOPA_N,False,False,False,False,False,False,False,False,True,True,True,True,True,False,False,False,False,False,False,False,False,True,True,True,True,True,False,False,False,False,False,False,False,False,False,True,False,False,False,False
HOSPITAL,False,False,False,False,False,False,False,False,False,False,False,False,True,False,False,False,False,False,True,False,False,False,True,True,True,True,False,False,False,False,False,False,False,False,False,False,False,False,False,False
HOSPITALIZ,False,False,False,False,False,False,False,False,True,True,True,True,True,False,False,False,False,False,False,False,False,True,True,True,True,True,False,False,False,False,False,False,False,False,False,True,False,False,False,False
ID_AGRAVO,False,False,False,False,False,False,False,False,True,True,True,True,True,False,False,False,False,False,False,False,False,True,True,True,True,True,False,False,False,False,False,False,False,False,False,True,True,True,True,True
ID_BAIRRO,False,False,False,False,False,False,False,False,True,True,True,True,True,False,False,False,False,False,False,False,False,True,True,True,True,True,False,False,False,False,False,False,False,False,False,True,True,True,True,True
ID_DISTRIT,False,False,False,False,False,False,False,False,True,True,True,True,True,False,False,False,False,False,False,False,False,True,True,True,True,True,False,False,False,False,False,False,False,False,False,True,True,True,True,True
ID_LOGRADO,False,False,False,False,False,False,False,False,True,True,True,True,True,False,False,False,False,False,False,False,False,True,True,True,True,True,False,False,False,False,False,False,False,False,False,True,True,True,True,True
ID_MN_RESI,False,False,False,False,False,False,False,False,True,True,True,True,True,False,False,False,False,False,False,False,False,True,True,True,True,True,False,False,False,False,False,False,False,False,False,True,True,True,True,True
ID_MUNICIP,False,False,False,False,False,False,False,False,True,True,True,True,True,False,False,False,False,False,False,False,False,True,True,True,True,True,False,False,False,False,False,False,False,False,False,True,True,True,True,True
ID_OCUPA_N,False,False,False,False,False,False,False,False,True,True,True,True,True,False,False,False,False,False,False,False,False,True,True,True,True,True,False,False,False,False,False,False,False,False,False,True,True,True,True,True
ID_PAIS,False,False,False,False,False,False,False,False,True,True,True,True,True,False,False,False,False,False,False,False,False,True,True,True,True,True,False,False,False,False,False,False,False,False,False,True,True,True,True,True
ID_REGIONA,False,False,False,False,False,False,False,False,True,True,True,True,True,False,False,False,False,False,False,False,False,True,True,True,True,True,False,False,False,False,False,False,False,False,False,True,True,True,True,True
ID_REGIONAL,False,False,True,True,True,True,True,True,False,False,False,False,False,True,True,True,True,True,True,True,True,False,False,False,False,False,False,False,False,True,True,True,True,True,True,False,False,False,False,False
ID_RG_RESI,False,False,False,False,False,False,False,False,True,True,True,True,True,False,False,False,False,False,False,False,False,True,True,True,True,True,False,False,False,False,False,False,False,False,False,True,True,True,True,True
ID_RG_RESIDENCIA,False,False,False,False,False,False,False,False,False,False,False,False,False,False,False,False,False,False,False,False,False,False,False,False,False,False,False,False,False,True,True,True,True,True,True,False,False,False,False,False
ID_UNIDADE,False,False,False,False,False,False,False,False,True,True,True,True,True,False,False,False,False,False,False,False,False,True,True,True,True,True,False,False,False,False,False,False,False,False,False,True,True,True,True,True
IMUNOH_N,False,False,False,False,False,False,False,False,True,True,True,True,True,False,False,False,False,False,False,False,False,True,True,True,True,True,False,False,False,False,False,False,False,False,False,True,False,False,False,False
IN_VINCULA,False,False,False,False,False,False,False,False,False,False,False,False,False,False,False,False,False,False,False,False,False,False,False,False,False,False,False,False,False,False,False,False,False,False,False,False,True,True,True,True
LACO,False,False,True,True,True,True,True,True,True,True,True,True,True,False,False,True,True,True,True,True,True,True,True,True,True,True,False,False,False,False,False,False,False,False,False,True,False,False,False,False
LACO_N,False,False,True,True,True,True,True,True,True,True,True,True,True,False,False,True,True,True,True,True,True,True,True,True,True,True,False,False,False,False,False,False,False,False,False,True,False,False,False,False
LEUCOPENIA,False,False,True,True,True,True,True,True,True,True,True,True,True,False,False,True,True,True,True,True,True,True,True,True,True,True,False,False,False,False,False,False,False,False,False,True,False,False,False,False
MAMI_HEMOR,False,False,True,True,True,True,True,True,False,False,False,False,False,False,False,False,False,False,False,False,False,False,False,False,False,False,False,False,False,False,False,False,False,False,False,False,False,False,False,False
MANI_HEMOR,False,False,False,False,False,False,False,False,True,True,True,True,True,False,False,True,True,False,False,True,True,True,True,True,True,True,False,False,False,False,False,False,False,False,False,True,False,False,False,False
METRO,False,False,True,True,True,True,True,True,True,True,True,True,True,False,False,True,True,True,True,True,True,True,True,True,True,True,False,False,False,False,False,False,False,False,False,True,False,False,False,False
MIALGIA,False,False,True,True,True,True,True,True,True,True,True,True,True,False,False,True,True,True,True,True,True,True,True,True,True,True,False,False,False,False,False,False,False,False,False,True,False,False,False,False
MUNICIPIO,False,False,False,False,False,False,False,False,True,True,True,True,True,False,False,False,False,False,False,False,False,False,True,True,True,True,False,False,False,False,False,False,False,False,False,True,False,False,False,False
MUNICÍPIO,False,False,False,False,False,False,False,False,False,False,False,False,False,False,False,False,False,False,False,False,False,False,False,False,False,False,True,True,False,False,False,False,False,False,False,False,False,False,False,False
NAUSEA,False,False,True,True,True,True,True,True,True,True,True,True,True,False,False,True,True,True,True,True,True,True,True,True,True,True,False,False,False,False,False,False,False,False,False,True,False,False,False,False
NDUPLIC_N,False,False,False,False,False,False,False,False,False,False,False,False,False,False,False,False,False,False,False,False,False,False,False,False,False,False,False,False,False,False,False,False,False,False,False,False,True,True,True,True
NM_BAIRRO,False,False,False,False,False,False,False,False,True,True,True,True,True,False,False,False,False,False,False,False,False,True,True,True,True,True,False,False,False,False,False,False,False,False,False,True,True,True,True,True
NM_LOGRADO,False,False,False,False,False,False,False,False,True,True,True,True,True,False,False,False,False,False,False,False,False,True,True,True,True,True,False,False,False,False,False,False,False,False,False,True,True,True,True,True
NM_LOGRADOURO_RESIDENCIA,False,False,False,False,False,False,False,False,False,False,False,False,False,False,False,False,False,False,False,False,False,False,False,False,False,False,False,False,False,True,True,True,True,True,True,False,False,False,False,False
NOBAIINF,False,False,False,False,False,False,False,False,True,True,True,True,True,False,False,False,False,False,False,False,False,True,True,True,True,True,False,False,False,False,False,False,False,False,False,True,True,True,True,True
NOME LOCALIDADE,False,True,False,False,False,False,False,False,False,False,False,False,False,False,False,False,False,False,False,False,False,False,False,False,False,False,False,False,False,False,False,False,False,False,False,False,False,False,False,False
NOME MUNICÍPIO,False,True,False,False,False,False,False,False,False,False,False,False,False,False,False,False,False,False,False,False,False,False,False,False,False,False,False,False,False,False,False,False,False,False,False,False,False,False,False,False
NOME_LOGRADOURO_RESIDENCIA,False,False,True,True,True,True,True,True,False,False,False,False,False,True,True,True,True,True,True,True,True,False,False,False,False,False,False,False,False,False,False,False,False,False,False,False,False,False,False,False
NOTIFICACAO_ANO,False,False,True,True,True,True,True,True,False,False,False,False,False,True,True,True,True,True,True,True,True,False,False,False,False,False,False,False,False,False,False,False,False,False,False,False,False,False,False,False
NO_BAIRRO_INFECCAO,False,False,True,True,True,True,True,True,False,False,False,False,False,True,True,True,True,True,True,True,True,False,False,False,False,False,False,False,False,True,True,True,True,True,True,False,False,False,False,False
NO_BAIRRO_RESIDENCIA,False,False,True,True,True,True,True,True,False,False,False,False,False,True,True,True,True,True,True,True,True,False,False,False,False,False,False,False,False,True,True,True,True,True,True,False,False,False,False,False
NU_ANO,False,False,False,False,False,False,False,False,True,True,True,True,True,False,False,False,False,False,False,False,False,True,True,True,True,True,False,False,False,False,False,False,False,False,False,True,True,True,True,True
NU_CEP,False,False,False,False,False,False,False,False,True,True,True,True,True,False,False,False,False,False,False,False,False,True,True,True,True,True,False,False,False,False,False,False,False,False,False,True,True,True,True,True
NU_CEP_RESIDENCIA,False,False,True,True,True,True,True,True,False,False,False,False,False,True,True,True,True,True,True,True,True,False,False,False,False,False,False,False,False,True,True,True,True,True,True,False,False,False,False,False
NU_DDD_HOSPITAL,False,False,False,False,False,False,False,False,False,False,False,False,False,True,True,False,False,False,False,False,False,False,False,False,False,False,False,False,False,False,False,False,False,False,False,False,False,False,False,False
NU_IDADE,False,False,True,True,True,True,True,True,False,False,False,False,False,True,True,True,True,True,True,True,True,False,False,False,False,False,False,False,False,True,True,True,True,True,True,False,False,False,False,False
NU_IDADE_N,False,False,False,False,False,False,False,False,True,True,True,True,True,False,False,False,False,False,False,False,False,True,True,True,True,True,False,False,False,False,False,False,False,False,False,True,True,True,True,True
NU_LOTE_HORIZONTAL,False,False,False,False,False,False,False,False,False,False,False,False,False,True,True,False,False,False,False,False,False,False,False,False,False,False,False,False,False,False,False,False,False,False,False,False,False,False,False,False
NU_LOTE_I,False,False,False,False,False,False,False,False,False,False,False,False,True,False,False,False,False,False,False,False,False,True,True,True,True,True,False,False,False,False,False,False,False,False,False,False,False,False,False,False
NU_LOTE_VERTICAL,False,False,False,False,False,False,False,False,False,False,False,False,False,True,True,False,False,False,False,False,False,False,False,False,False,False,False,False,False,False,False,False,False,False,False,False,False,False,False,False
NU_NOTIFIC,False,False,False,False,False,False,False,False,True,True,True,True,True,False,False,False,False,False,False,False,False,True,True,True,True,True,False,False,False,False,False,False,False,False,False,True,True,True,True,True
NU_NOTIFICACAO,False,False,True,True,True,True,True,True,False,False,False,False,False,True,True,True,True,True,True,True,True,False,False,False,False,False,False,False,False,True,True,True,True,True,True,False,False,False,False,False
NU_TELEFONE_HOSPITAL,False,False,False,False,False,False,False,False,False,False,False,False,False,True,True,False,False,False,False,False,False,False,False,False,False,False,False,False,False,False,False,False,False,False,False,False,False,False,False,False
Nº LOCALIDADE,False,True,False,False,False,False,False,False,False,False,False,False,False,False,False,False,False,False,False,False,False,False,False,False,False,False,False,False,False,False,False,False,False,False,False,False,False,False,False,False
PETEQUIAS,False,False,True,True,True,True,True,True,True,True,True,True,True,False,False,True,True,True,True,True,True,True,True,True,True,True,False,False,False,False,False,False,False,False,False,True,False,False,False,False
PETEQUIA_N,False,False,True,True,True,True,True,True,True,True,True,True,True,False,False,True,True,True,True,True,True,True,True,True,True,True,False,False,False,False,False,False,False,False,False,True,False,False,False,False
PLAQ_MENOR,False,False,True,True,True,True,True,True,True,True,True,True,True,False,False,True,True,True,True,True,True,True,True,True,True,True,False,False,False,False,False,False,False,False,False,True,False,False,False,False
PLASMATICO,False,False,True,True,True,True,True,True,True,True,True,True,True,False,False,True,True,True,True,True,True,True,True,True,True,True,False,False,False,False,False,False,False,False,False,True,False,False,False,False
RENAL,False,False,True,True,True,True,True,True,True,True,True,True,True,False,False,True,True,True,True,True,True,True,True,True,True,True,False,False,False,False,False,False,False,False,False,True,False,False,False,False
RESUL_NS1,False,False,False,False,False,False,False,False,True,True,True,True,True,False,False,False,False,False,False,False,False,True,True,True,True,True,False,False,False,False,False,False,False,False,False,True,False,False,False,False
RESUL_PCR_,False,False,False,False,False,False,False,False,True,True,True,True,True,False,False,False,False,False,False,False,False,True,True,True,True,True,False,False,False,False,False,False,False,False,False,True,False,False,False,False
RESUL_PRNT,False,False,True,True,True,True,True,True,True,True,True,True,True,False,False,True,True,True,True,True,True,True,True,True,True,True,False,False,False,False,False,False,False,False,False,True,False,False,False,False
RESUL_SORO,False,False,False,False,False,False,False,False,True,True,True,True,True,False,False,False,False,False,False,False,False,True,True,True,True,True,False,False,False,False,False,False,False,False,False,True,False,False,False,False
RESUL_VI_N,False,False,False,False,False,False,False,False,True,True,True,True,True,False,False,False,False,False,False,False,False,True,True,True,True,True,False,False,False,False,False,False,False,False,False,True,False,False,False,False
RES_CHIKS1,False,False,True,True,True,True,True,True,True,True,True,True,True,False,False,True,True,True,True,True,True,True,True,True,True,True,False,False,False,False,False,False,False,False,False,True,False,False,False,False
RES_CHIKS2,False,False,True,True,True,True,True,True,True,True,True,True,True,False,False,True,True,True,True,True,True,True,True,True,True,True,False,False,False,False,False,False,False,False,False,True,False,False,False,False
SANGRAM,False,False,True,True,True,True,True,True,True,True,True,True,True,False,False,True,True,True,True,True,True,True,True,True,True,True,False,False,False,False,False,False,False,False,False,True,False,False,False,False
SEM_NOT,False,False,False,False,False,False,False,False,True,True,True,True,True,False,False,False,False,False,False,False,False,True,True,True,True,True,False,False,False,False,False,False,False,False,False,True,True,True,True,True
SEM_PRI,False,False,False,False,False,False,False,False,True,True,True,True,True,False,False,False,False,False,False,False,False,True,True,True,True,True,False,False,False,False,False,False,False,False,False,True,True,True,True,True
SG_UF,False,False,False,False,False,False,False,False,True,True,True,True,True,False,False,False,False,False,False,False,False,True,True,True,True,True,False,False,False,False,False,False,False,False,False,True,True,True,True,True
SG_UF_NOT,False,False,False,False,False,False,False,False,True,True,True,True,True,False,False,False,False,False,False,False,False,True,True,True,True,True,False,False,False,False,False,False,False,False,False,True,True,True,True,True
SIGLA,False,False,False,False,False,False,False,False,False,False,False,False,False,False,False,False,False,False,False,False,False,False,False,False,False,False,False,False,True,False,False,False,False,False,False,False,False,False,False,False
SOROTIPO,False,False,False,False,False,False,False,False,True,True,True,True,True,False,False,False,False,False,False,False,False,True,True,True,True,True,False,False,False,False,False,False,False,False,False,True,False,False,False,False
ST_DOENCA_TRABALHO,False,False,True,True,True,True,True,True,False,False,False,False,False,True,True,True,True,True,True,True,True,False,False,False,False,False,False,False,False,True,True,True,True,True,True,False,False,False,False,False
ST_FLUXO_RETORNO_RECEBIDO,False,False,False,False,False,False,False,False,False,False,False,False,False,True,True,False,False,False,False,False,False,False,False,False,False,False,False,False,False,False,False,False,False,False,False,False,False,False,False,False
ST_IMPORTADO,False,False,False,False,False,False,False,False,False,False,False,False,False,True,True,False,False,False,False,False,False,False,False,False,False,False,False,False,False,False,False,False,False,False,False,False,False,False,False,False
ST_OCORREU_HOSPITALIZACAO,False,False,True,True,True,True,True,True,False,False,False,False,False,True,True,True,True,True,True,True,True,False,False,False,False,False,False,False,False,False,False,False,False,False,False,False,False,False,False,False
TEL_HOSP,False,False,False,False,False,False,False,False,False,False,False,False,True,False,False,False,False,False,False,False,False,False,True,True,True,True,False,False,False,False,False,False,False,False,False,False,False,False,False,False
TEL_HOSPITAL,False,False,False,False,False,False,False,False,False,False,False,False,False,False,False,False,False,False,True,False,False,False,False,False,False,False,False,False,False,False,False,False,False,False,False,False,False,False,False,False
TPAUTOCTO,False,False,False,False,False,False,False,False,True,True,True,True,True,False,False,False,False,False,False,False,False,True,True,True,True,True,False,False,False,False,False,False,False,False,False,True,True,True,True,True
TP_AUTOCTONE_RESIDENCIA,False,False,True,True,True,True,True,True,False,False,False,False,False,True,True,True,True,True,True,True,True,False,False,False,False,False,False,False,False,True,True,True,True,True,True,False,False,False,False,False
TP_CLASSIFICACAO_FINAL,False,False,True,True,True,True,True,True,False,False,False,False,False,True,True,True,True,True,True,True,True,False,False,False,False,False,False,False,False,True,True,True,True,True,True,False,False,False,False,False
TP_CRITERIO_CONFIRMACAO,False,False,True,True,True,True,True,True,False,False,False,False,False,True,True,True,True,True,True,True,True,False,False,False,False,False,False,False,False,True,True,True,True,True,True,False,False,False,False,False
TP_DUPLICIDADE,False,False,False,False,False,False,False,False,False,False,False,False,False,True,True,False,False,False,False,False,False,False,False,False,False,False,False,False,False,False,False,False,False,False,False,False,False,False,False,False
TP_ESCOLARIDADE,False,False,True,True,True,True,True,True,False,False,False,False,False,True,True,True,True,True,True,True,True,False,False,False,False,False,False,False,False,True,True,True,True,True,True,False,False,False,False,False
TP_EVOLUCAO_CASO,False,False,True,True,True,True,True,True,False,False,False,False,False,True,True,True,True,True,True,True,True,False,False,False,False,False,False,False,False,True,True,True,True,True,True,False,False,False,False,False
TP_FLUXO_RETORNO,False,False,False,False,False,False,False,False,False,False,False,False,False,True,True,False,False,False,False,False,False,False,False,False,False,False,False,False,False,False,False,False,False,False,False,False,False,False,False,False
TP_GESTANTE,False,False,True,True,True,True,True,True,False,False,False,False,False,True,True,True,True,True,True,True,True,False,False,False,False,False,False,False,False,True,True,True,True,True,True,False,False,False,False,False
TP_NOT,False,False,False,False,False,False,False,False,True,True,True,True,True,False,False,False,False,False,False,False,False,True,True,True,True,True,False,False,False,False,False,False,False,False,False,True,True,True,True,True
TP_NOTIFICACAO,False,False,True,True,True,True,True,True,False,False,False,False,False,True,True,True,True,True,True,True,True,False,False,False,False,False,False,False,False,True,True,True,True,True,True,False,False,False,False,False
TP_RACA_COR,False,False,True,True,True,True,True,True,False,False,False,False,False,True,True,True,True,True,True,True,True,False,False,False,False,False,False,False,False,True,True,True,True,True,True,False,False,False,False,False
TP_RESULT_EXAME,False,False,True,True,True,True,True,True,False,False,False,False,False,True,True,True,True,True,True,True,True,False,False,False,False,False,False,False,False,False,False,False,False,False,False,False,False,False,False,False
TP_RESULT_HISTOPATOLOGIA,False,False,True,True,True,True,True,True,False,False,False,False,False,True,True,True,True,True,True,True,True,False,False,False,False,False,False,False,False,False,False,False,False,False,False,False,False,False,False,False
TP_RESULT_IMUNOHISTOQUIMICA,False,False,True,True,True,True,True,True,False,False,False,False,False,True,True,True,True,True,True,True,True,False,False,False,False,False,False,False,False,False,False,False,False,False,False,False,False,False,False,False
TP_RESULT_ISOLAMENTO,False,False,True,True,True,True,True,True,False,False,False,False,False,True,True,True,True,True,True,True,True,False,False,False,False,False,False,False,False,False,False,False,False,False,False,False,False,False,False,False
TP_RESULT_NS1,False,False,True,True,True,True,True,True,False,False,False,False,False,True,True,True,True,True,True,True,True,False,False,False,False,False,False,False,False,False,False,False,False,False,False,False,False,False,False,False
TP_RESULT_RTPCR,False,False,True,True,True,True,True,True,False,False,False,False,False,True,True,True,True,True,True,True,True,False,False,False,False,False,False,False,False,False,False,False,False,False,False,False,False,False,False,False
TP_SEXO,False,False,True,True,True,True,True,True,False,False,False,False,False,True,True,True,True,True,True,True,True,False,False,False,False,False,False,False,False,True,True,True,True,True,True,False,False,False,False,False
TP_SOROTIPO,False,False,True,True,True,True,True,True,False,False,False,False,False,True,True,True,True,True,True,True,True,False,False,False,False,False,False,False,False,False,False,False,False,False,False,False,False,False,False,False
TP_ZONA_RESIDENCIA,False,False,True,True,True,True,True,True,False,False,False,False,False,True,True,True,True,True,True,True,True,False,False,False,False,False,False,False,False,True,True,True,True,True,True,False,False,False,False,False
UF,False,False,False,False,False,False,False,False,True,True,True,True,True,False,False,False,False,False,False,False,False,True,True,True,True,True,False,True,False,False,False,False,False,False,False,True,False,False,False,False
UNNAMED: 126,False,False,False,False,False,False,False,False,False,False,False,True,False,False,False,False,False,False,False,False,False,False,False,False,False,False,False,False,False,False,False,False,False,False,False,False,False,False,False,False
UNNAMED: 127,False,False,False,False,False,False,False,False,False,False,False,True,False,False,False,False,False,False,False,False,False,False,False,False,False,False,False,False,False,False,False,False,False,False,False,False,False,False,False,False
UNNAMED: 128,False,False,False,False,False,False,False,False,False,False,False,True,False,False,False,False,False,False,False,False,False,False,False,False,False,False,False,False,False,False,False,False,False,False,False,False,False,False,False,False
UNNAMED: 129,False,False,False,False,False,False,False,False,False,False,False,True,False,False,False,False,False,False,False,False,False,False,False,False,False,False,False,False,False,False,False,False,False,False,False,False,False,False,False,False
UNNAMED: 130,False,False,False,False,False,False,False,False,False,False,False,True,False,False,False,False,False,False,False,False,False,False,False,False,False,False,False,False,False,False,False,False,False,False,False,False,False,False,False,False
UNNAMED: 131,False,False,False,False,False,False,False,False,False,False,False,True,False,False,False,False,False,False,False,False,False,False,False,False,False,False,False,False,False,False,False,False,False,False,False,False,False,False,False,False
UNNAMED: 132,False,False,False,False,False,False,False,False,False,False,False,True,False,False,False,False,False,False,False,False,False,False,False,False,False,False,False,False,False,False,False,False,False,False,False,False,False,False,False,False
UNNAMED: 133,False,False,False,False,False,False,False,False,False,False,False,True,False,False,False,False,False,False,False,False,False,False,False,False,False,False,False,False,False,False,False,False,False,False,False,False,False,False,False,False
UNNAMED: 134,False,False,False,False,False,False,False,False,False,False,False,True,False,False,False,False,False,False,False,False,False,False,False,False,False,False,False,False,False,False,False,False,False,False,False,False,False,False,False,False
UNNAMED: 135,False,False,False,False,False,False,False,False,False,False,False,True,False,False,False,False,False,False,False,False,False,False,False,False,False,False,False,False,False,False,False,False,False,False,False,False,False,False,False,False
UNNAMED: 136,False,False,False,False,False,False,False,False,False,False,False,True,False,False,False,False,False,False,False,False,False,False,False,False,False,False,False,False,False,False,False,False,False,False,False,False,False,False,False,False
UNNAMED: 137,False,False,False,False,False,False,False,False,False,False,False,True,False,False,False,False,False,False,False,False,False,False,False,False,False,False,False,False,False,False,False,False,False,False,False,False,False,False,False,False
UNNAMED: 138,False,False,False,False,False,False,False,False,False,False,False,True,False,False,False,False,False,False,False,False,False,False,False,False,False,False,False,False,False,False,False,False,False,False,False,False,False,False,False,False
UNNAMED: 139,False,False,False,False,False,False,False,False,False,False,False,True,False,False,False,False,False,False,False,False,False,False,False,False,False,False,False,False,False,False,False,False,False,False,False,False,False,False,False,False
UNNAMED: 140,False,False,False,False,False,False,False,False,False,False,False,True,False,False,False,False,False,False,False,False,False,False,False,False,False,False,False,False,False,False,False,False,False,False,False,False,False,False,False,False
UNNAMED: 141,False,False,False,False,False,False,False,False,False,False,False,True,False,False,False,False,False,False,False,False,False,False,False,False,False,False,False,False,False,False,False,False,False,False,False,False,False,False,False,False
UNNAMED: 142,False,False,False,False,False,False,False,False,False,False,False,True,False,False,False,False,False,False,False,False,False,False,False,False,False,False,False,False,False,False,False,False,False,False,False,False,False,False,False,False
VOMITO,False,False,True,True,True,True,True,True,True,True,True,True,True,False,False,True,True,True,True,True,True,True,True,True,True,True,False,False,False,False,False,False,False,False,False,True,False,False,False,False
