id_semana_epi,agravo,ano_epidemiologico,semana_epidemiologica,is_observado,casos,banda_80_inferior,banda_80_superior,banda_95_inferior,banda_95_superior
201301,DENGUE,2013,1,True,8,,,,
201302,DENGUE,2013,2,True,23,,,,
201303,DENGUE,2013,3,True,29,,,,
201304,DENGUE,2013,4,True,18,,,,
201305,DENGUE,2013,5,True,30,,,,
201306,DENGUE,2013,6,True,26,,,,
201307,DENGUE,2013,7,True,36,,,,
201308,DENGUE,2013,8,True,46,,,,
201309,DENGUE,2013,9,True,50,,,,
201310,DENGUE,2013,10,True,47,,,,
201311,DENGUE,2013,11,True,49,,,,
201312,DENGUE,2013,12,True,54,,,,
201313,DENGUE,2013,13,True,64,,,,
201314,DENGUE,2013,14,True,166,,,,
201315,DENGUE,2013,15,True,140,,,,
201316,DENGUE,2013,16,True,135,,,,
201317,DENGUE,2013,17,True,155,,,,
201318,DENGUE,2013,18,True,134,,,,
201319,DENGUE,2013,19,True,211,,,,
201320,DENGUE,2013,20,True,141,,,,
201321,DENGUE,2013,21,True,156,,,,
201322,DENGUE,2013,22,True,139,,,,
201323,DENGUE,2013,23,True,120,,,,
201324,DENGUE,2013,24,True,86,,,,
201325,DENGUE,2013,25,True,79,,,,
201326,DENGUE,2013,26,True,55,,,,
201327,DENGUE,2013,27,True,58,,,,
201328,DENGUE,2013,28,True,36,,,,
201329,DENGUE,2013,29,True,47,,,,
201330,DENGUE,2013,30,True,59,,,,
201331,DENGUE,2013,31,True,54,,,,
201332,DENGUE,2013,32,True,54,,,,
201333,DENGUE,2013,33,True,44,,,,
201334,DENGUE,2013,34,True,33,,,,
201335,DENGUE,2013,35,True,45,,,,
201336,DENGUE,2013,36,True,27,,,,
201337,DENGUE,2013,37,True,29,,,,
201338,DENGUE,2013,38,True,33,,,,
201339,DENGUE,2013,39,True,21,,,,
201340,DENGUE,2013,40,True,58,,,,
201341,DENGUE,2013,41,True,31,,,,
201342,DENGUE,2013,42,True,36,,,,
201343,DENGUE,2013,43,True,71,,,,
201344,DENGUE,2013,44,True,47,,,,
201345,DENGUE,2013,45,True,42,,,,
201346,DENGUE,2013,46,True,22,,,,
201347,DENGUE,2013,47,True,28,,,,
201348,DENGUE,2013,48,True,35,,,,
201349,DENGUE,2013,49,True,38,,,,
201350,DENGUE,2013,50,True,23,,,,
201351,DENGUE,2013,51,True,26,,,,
201352,DENGUE,2013,52,True,26,,,,
201401,DENGUE,2014,1,True,20,,,,
201402,DENGUE,2014,2,True,36,,,,
201403,DENGUE,2014,3,True,31,,,,
201404,DENGUE,2014,4,True,38,,,,
201405,DENGUE,2014,5,True,58,,,,
201406,DENGUE,2014,6,True,40,,,,
201407,DENGUE,2014,7,True,37,,,,
201408,DENGUE,2014,8,True,51,,,,
201409,DENGUE,2014,9,True,44,,,,
201410,DENGUE,2014,10,True,21,,,,
201411,DENGUE,2014,11,True,48,,,,
201412,DENGUE,2014,12,True,48,,,,
201413,DENGUE,2014,13,True,38,,,,
201414,DENGUE,2014,14,True,34,,,,
201415,DENGUE,2014,15,True,39,,,,
201416,DENGUE,2014,16,True,46,,,,
201417,DENGUE,2014,17,True,51,,,,
201418,DENGUE,2014,18,True,45,,,,
201419,DENGUE,2014,19,True,61,,,,
201420,DENGUE,2014,20,True,57,,,,
201421,DENGUE,2014,21,True,76,,,,
201422,DENGUE,2014,22,True,61,,,,
201423,DENGUE,2014,23,True,52,,,,
201424,DENGUE,2014,24,True,47,,,,
201425,DENGUE,2014,25,True,31,,,,
201426,DENGUE,2014,26,True,29,,,,
201427,DENGUE,2014,27,True,16,,,,
201428,DENGUE,2014,28,True,26,,,,
201429,DENGUE,2014,29,True,15,,,,
201430,DENGUE,2014,30,True,4,,,,
201431,DENGUE,2014,31,True,1,,,,
201432,DENGUE,2014,32,True,0,,,,
201433,DENGUE,2014,33,True,0,,,,
201434,DENGUE,2014,34,True,0,,,,
201435,DENGUE,2014,35,True,0,,,,
201436,DENGUE,2014,36,True,0,,,,
201437,DENGUE,2014,37,True,0,,,,
201438,DENGUE,2014,38,True,0,,,,
201439,DENGUE,2014,39,True,0,,,,
201440,DENGUE,2014,40,True,0,,,,
201441,DENGUE,2014,41,True,0,,,,
201442,DENGUE,2014,42,True,0,,,,
201443,DENGUE,2014,43,True,0,,,,
201444,DENGUE,2014,44,True,0,,,,
201445,DENGUE,2014,45,True,0,,,,
201446,DENGUE,2014,46,True,0,,,,
201447,DENGUE,2014,47,True,0,,,,
201448,DENGUE,2014,48,True,0,,,,
201449,DENGUE,2014,49,True,0,,,,
201450,DENGUE,2014,50,True,0,,,,
201451,DENGUE,2014,51,True,0,,,,
201452,DENGUE,2014,52,True,0,,,,
201453,DENGUE,2014,53,True,0,,,,
201501,DENGUE,2015,1,True,131,,,,
201502,DENGUE,2015,2,True,259,,,,
201503,DENGUE,2015,3,True,326,,,,
201504,DENGUE,2015,4,True,444,,,,
201505,DENGUE,2015,5,True,518,,,,
201506,DENGUE,2015,6,True,592,,,,
201507,DENGUE,2015,7,True,402,,,,
201508,DENGUE,2015,8,True,677,,,,
201509,DENGUE,2015,9,True,722,,,,
201510,DENGUE,2015,10,True,1123,,,,
201511,DENGUE,2015,11,True,1327,,,,
201512,DENGUE,2015,12,True,1450,,,,
201513,DENGUE,2015,13,True,1127,,,,
201514,DENGUE,2015,14,True,1542,,,,
201515,DENGUE,2015,15,True,1374,,,,
201516,DENGUE,2015,16,True,1291,,,,
201517,DENGUE,2015,17,True,1321,,,,
201518,DENGUE,2015,18,True,1237,,,,
201519,DENGUE,2015,19,True,975,,,,
201520,DENGUE,2015,20,True,754,,,,
201521,DENGUE,2015,21,True,552,,,,
201522,DENGUE,2015,22,True,499,,,,
201523,DENGUE,2015,23,True,491,,,,
201524,DENGUE,2015,24,True,455,,,,
201525,DENGUE,2015,25,True,295,,,,
201526,DENGUE,2015,26,True,371,,,,
201527,DENGUE,2015,27,True,423,,,,
201528,DENGUE,2015,28,True,222,,,,
201529,DENGUE,2015,29,True,347,,,,
201530,DENGUE,2015,30,True,299,,,,
201531,DENGUE,2015,31,True,252,,,,
201532,DENGUE,2015,32,True,182,,,,
201533,DENGUE,2015,33,True,307,,,,
201534,DENGUE,2015,34,True,489,,,,
201535,DENGUE,2015,35,True,362,,,,
201536,DENGUE,2015,36,True,335,,,,
201537,DENGUE,2015,37,True,271,,,,
201538,DENGUE,2015,38,True,209,,,,
201539,DENGUE,2015,39,True,258,,,,
201540,DENGUE,2015,40,True,420,,,,
201541,DENGUE,2015,41,True,471,,,,
201542,DENGUE,2015,42,True,558,,,,
201543,DENGUE,2015,43,True,467,,,,
201544,DENGUE,2015,44,True,455,,,,
201545,DENGUE,2015,45,True,841,,,,
201546,DENGUE,2015,46,True,962,,,,
201547,DENGUE,2015,47,True,866,,,,
201548,DENGUE,2015,48,True,1082,,,,
201549,DENGUE,2015,49,True,777,,,,
201550,DENGUE,2015,50,True,931,,,,
201551,DENGUE,2015,51,True,595,,,,
201552,DENGUE,2015,52,True,658,,,,
201601,DENGUE,2016,1,True,762,,,,
201602,DENGUE,2016,2,True,870,,,,
201603,DENGUE,2016,3,True,1086,,,,
201604,DENGUE,2016,4,True,1136,,,,
201605,DENGUE,2016,5,True,1170,,,,
201606,DENGUE,2016,6,True,733,,,,
201607,DENGUE,2016,7,True,1783,,,,
201608,DENGUE,2016,8,True,1495,,,,
201609,DENGUE,2016,9,True,1260,,,,
201610,DENGUE,2016,10,True,872,,,,
201611,DENGUE,2016,11,True,853,,,,
201612,DENGUE,2016,12,True,541,,,,
201613,DENGUE,2016,13,True,681,,,,
201614,DENGUE,2016,14,True,502,,,,
201615,DENGUE,2016,15,True,450,,,,
201616,DENGUE,2016,16,True,538,,,,
201617,DENGUE,2016,17,True,419,,,,
201618,DENGUE,2016,18,True,396,,,,
201619,DENGUE,2016,19,True,258,,,,
201620,DENGUE,2016,20,True,415,,,,
201621,DENGUE,2016,21,True,287,,,,
201622,DENGUE,2016,22,True,189,,,,
201623,DENGUE,2016,23,True,190,,,,
201624,DENGUE,2016,24,True,231,,,,
201625,DENGUE,2016,25,True,123,,,,
201626,DENGUE,2016,26,True,188,,,,
201627,DENGUE,2016,27,True,171,,,,
201628,DENGUE,2016,28,True,86,,,,
201629,DENGUE,2016,29,True,98,,,,
201630,DENGUE,2016,30,True,78,,,,
201631,DENGUE,2016,31,True,69,,,,
201632,DENGUE,2016,32,True,71,,,,
201633,DENGUE,2016,33,True,127,,,,
201634,DENGUE,2016,34,True,75,,,,
201635,DENGUE,2016,35,True,56,,,,
201636,DENGUE,2016,36,True,56,,,,
201637,DENGUE,2016,37,True,64,,,,
201638,DENGUE,2016,38,True,78,,,,
201639,DENGUE,2016,39,True,82,,,,
201640,DENGUE,2016,40,True,95,,,,
201641,DENGUE,2016,41,True,35,,,,
201642,DENGUE,2016,42,True,58,,,,
201643,DENGUE,2016,43,True,56,,,,
201644,DENGUE,2016,44,True,41,,,,
201645,DENGUE,2016,45,True,35,,,,
201646,DENGUE,2016,46,True,26,,,,
201647,DENGUE,2016,47,True,61,,,,
201648,DENGUE,2016,48,True,32,,,,
201649,DENGUE,2016,49,True,45,,,,
201650,DENGUE,2016,50,True,41,,,,
201651,DENGUE,2016,51,True,45,,,,
201652,DENGUE,2016,52,True,32,,,,
201701,DENGUE,2017,1,True,34,,,,
201702,DENGUE,2017,2,True,52,,,,
201703,DENGUE,2017,3,True,42,,,,
201704,DENGUE,2017,4,True,49,,,,
201705,DENGUE,2017,5,True,48,,,,
201706,DENGUE,2017,6,True,84,,,,
201707,DENGUE,2017,7,True,88,,,,
201708,DENGUE,2017,8,True,59,,,,
201709,DENGUE,2017,9,True,27,,,,
201710,DENGUE,2017,10,True,49,,,,
201711,DENGUE,2017,11,True,88,,,,
201712,DENGUE,2017,12,True,52,,,,
201713,DENGUE,2017,13,True,128,,,,
201714,DENGUE,2017,14,True,66,,,,
201715,DENGUE,2017,15,True,61,,,,
201716,DENGUE,2017,16,True,36,,,,
201717,DENGUE,2017,17,True,49,,,,
201718,DENGUE,2017,18,True,45,,,,
201719,DENGUE,2017,19,True,90,,,,
201720,DENGUE,2017,20,True,59,,,,
201721,DENGUE,2017,21,True,50,,,,
201722,DENGUE,2017,22,True,51,,,,
201723,DENGUE,2017,23,True,68,,,,
201724,DENGUE,2017,24,True,53,,,,
201725,DENGUE,2017,25,True,68,,,,
201726,DENGUE,2017,26,True,72,,,,
201727,DENGUE,2017,27,True,25,,,,
201728,DENGUE,2017,28,True,23,,,,
201729,DENGUE,2017,29,True,28,,,,
201730,DENGUE,2017,30,True,31,,,,
201731,DENGUE,2017,31,True,37,,,,
201732,DENGUE,2017,32,True,40,,,,
201733,DENGUE,2017,33,True,52,,,,
201734,DENGUE,2017,34,True,37,,,,
201735,DENGUE,2017,35,True,42,,,,
201736,DENGUE,2017,36,True,33,,,,
201737,DENGUE,2017,37,True,40,,,,
201738,DENGUE,2017,38,True,41,,,,
201739,DENGUE,2017,39,True,71,,,,
201740,DENGUE,2017,40,True,60,,,,
201741,DENGUE,2017,41,True,31,,,,
201742,DENGUE,2017,42,True,24,,,,
201743,DENGUE,2017,43,True,43,,,,
201744,DENGUE,2017,44,True,33,,,,
201745,DENGUE,2017,45,True,30,,,,
201746,DENGUE,2017,46,True,46,,,,
201747,DENGUE,2017,47,True,25,,,,
201748,DENGUE,2017,48,True,22,,,,
201749,DENGUE,2017,49,True,26,,,,
201750,DENGUE,2017,50,True,25,,,,
201751,DENGUE,2017,51,True,36,,,,
201752,DENGUE,2017,52,True,17,,,,
201801,DENGUE,2018,1,True,30,,,,
201802,DENGUE,2018,2,True,14,,,,
201803,DENGUE,2018,3,True,14,,,,
201804,DENGUE,2018,4,True,28,,,,
201805,DENGUE,2018,5,True,28,,,,
201806,DENGUE,2018,6,True,22,,,,
201807,DENGUE,2018,7,True,29,,,,
201808,DENGUE,2018,8,True,49,,,,
201809,DENGUE,2018,9,True,25,,,,
201810,DENGUE,2018,10,True,39,,,,
201811,DENGUE,2018,11,True,47,,,,
201812,DENGUE,2018,12,True,38,,,,
201813,DENGUE,2018,13,True,24,,,,
201814,DENGUE,2018,14,True,88,,,,
201815,DENGUE,2018,15,True,67,,,,
201816,DENGUE,2018,16,True,75,,,,
201817,DENGUE,2018,17,True,102,,,,
201818,DENGUE,2018,18,True,73,,,,
201819,DENGUE,2018,19,True,85,,,,
201820,DENGUE,2018,20,True,111,,,,
201821,DENGUE,2018,21,True,83,,,,
201822,DENGUE,2018,22,True,81,,,,
201823,DENGUE,2018,23,True,82,,,,
201824,DENGUE,2018,24,True,84,,,,
201825,DENGUE,2018,25,True,77,,,,
201826,DENGUE,2018,26,True,64,,,,
201827,DENGUE,2018,27,True,53,,,,
201828,DENGUE,2018,28,True,54,,,,
201829,DENGUE,2018,29,True,65,,,,
201830,DENGUE,2018,30,True,71,,,,
201831,DENGUE,2018,31,True,40,,,,
201832,DENGUE,2018,32,True,71,,,,
201833,DENGUE,2018,33,True,43,,,,
201834,DENGUE,2018,34,True,40,,,,
201835,DENGUE,2018,35,True,67,,,,
201836,DENGUE,2018,36,True,41,,,,
201837,DENGUE,2018,37,True,42,,,,
201838,DENGUE,2018,38,True,50,,,,
201839,DENGUE,2018,39,True,32,,,,
201840,DENGUE,2018,40,True,37,,,,
201841,DENGUE,2018,41,True,44,,,,
201842,DENGUE,2018,42,True,33,,,,
201843,DENGUE,2018,43,True,49,,,,
201844,DENGUE,2018,44,True,39,,,,
201845,DENGUE,2018,45,True,42,,,,
201846,DENGUE,2018,46,True,42,,,,
201847,DENGUE,2018,47,True,42,,,,
201848,DENGUE,2018,48,True,42,,,,
201849,DENGUE,2018,49,True,43,,,,
201850,DENGUE,2018,50,True,37,,,,
201851,DENGUE,2018,51,True,33,,,,
201852,DENGUE,2018,52,True,22,,,,
201901,DENGUE,2019,1,True,23,,,,
201902,DENGUE,2019,2,True,45,,,,
201903,DENGUE,2019,3,True,25,,,,
201904,DENGUE,2019,4,True,16,,,,
201905,DENGUE,2019,5,True,16,,,,
201906,DENGUE,2019,6,True,27,,,,
201907,DENGUE,2019,7,True,85,,,,
201908,DENGUE,2019,8,True,62,,,,
201909,DENGUE,2019,9,True,49,,,,
201910,DENGUE,2019,10,True,26,,,,
201911,DENGUE,2019,11,True,66,,,,
201912,DENGUE,2019,12,True,66,,,,
201913,DENGUE,2019,13,True,96,,,,
201914,DENGUE,2019,14,True,83,,,,
201915,DENGUE,2019,15,True,91,,,,
201916,DENGUE,2019,16,True,79,,,,
201917,DENGUE,2019,17,True,140,,,,
201918,DENGUE,2019,18,True,198,,,,
201919,DENGUE,2019,19,True,205,,,,
201920,DENGUE,2019,20,True,175,,,,
201921,DENGUE,2019,21,True,248,,,,
201922,DENGUE,2019,22,True,237,,,,
201923,DENGUE,2019,23,True,173,,,,
201924,DENGUE,2019,24,True,161,,,,
201925,DENGUE,2019,25,True,155,,,,
201926,DENGUE,2019,26,True,204,,,,
201927,DENGUE,2019,27,True,241,,,,
201928,DENGUE,2019,28,True,217,,,,
201929,DENGUE,2019,29,True,219,,,,
201930,DENGUE,2019,30,True,190,,,,
201931,DENGUE,2019,31,True,183,,,,
201932,DENGUE,2019,32,True,199,,,,
201933,DENGUE,2019,33,True,200,,,,
201934,DENGUE,2019,34,True,229,,,,
201935,DENGUE,2019,35,True,180,,,,
201936,DENGUE,2019,36,True,227,,,,
201937,DENGUE,2019,37,True,187,,,,
201938,DENGUE,2019,38,True,191,,,,
201939,DENGUE,2019,39,True,226,,,,
201940,DENGUE,2019,40,True,281,,,,
201941,DENGUE,2019,41,True,197,,,,
201942,DENGUE,2019,42,True,159,,,,
201943,DENGUE,2019,43,True,227,,,,
201944,DENGUE,2019,44,True,137,,,,
201945,DENGUE,2019,45,True,299,,,,
201946,DENGUE,2019,46,True,100,,,,
201947,DENGUE,2019,47,True,105,,,,
201948,DENGUE,2019,48,True,68,,,,
201949,DENGUE,2019,49,True,41,,,,
201950,DENGUE,2019,50,True,59,,,,
201951,DENGUE,2019,51,True,90,,,,
201952,DENGUE,2019,52,True,42,,,,
202001,DENGUE,2020,1,True,43,,,,
202002,DENGUE,2020,2,True,51,,,,
202003,DENGUE,2020,3,True,62,,,,
202004,DENGUE,2020,4,True,55,,,,
202005,DENGUE,2020,5,True,40,,,,
202006,DENGUE,2020,6,True,38,,,,
202007,DENGUE,2020,7,True,48,,,,
202008,DENGUE,2020,8,True,57,,,,
202009,DENGUE,2020,9,True,50,,,,
202010,DENGUE,2020,10,True,50,,,,
202011,DENGUE,2020,11,True,63,,,,
202012,DENGUE,2020,12,True,77,,,,
202013,DENGUE,2020,13,True,25,,,,
202014,DENGUE,2020,14,True,12,,,,
202015,DENGUE,2020,15,True,21,,,,
202016,DENGUE,2020,16,True,23,,,,
202017,DENGUE,2020,17,True,18,,,,
202018,DENGUE,2020,18,True,8,,,,
202019,DENGUE,2020,19,True,11,,,,
202020,DENGUE,2020,20,True,28,,,,
202021,DENGUE,2020,21,True,22,,,,
202022,DENGUE,2020,22,True,11,,,,
202023,DENGUE,2020,23,True,31,,,,
202024,DENGUE,2020,24,True,88,,,,
202025,DENGUE,2020,25,True,102,,,,
202026,DENGUE,2020,26,True,73,,,,
202027,DENGUE,2020,27,True,160,,,,
202028,DENGUE,2020,28,True,171,,,,
202029,DENGUE,2020,29,True,140,,,,
202030,DENGUE,2020,30,True,179,,,,
202031,DENGUE,2020,31,True,198,,,,
202032,DENGUE,2020,32,True,147,,,,
202033,DENGUE,2020,33,True,131,,,,
202034,DENGUE,2020,34,True,113,,,,
202035,DENGUE,2020,35,True,95,,,,
202036,DENGUE,2020,36,True,133,,,,
202037,DENGUE,2020,37,True,91,,,,
202038,DENGUE,2020,38,True,95,,,,
202039,DENGUE,2020,39,True,125,,,,
202040,DENGUE,2020,40,True,102,,,,
202041,DENGUE,2020,41,True,80,,,,
202042,DENGUE,2020,42,True,38,,,,
202043,DENGUE,2020,43,True,77,,,,
202044,DENGUE,2020,44,True,75,,,,
202045,DENGUE,2020,45,True,64,,,,
202046,DENGUE,2020,46,True,66,,,,
202047,DENGUE,2020,47,True,35,,,,
202048,DENGUE,2020,48,True,42,,,,
202049,DENGUE,2020,49,True,28,,,,
202050,DENGUE,2020,50,True,32,,,,
202051,DENGUE,2020,51,True,32,,,,
202052,DENGUE,2020,52,True,11,,,,
202053,DENGUE,2020,53,True,18,,,,
202101,DENGUE,2021,1,True,41,,,,
202102,DENGUE,2021,2,True,32,,,,
202103,DENGUE,2021,3,True,29,,,,
202104,DENGUE,2021,4,True,25,,,,
202105,DENGUE,2021,5,True,45,,,,
202106,DENGUE,2021,6,True,28,,,,
202107,DENGUE,2021,7,True,45,,,,
202108,DENGUE,2021,8,True,57,,,,
202109,DENGUE,2021,9,True,39,,,,
202110,DENGUE,2021,10,True,81,,,,
202111,DENGUE,2021,11,True,50,,,,
202112,DENGUE,2021,12,True,52,,,,
202113,DENGUE,2021,13,True,53,,,,
202114,DENGUE,2021,14,True,63,,,,
202115,DENGUE,2021,15,True,89,,,,
202116,DENGUE,2021,16,True,108,,,,
202117,DENGUE,2021,17,True,225,,,,
202118,DENGUE,2021,18,True,248,,,,
202119,DENGUE,2021,19,True,289,,,,
202120,DENGUE,2021,20,True,520,,,,
202121,DENGUE,2021,21,True,702,,,,
202122,DENGUE,2021,22,True,777,,,,
202123,DENGUE,2021,23,True,795,,,,
202124,DENGUE,2021,24,True,619,,,,
202125,DENGUE,2021,25,True,437,,,,
202126,DENGUE,2021,26,True,647,,,,
202127,DENGUE,2021,27,True,539,,,,
202128,DENGUE,2021,28,True,539,,,,
202129,DENGUE,2021,29,True,538,,,,
202130,DENGUE,2021,30,True,401,,,,
202131,DENGUE,2021,31,True,335,,,,
202132,DENGUE,2021,32,True,315,,,,
202133,DENGUE,2021,33,True,323,,,,
202134,DENGUE,2021,34,True,294,,,,
202135,DENGUE,2021,35,True,215,,,,
202136,DENGUE,2021,36,True,143,,,,
202137,DENGUE,2021,37,True,171,,,,
202138,DENGUE,2021,38,True,133,,,,
202139,DENGUE,2021,39,True,99,,,,
202140,DENGUE,2021,40,True,89,,,,
202141,DENGUE,2021,41,True,70,,,,
202142,DENGUE,2021,42,True,89,,,,
202143,DENGUE,2021,43,True,80,,,,
202144,DENGUE,2021,44,True,36,,,,
202145,DENGUE,2021,45,True,58,,,,
202146,DENGUE,2021,46,True,34,,,,
202147,DENGUE,2021,47,True,43,,,,
202148,DENGUE,2021,48,True,45,,,,
202149,DENGUE,2021,49,True,74,,,,
202150,DENGUE,2021,50,True,53,,,,
202151,DENGUE,2021,51,True,50,,,,
202152,DENGUE,2021,52,True,29,,,,
202201,DENGUE,2022,1,True,34,,,,
202202,DENGUE,2022,2,True,27,,,,
202203,DENGUE,2022,3,True,41,,,,
202204,DENGUE,2022,4,True,21,,,,
202205,DENGUE,2022,5,True,16,,,,
202206,DENGUE,2022,6,True,55,,,,
202207,DENGUE,2022,7,True,28,,,,
202208,DENGUE,2022,8,True,39,,,,
202209,DENGUE,2022,9,True,26,,,,
202210,DENGUE,2022,10,True,28,,,,
202211,DENGUE,2022,11,True,42,,,,
202212,DENGUE,2022,12,True,36,,,,
202213,DENGUE,2022,13,True,38,,,,
202214,DENGUE,2022,14,True,47,,,,
202215,DENGUE,2022,15,True,46,,,,
202216,DENGUE,2022,16,True,39,,,,
202217,DENGUE,2022,17,True,61,,,,
202218,DENGUE,2022,18,True,84,,,,
202219,DENGUE,2022,19,True,57,,,,
202220,DENGUE,2022,20,True,88,,,,
202221,DENGUE,2022,21,True,70,,,,
202222,DENGUE,2022,22,True,72,,,,
202223,DENGUE,2022,23,True,68,,,,
202224,DENGUE,2022,24,True,88,,,,
202225,DENGUE,2022,25,True,40,,,,
202226,DENGUE,2022,26,True,69,,,,
202227,DENGUE,2022,27,True,61,,,,
202228,DENGUE,2022,28,True,96,,,,
202229,DENGUE,2022,29,True,105,,,,
202230,DENGUE,2022,30,True,79,,,,
202231,DENGUE,2022,31,True,93,,,,
202232,DENGUE,2022,32,True,132,,,,
202233,DENGUE,2022,33,True,93,,,,
202234,DENGUE,2022,34,True,126,,,,
202235,DENGUE,2022,35,True,77,,,,
202236,DENGUE,2022,36,True,42,,,,
202237,DENGUE,2022,37,True,68,,,,
202238,DENGUE,2022,38,True,63,,,,
202239,DENGUE,2022,39,True,36,,,,
202240,DENGUE,2022,40,True,40,,,,
202241,DENGUE,2022,41,True,35,,,,
202242,DENGUE,2022,42,True,56,,,,
202243,DENGUE,2022,43,True,60,,,,
202244,DENGUE,2022,44,True,42,,,,
202245,DENGUE,2022,45,True,77,,,,
202246,DENGUE,2022,46,True,39,,,,
202247,DENGUE,2022,47,True,24,,,,
202248,DENGUE,2022,48,True,45,,,,
202249,DENGUE,2022,49,True,20,,,,
202250,DENGUE,2022,50,True,30,,,,
202251,DENGUE,2022,51,True,44,,,,
202252,DENGUE,2022,52,True,33,,,,
202301,DENGUE,2023,1,True,39,,,,
202302,DENGUE,2023,2,True,35,,,,
202303,DENGUE,2023,3,True,51,,,,
202304,DENGUE,2023,4,True,65,,,,
202305,DENGUE,2023,5,True,53,,,,
202306,DENGUE,2023,6,True,37,,,,
202307,DENGUE,2023,7,True,44,,,,
202308,DENGUE,2023,8,True,26,,,,
202309,DENGUE,2023,9,True,103,,,,
202310,DENGUE,2023,10,True,70,,,,
202311,DENGUE,2023,11,True,119,,,,
202312,DENGUE,2023,12,True,134,,,,
202313,DENGUE,2023,13,True,169,,,,
202314,DENGUE,2023,14,True,86,,,,
202315,DENGUE,2023,15,True,124,,,,
202316,DENGUE,2023,16,True,82,,,,
202317,DENGUE,2023,17,True,108,,,,
202318,DENGUE,2023,18,True,54,,,,
202319,DENGUE,2023,19,True,65,,,,
202320,DENGUE,2023,20,True,82,,,,
202321,DENGUE,2023,21,True,64,,,,
202322,DENGUE,2023,22,True,46,,,,
202323,DENGUE,2023,23,True,32,,,,
202324,DENGUE,2023,24,True,44,,,,
202325,DENGUE,2023,25,True,47,,,,
202326,DENGUE,2023,26,True,48,,,,
202327,DENGUE,2023,27,True,57,,,,
202328,DENGUE,2023,28,True,97,,,,
202329,DENGUE,2023,29,True,62,,,,
202330,DENGUE,2023,30,True,44,,,,
202331,DENGUE,2023,31,True,73,,,,
202332,DENGUE,2023,32,True,88,,,,
202333,DENGUE,2023,33,True,90,,,,
202334,DENGUE,2023,34,True,76,,,,
202335,DENGUE,2023,35,True,63,,,,
202336,DENGUE,2023,36,True,56,,,,
202337,DENGUE,2023,37,True,78,,,,
202338,DENGUE,2023,38,True,65,,,,
202339,DENGUE,2023,39,True,55,,,,
202340,DENGUE,2023,40,True,58,,,,
202341,DENGUE,2023,41,True,64,,,,
202342,DENGUE,2023,42,True,95,,,,
202343,DENGUE,2023,43,True,56,,,,
202344,DENGUE,2023,44,True,51,,,,
202345,DENGUE,2023,45,True,69,,,,
202346,DENGUE,2023,46,True,50,,,,
202347,DENGUE,2023,47,True,69,,,,
202348,DENGUE,2023,48,True,56,,,,
202349,DENGUE,2023,49,True,46,,,,
202350,DENGUE,2023,50,True,56,,,,
202351,DENGUE,2023,51,True,74,,,,
202352,DENGUE,2023,52,True,47,,,,
202401,DENGUE,2024,1,True,30,,,,
202402,DENGUE,2024,2,True,59,,,,
202403,DENGUE,2024,3,True,52,,,,
202404,DENGUE,2024,4,True,76,,,,
202405,DENGUE,2024,5,True,74,,,,
202406,DENGUE,2024,6,True,119,,,,
202407,DENGUE,2024,7,True,135,,,,
202408,DENGUE,2024,8,True,435,,,,
202409,DENGUE,2024,9,True,582,,,,
202410,DENGUE,2024,10,True,542,,,,
202411,DENGUE,2024,11,True,726,,,,
202412,DENGUE,2024,12,True,578,,,,
202413,DENGUE,2024,13,True,411,,,,
202414,DENGUE,2024,14,True,468,,,,
202415,DENGUE,2024,15,True,604,,,,
202416,DENGUE,2024,16,True,474,,,,
202417,DENGUE,2024,17,True,316,,,,
202418,DENGUE,2024,18,True,296,,,,
202419,DENGUE,2024,19,True,198,,,,
202420,DENGUE,2024,20,True,183,,,,
202421,DENGUE,2024,21,True,260,,,,
202422,DENGUE,2024,22,True,190,,,,
202423,DENGUE,2024,23,True,201,,,,
202424,DENGUE,2024,24,True,224,,,,
202425,DENGUE,2024,25,True,242,,,,
202426,DENGUE,2024,26,True,206,,,,
202427,DENGUE,2024,27,True,184,,,,
202428,DENGUE,2024,28,True,224,,,,
202429,DENGUE,2024,29,True,110,,,,
202430,DENGUE,2024,30,True,140,,,,
202431,DENGUE,2024,31,True,128,,,,
202432,DENGUE,2024,32,True,107,,,,
202433,DENGUE,2024,33,True,135,,,,
202434,DENGUE,2024,34,True,139,,,,
202435,DENGUE,2024,35,True,141,,,,
202436,DENGUE,2024,36,True,102,,,,
202437,DENGUE,2024,37,True,84,,,,
202438,DENGUE,2024,38,True,63,,,,
202439,DENGUE,2024,39,True,87,,,,
202440,DENGUE,2024,40,True,97,,,,
202441,DENGUE,2024,41,True,86,,,,
202442,DENGUE,2024,42,True,102,,,,
202443,DENGUE,2024,43,True,76,,,,
202444,DENGUE,2024,44,True,95,,,,
202445,DENGUE,2024,45,True,158,,,,
202446,DENGUE,2024,46,True,81,,,,
202447,DENGUE,2024,47,True,105,,,,
202448,DENGUE,2024,48,True,95,,,,
202449,DENGUE,2024,49,True,94,,,,
202450,DENGUE,2024,50,True,77,,,,
202451,DENGUE,2024,51,True,84,,,,
202452,DENGUE,2024,52,True,61,,,,
202501,DENGUE,2025,1,True,79,,,,
202502,DENGUE,2025,2,True,98,,,,
202503,DENGUE,2025,3,True,126,,,,
202504,DENGUE,2025,4,True,106,,,,
202505,DENGUE,2025,5,True,131,,,,
202506,DENGUE,2025,6,True,161,,,,
202507,DENGUE,2025,7,True,125,,,,
202508,DENGUE,2025,8,True,152,,,,
202509,DENGUE,2025,9,True,140,,,,
202510,DENGUE,2025,10,True,52,,,,
202511,DENGUE,2025,11,True,167,,,,
202512,DENGUE,2025,12,True,174,,,,
202513,DENGUE,2025,13,True,185,,,,
202514,DENGUE,2025,14,True,177,,,,
202515,DENGUE,2025,15,True,156,,,,
202516,DENGUE,2025,16,True,145,,,,
202517,DENGUE,2025,17,True,195,,,,
202518,DENGUE,2025,18,True,130,,,,
202519,DENGUE,2025,19,True,161,,,,
202520,DENGUE,2025,20,True,108,,,,
202521,DENGUE,2025,21,True,121,,,,
202522,DENGUE,2025,22,True,101,,,,
202523,DENGUE,2025,23,True,149,,,,
202524,DENGUE,2025,24,True,228,,,,
202525,DENGUE,2025,25,True,144,,,,
202526,DENGUE,2025,26,True,111,,,,
202527,DENGUE,2025,27,True,151,,,,
202528,DENGUE,2025,28,True,185,,,,
202529,DENGUE,2025,29,True,209,,,,
202530,DENGUE,2025,30,True,229,,,,
202531,DENGUE,2025,31,True,223,,,,
202532,DENGUE,2025,32,True,283,,,,
202533,DENGUE,2025,33,True,354,,,,
202534,DENGUE,2025,34,True,311,,,,
202535,DENGUE,2025,35,True,301,,,,
202536,DENGUE,2025,36,True,285,,,,
202537,DENGUE,2025,37,True,209,,,,
202538,DENGUE,2025,38,True,282,,,,
202539,DENGUE,2025,39,True,288,,,,
202540,DENGUE,2025,40,True,210,,,,
202541,DENGUE,2025,41,True,196,,,,
202542,DENGUE,2025,42,True,290,,,,
202543,DENGUE,2025,43,True,194,,,,
202544,DENGUE,2025,44,True,208,,,,
202545,DENGUE,2025,45,True,191,,,,
202546,DENGUE,2025,46,True,156,,,,
202547,DENGUE,2025,47,True,154,,,,
202548,DENGUE,2025,48,True,157,,,,
202549,DENGUE,2025,49,True,156,,,,
202550,DENGUE,2025,50,True,117,,,,
202551,DENGUE,2025,51,True,117,,,,
202552,DENGUE,2025,52,True,41,,,,
202553,DENGUE,2025,53,True,43,,,,
202601,DENGUE,2026,1,False,98,0.0,267.0,0.0,424.0
202602,DENGUE,2026,2,False,123,0.0,292.0,0.0,449.0
202603,DENGUE,2026,3,False,147,12.0,316.0,0.0,473.0
202604,DENGUE,2026,4,False,160,25.0,329.0,0.0,485.0
202605,DENGUE,2026,5,False,171,36.0,340.0,0.0,497.0
202606,DENGUE,2026,6,False,151,16.0,320.0,0.0,477.0
202607,DENGUE,2026,7,False,222,87.0,391.0,45.0,548.0
202608,DENGUE,2026,8,False,247,111.0,415.0,70.0,572.0
202609,DENGUE,2026,9,False,240,105.0,409.0,63.0,565.0
202610,DENGUE,2026,10,False,231,96.0,400.0,54.0,556.0
202611,DENGUE,2026,11,False,280,145.0,449.0,104.0,606.0
202612,DENGUE,2026,12,False,254,119.0,423.0,77.0,579.0
202613,DENGUE,2026,13,False,234,99.0,403.0,57.0,559.0
202614,DENGUE,2026,14,False,256,121.0,425.0,80.0,582.0
202615,DENGUE,2026,15,False,251,116.0,420.0,74.0,577.0
202616,DENGUE,2026,16,False,236,101.0,405.0,59.0,562.0
202617,DENGUE,2026,17,False,243,108.0,412.0,66.0,569.0
202618,DENGUE,2026,18,False,227,92.0,396.0,50.0,552.0
202619,DENGUE,2026,19,False,205,70.0,374.0,28.0,531.0
202620,DENGUE,2026,20,False,209,74.0,378.0,33.0,535.0
202621,DENGUE,2026,21,False,207,72.0,376.0,30.0,533.0
202622,DENGUE,2026,22,False,189,54.0,358.0,12.0,514.0
202623,DENGUE,2026,23,False,189,54.0,357.0,12.0,514.0
202624,DENGUE,2026,24,False,185,50.0,354.0,8.0,511.0
202625,DENGUE,2026,25,False,142,6.0,310.0,0.0,467.0
202626,DENGUE,2026,26,False,164,29.0,333.0,0.0,490.0
202627,DENGUE,2026,27,False,165,29.0,333.0,0.0,490.0
202628,DENGUE,2026,28,False,152,17.0,321.0,0.0,478.0
202629,DENGUE,2026,29,False,153,17.0,321.0,0.0,478.0
202630,DENGUE,2026,30,False,139,4.0,308.0,0.0,464.0
202631,DENGUE,2026,31,False,130,0.0,299.0,0.0,455.0
202632,DENGUE,2026,32,False,130,0.0,299.0,0.0,456.0
202633,DENGUE,2026,33,False,146,11.0,315.0,0.0,472.0
202634,DENGUE,2026,34,False,151,16.0,320.0,0.0,477.0
202635,DENGUE,2026,35,False,126,0.0,295.0,0.0,452.0
202636,DENGUE,2026,36,False,114,0.0,283.0,0.0,439.0
202637,DENGUE,2026,37,False,103,0.0,271.0,0.0,428.0
202638,DENGUE,2026,38,False,100,0.0,269.0,0.0,426.0
202639,DENGUE,2026,39,False,106,0.0,275.0,0.0,432.0
202640,DENGUE,2026,40,False,119,0.0,288.0,0.0,445.0
202641,DENGUE,2026,41,False,103,0.0,272.0,0.0,429.0
202642,DENGUE,2026,42,False,118,0.0,287.0,0.0,444.0
202643,DENGUE,2026,43,False,112,0.0,281.0,0.0,438.0
202644,DENGUE,2026,44,False,97,0.0,266.0,0.0,422.0
202645,DENGUE,2026,45,False,147,12.0,315.0,0.0,472.0
202646,DENGUE,2026,46,False,125,0.0,294.0,0.0,451.0
202647,DENGUE,2026,47,False,120,0.0,289.0,0.0,445.0
202648,DENGUE,2026,48,False,132,0.0,301.0,0.0,458.0
202649,DENGUE,2026,49,False,107,0.0,276.0,0.0,432.0
202650,DENGUE,2026,50,False,114,0.0,283.0,0.0,440.0
202651,DENGUE,2026,51,False,94,0.0,263.0,0.0,420.0
202652,DENGUE,2026,52,False,78,0.0,247.0,0.0,404.0
201301,ZIKA,2013,1,True,0,,,,
201302,ZIKA,2013,2,True,0,,,,
201303,ZIKA,2013,3,True,0,,,,
201304,ZIKA,2013,4,True,0,,,,
201305,ZIKA,2013,5,True,0,,,,
201306,ZIKA,2013,6,True,0,,,,
201307,ZIKA,2013,7,True,0,,,,
201308,ZIKA,2013,8,True,0,,,,
201309,ZIKA,2013,9,True,0,,,,
201310,ZIKA,2013,10,True,0,,,,
201311,ZIKA,2013,11,True,0,,,,
201312,ZIKA,2013,12,True,0,,,,
201313,ZIKA,2013,13,True,0,,,,
201314,ZIKA,2013,14,True,0,,,,
201315,ZIKA,2013,15,True,0,,,,
201316,ZIKA,2013,16,True,0,,,,
201317,ZIKA,2013,17,True,0,,,,
201318,ZIKA,2013,18,True,0,,,,
201319,ZIKA,2013,19,True,0,,,,
201320,ZIKA,2013,20,True,0,,,,
201321,ZIKA,2013,21,True,0,,,,
201322,ZIKA,2013,22,True,0,,,,
201323,ZIKA,2013,23,True,0,,,,
201324,ZIKA,2013,24,True,0,,,,
201325,ZIKA,2013,25,True,0,,,,
201326,ZIKA,2013,26,True,0,,,,
201327,ZIKA,2013,27,True,0,,,,
201328,ZIKA,2013,28,True,0,,,,
201329,ZIKA,2013,29,True,0,,,,
201330,ZIKA,2013,30,True,0,,,,
201331,ZIKA,2013,31,True,0,,,,
201332,ZIKA,2013,32,True,0,,,,
201333,ZIKA,2013,33,True,0,,,,
201334,ZIKA,2013,34,True,0,,,,
201335,ZIKA,2013,35,True,0,,,,
201336,ZIKA,2013,36,True,0,,,,
201337,ZIKA,2013,37,True,0,,,,
201338,ZIKA,2013,38,True,0,,,,
201339,ZIKA,2013,39,True,0,,,,
201340,ZIKA,2013,40,True,0,,,,
201341,ZIKA,2013,41,True,0,,,,
201342,ZIKA,2013,42,True,0,,,,
201343,ZIKA,2013,43,True,0,,,,
201344,ZIKA,2013,44,True,0,,,,
201345,ZIKA,2013,45,True,0,,,,
201346,ZIKA,2013,46,True,0,,,,
201347,ZIKA,2013,47,True,0,,,,
201348,ZIKA,2013,48,True,0,,,,
201349,ZIKA,2013,49,True,0,,,,
201350,ZIKA,2013,50,True,0,,,,
201351,ZIKA,2013,51,True,0,,,,
201352,ZIKA,2013,52,True,0,,,,
201401,ZIKA,2014,1,True,0,,,,
201402,ZIKA,2014,2,True,0,,,,
201403,ZIKA,2014,3,True,0,,,,
201404,ZIKA,2014,4,True,0,,,,
201405,ZIKA,2014,5,True,0,,,,
201406,ZIKA,2014,6,True,0,,,,
201407,ZIKA,2014,7,True,0,,,,
201408,ZIKA,2014,8,True,0,,,,
201409,ZIKA,2014,9,True,0,,,,
201410,ZIKA,2014,10,True,0,,,,
201411,ZIKA,2014,11,True,0,,,,
201412,ZIKA,2014,12,True,0,,,,
201413,ZIKA,2014,13,True,0,,,,
201414,ZIKA,2014,14,True,0,,,,
201415,ZIKA,2014,15,True,0,,,,
201416,ZIKA,2014,16,True,0,,,,
201417,ZIKA,2014,17,True,0,,,,
201418,ZIKA,2014,18,True,0,,,,
201419,ZIKA,2014,19,True,0,,,,
201420,ZIKA,2014,20,True,0,,,,
201421,ZIKA,2014,21,True,0,,,,
201422,ZIKA,2014,22,True,0,,,,
201423,ZIKA,2014,23,True,0,,,,
201424,ZIKA,2014,24,True,0,,,,
201425,ZIKA,2014,25,True,0,,,,
201426,ZIKA,2014,26,True,0,,,,
201427,ZIKA,2014,27,True,0,,,,
201428,ZIKA,2014,28,True,0,,,,
201429,ZIKA,2014,29,True,0,,,,
201430,ZIKA,2014,30,True,0,,,,
201431,ZIKA,2014,31,True,0,,,,
201432,ZIKA,2014,32,True,0,,,,
201433,ZIKA,2014,33,True,0,,,,
201434,ZIKA,2014,34,True,0,,,,
201435,ZIKA,2014,35,True,0,,,,
201436,ZIKA,2014,36,True,0,,,,
201437,ZIKA,2014,37,True,0,,,,
201438,ZIKA,2014,38,True,0,,,,
201439,ZIKA,2014,39,True,0,,,,
201440,ZIKA,2014,40,True,0,,,,
201441,ZIKA,2014,41,True,0,,,,
201442,ZIKA,2014,42,True,0,,,,
201443,ZIKA,2014,43,True,0,,,,
201444,ZIKA,2014,44,True,0,,,,
201445,ZIKA,2014,45,True,0,,,,
201446,ZIKA,2014,46,True,0,,,,
201447,ZIKA,2014,47,True,0,,,,
201448,ZIKA,2014,48,True,0,,,,
201449,ZIKA,2014,49,True,0,,,,
201450,ZIKA,2014,50,True,0,,,,
201451,ZIKA,2014,51,True,0,,,,
201452,ZIKA,2014,52,True,0,,,,
201453,ZIKA,2014,53,True,0,,,,
201501,ZIKA,2015,1,True,0,,,,
201502,ZIKA,2015,2,True,0,,,,
201503,ZIKA,2015,3,True,0,,,,
201504,ZIKA,2015,4,True,0,,,,
201505,ZIKA,2015,5,True,0,,,,
201506,ZIKA,2015,6,True,1,,,,
201507,ZIKA,2015,7,True,0,,,,
201508,ZIKA,2015,8,True,0,,,,
201509,ZIKA,2015,9,True,0,,,,
201510,ZIKA,2015,10,True,0,,,,
201511,ZIKA,2015,11,True,0,,,,
201512,ZIKA,2015,12,True,0,,,,
201513,ZIKA,2015,13,True,0,,,,
201514,ZIKA,2015,14,True,0,,,,
201515,ZIKA,2015,15,True,0,,,,
201516,ZIKA,2015,16,True,0,,,,
201517,ZIKA,2015,17,True,0,,,,
201518,ZIKA,2015,18,True,0,,,,
201519,ZIKA,2015,19,True,0,,,,
201520,ZIKA,2015,20,True,1,,,,
201521,ZIKA,2015,21,True,0,,,,
201522,ZIKA,2015,22,True,0,,,,
201523,ZIKA,2015,23,True,0,,,,
201524,ZIKA,2015,24,True,1,,,,
201525,ZIKA,2015,25,True,0,,,,
201526,ZIKA,2015,26,True,0,,,,
201527,ZIKA,2015,27,True,0,,,,
201528,ZIKA,2015,28,True,0,,,,
201529,ZIKA,2015,29,True,0,,,,
201530,ZIKA,2015,30,True,0,,,,
201531,ZIKA,2015,31,True,0,,,,
201532,ZIKA,2015,32,True,0,,,,
201533,ZIKA,2015,33,True,0,,,,
201534,ZIKA,2015,34,True,0,,,,
201535,ZIKA,2015,35,True,0,,,,
201536,ZIKA,2015,36,True,0,,,,
201537,ZIKA,2015,37,True,1,,,,
201538,ZIKA,2015,38,True,0,,,,
201539,ZIKA,2015,39,True,0,,,,
201540,ZIKA,2015,40,True,0,,,,
201541,ZIKA,2015,41,True,0,,,,
201542,ZIKA,2015,42,True,0,,,,
201543,ZIKA,2015,43,True,0,,,,
201544,ZIKA,2015,44,True,0,,,,
201545,ZIKA,2015,45,True,4,,,,
201546,ZIKA,2015,46,True,3,,,,
201547,ZIKA,2015,47,True,1,,,,
201548,ZIKA,2015,48,True,25,,,,
201549,ZIKA,2015,49,True,49,,,,
201550,ZIKA,2015,50,True,78,,,,
201551,ZIKA,2015,51,True,29,,,,
201552,ZIKA,2015,52,True,30,,,,
201601,ZIKA,2016,1,True,125,,,,
201602,ZIKA,2016,2,True,85,,,,
201603,ZIKA,2016,3,True,176,,,,
201604,ZIKA,2016,4,True,184,,,,
201605,ZIKA,2016,5,True,196,,,,
201606,ZIKA,2016,6,True,210,,,,
201607,ZIKA,2016,7,True,326,,,,
201608,ZIKA,2016,8,True,403,,,,
201609,ZIKA,2016,9,True,324,,,,
201610,ZIKA,2016,10,True,374,,,,
201611,ZIKA,2016,11,True,362,,,,
201612,ZIKA,2016,12,True,129,,,,
201613,ZIKA,2016,13,True,161,,,,
201614,ZIKA,2016,14,True,225,,,,
201615,ZIKA,2016,15,True,122,,,,
201616,ZIKA,2016,16,True,53,,,,
201617,ZIKA,2016,17,True,103,,,,
201618,ZIKA,2016,18,True,77,,,,
201619,ZIKA,2016,19,True,74,,,,
201620,ZIKA,2016,20,True,63,,,,
201621,ZIKA,2016,21,True,35,,,,
201622,ZIKA,2016,22,True,46,,,,
201623,ZIKA,2016,23,True,102,,,,
201624,ZIKA,2016,24,True,63,,,,
201625,ZIKA,2016,25,True,35,,,,
201626,ZIKA,2016,26,True,64,,,,
201627,ZIKA,2016,27,True,26,,,,
201628,ZIKA,2016,28,True,55,,,,
201629,ZIKA,2016,29,True,31,,,,
201630,ZIKA,2016,30,True,17,,,,
201631,ZIKA,2016,31,True,17,,,,
201632,ZIKA,2016,32,True,28,,,,
201633,ZIKA,2016,33,True,31,,,,
201634,ZIKA,2016,34,True,11,,,,
201635,ZIKA,2016,35,True,3,,,,
201636,ZIKA,2016,36,True,3,,,,
201637,ZIKA,2016,37,True,2,,,,
201638,ZIKA,2016,38,True,39,,,,
201639,ZIKA,2016,39,True,6,,,,
201640,ZIKA,2016,40,True,2,,,,
201641,ZIKA,2016,41,True,3,,,,
201642,ZIKA,2016,42,True,4,,,,
201643,ZIKA,2016,43,True,6,,,,
201644,ZIKA,2016,44,True,5,,,,
201645,ZIKA,2016,45,True,9,,,,
201646,ZIKA,2016,46,True,0,,,,
201647,ZIKA,2016,47,True,9,,,,
201648,ZIKA,2016,48,True,7,,,,
201649,ZIKA,2016,49,True,12,,,,
201650,ZIKA,2016,50,True,10,,,,
201651,ZIKA,2016,51,True,4,,,,
201652,ZIKA,2016,52,True,6,,,,
201701,ZIKA,2017,1,True,6,,,,
201702,ZIKA,2017,2,True,3,,,,
201703,ZIKA,2017,3,True,1,,,,
201704,ZIKA,2017,4,True,5,,,,
201705,ZIKA,2017,5,True,2,,,,
201706,ZIKA,2017,6,True,3,,,,
201707,ZIKA,2017,7,True,5,,,,
201708,ZIKA,2017,8,True,4,,,,
201709,ZIKA,2017,9,True,6,,,,
201710,ZIKA,2017,10,True,4,,,,
201711,ZIKA,2017,11,True,1,,,,
201712,ZIKA,2017,12,True,22,,,,
201713,ZIKA,2017,13,True,9,,,,
201714,ZIKA,2017,14,True,0,,,,
201715,ZIKA,2017,15,True,0,,,,
201716,ZIKA,2017,16,True,2,,,,
201717,ZIKA,2017,17,True,0,,,,
201718,ZIKA,2017,18,True,10,,,,
201719,ZIKA,2017,19,True,23,,,,
201720,ZIKA,2017,20,True,1,,,,
201721,ZIKA,2017,21,True,3,,,,
201722,ZIKA,2017,22,True,0,,,,
201723,ZIKA,2017,23,True,4,,,,
201724,ZIKA,2017,24,True,0,,,,
201725,ZIKA,2017,25,True,3,,,,
201726,ZIKA,2017,26,True,1,,,,
201727,ZIKA,2017,27,True,0,,,,
201728,ZIKA,2017,28,True,0,,,,
201729,ZIKA,2017,29,True,2,,,,
201730,ZIKA,2017,30,True,0,,,,
201731,ZIKA,2017,31,True,4,,,,
201732,ZIKA,2017,32,True,1,,,,
201733,ZIKA,2017,33,True,4,,,,
201734,ZIKA,2017,34,True,0,,,,
201735,ZIKA,2017,35,True,1,,,,
201736,ZIKA,2017,36,True,0,,,,
201737,ZIKA,2017,37,True,0,,,,
201738,ZIKA,2017,38,True,0,,,,
201739,ZIKA,2017,39,True,1,,,,
201740,ZIKA,2017,40,True,1,,,,
201741,ZIKA,2017,41,True,1,,,,
201742,ZIKA,2017,42,True,0,,,,
201743,ZIKA,2017,43,True,2,,,,
201744,ZIKA,2017,44,True,1,,,,
201745,ZIKA,2017,45,True,0,,,,
201746,ZIKA,2017,46,True,1,,,,
201747,ZIKA,2017,47,True,1,,,,
201748,ZIKA,2017,48,True,0,,,,
201749,ZIKA,2017,49,True,1,,,,
201750,ZIKA,2017,50,True,2,,,,
201751,ZIKA,2017,51,True,1,,,,
201752,ZIKA,2017,52,True,0,,,,
201801,ZIKA,2018,1,True,7,,,,
201802,ZIKA,2018,2,True,0,,,,
201803,ZIKA,2018,3,True,1,,,,
201804,ZIKA,2018,4,True,1,,,,
201805,ZIKA,2018,5,True,0,,,,
201806,ZIKA,2018,6,True,1,,,,
201807,ZIKA,2018,7,True,2,,,,
201808,ZIKA,2018,8,True,5,,,,
201809,ZIKA,2018,9,True,0,,,,
201810,ZIKA,2018,10,True,2,,,,
201811,ZIKA,2018,11,True,3,,,,
201812,ZIKA,2018,12,True,1,,,,
201813,ZIKA,2018,13,True,1,,,,
201814,ZIKA,2018,14,True,7,,,,
201815,ZIKA,2018,15,True,6,,,,
201816,ZIKA,2018,16,True,4,,,,
201817,ZIKA,2018,17,True,3,,,,
201818,ZIKA,2018,18,True,3,,,,
201819,ZIKA,2018,19,True,0,,,,
201820,ZIKA,2018,20,True,1,,,,
201821,ZIKA,2018,21,True,1,,,,
201822,ZIKA,2018,22,True,2,,,,
201823,ZIKA,2018,23,True,20,,,,
201824,ZIKA,2018,24,True,4,,,,
201825,ZIKA,2018,25,True,0,,,,
201826,ZIKA,2018,26,True,3,,,,
201827,ZIKA,2018,27,True,1,,,,
201828,ZIKA,2018,28,True,3,,,,
201829,ZIKA,2018,29,True,2,,,,
201830,ZIKA,2018,30,True,1,,,,
201831,ZIKA,2018,31,True,6,,,,
201832,ZIKA,2018,32,True,0,,,,
201833,ZIKA,2018,33,True,5,,,,
201834,ZIKA,2018,34,True,1,,,,
201835,ZIKA,2018,35,True,6,,,,
201836,ZIKA,2018,36,True,1,,,,
201837,ZIKA,2018,37,True,3,,,,
201838,ZIKA,2018,38,True,2,,,,
201839,ZIKA,2018,39,True,1,,,,
201840,ZIKA,2018,40,True,0,,,,
201841,ZIKA,2018,41,True,2,,,,
201842,ZIKA,2018,42,True,3,,,,
201843,ZIKA,2018,43,True,0,,,,
201844,ZIKA,2018,44,True,2,,,,
201845,ZIKA,2018,45,True,2,,,,
201846,ZIKA,2018,46,True,3,,,,
201847,ZIKA,2018,47,True,1,,,,
201848,ZIKA,2018,48,True,5,,,,
201849,ZIKA,2018,49,True,2,,,,
201850,ZIKA,2018,50,True,3,,,,
201851,ZIKA,2018,51,True,2,,,,
201852,ZIKA,2018,52,True,0,,,,
201901,ZIKA,2019,1,True,1,,,,
201902,ZIKA,2019,2,True,8,,,,
201903,ZIKA,2019,3,True,4,,,,
201904,ZIKA,2019,4,True,1,,,,
201905,ZIKA,2019,5,True,3,,,,
201906,ZIKA,2019,6,True,0,,,,
201907,ZIKA,2019,7,True,7,,,,
201908,ZIKA,2019,8,True,2,,,,
201909,ZIKA,2019,9,True,2,,,,
201910,ZIKA,2019,10,True,3,,,,
201911,ZIKA,2019,11,True,3,,,,
201912,ZIKA,2019,12,True,1,,,,
201913,ZIKA,2019,13,True,3,,,,
201914,ZIKA,2019,14,True,3,,,,
201915,ZIKA,2019,15,True,10,,,,
201916,ZIKA,2019,16,True,3,,,,
201917,ZIKA,2019,17,True,4,,,,
201918,ZIKA,2019,18,True,3,,,,
201919,ZIKA,2019,19,True,4,,,,
201920,ZIKA,2019,20,True,7,,,,
201921,ZIKA,2019,21,True,3,,,,
201922,ZIKA,2019,22,True,2,,,,
201923,ZIKA,2019,23,True,3,,,,
201924,ZIKA,2019,24,True,3,,,,
201925,ZIKA,2019,25,True,0,,,,
201926,ZIKA,2019,26,True,7,,,,
201927,ZIKA,2019,27,True,2,,,,
201928,ZIKA,2019,28,True,1,,,,
201929,ZIKA,2019,29,True,6,,,,
201930,ZIKA,2019,30,True,5,,,,
201931,ZIKA,2019,31,True,8,,,,
201932,ZIKA,2019,32,True,2,,,,
201933,ZIKA,2019,33,True,4,,,,
201934,ZIKA,2019,34,True,8,,,,
201935,ZIKA,2019,35,True,13,,,,
201936,ZIKA,2019,36,True,2,,,,
201937,ZIKA,2019,37,True,4,,,,
201938,ZIKA,2019,38,True,3,,,,
201939,ZIKA,2019,39,True,7,,,,
201940,ZIKA,2019,40,True,10,,,,
201941,ZIKA,2019,41,True,11,,,,
201942,ZIKA,2019,42,True,1,,,,
201943,ZIKA,2019,43,True,10,,,,
201944,ZIKA,2019,44,True,5,,,,
201945,ZIKA,2019,45,True,7,,,,
201946,ZIKA,2019,46,True,2,,,,
201947,ZIKA,2019,47,True,1,,,,
201948,ZIKA,2019,48,True,0,,,,
201949,ZIKA,2019,49,True,1,,,,
201950,ZIKA,2019,50,True,5,,,,
201951,ZIKA,2019,51,True,3,,,,
201952,ZIKA,2019,52,True,1,,,,
202001,ZIKA,2020,1,True,1,,,,
202002,ZIKA,2020,2,True,1,,,,
202003,ZIKA,2020,3,True,8,,,,
202004,ZIKA,2020,4,True,2,,,,
202005,ZIKA,2020,5,True,2,,,,
202006,ZIKA,2020,6,True,4,,,,
202007,ZIKA,2020,7,True,1,,,,
202008,ZIKA,2020,8,True,2,,,,
202009,ZIKA,2020,9,True,2,,,,
202010,ZIKA,2020,10,True,1,,,,
202011,ZIKA,2020,11,True,2,,,,
202012,ZIKA,2020,12,True,1,,,,
202013,ZIKA,2020,13,True,2,,,,
202014,ZIKA,2020,14,True,1,,,,
202015,ZIKA,2020,15,True,0,,,,
202016,ZIKA,2020,16,True,0,,,,
202017,ZIKA,2020,17,True,0,,,,
202018,ZIKA,2020,18,True,0,,,,
202019,ZIKA,2020,19,True,0,,,,
202020,ZIKA,2020,20,True,2,,,,
202021,ZIKA,2020,21,True,0,,,,
202022,ZIKA,2020,22,True,0,,,,
202023,ZIKA,2020,23,True,0,,,,
202024,ZIKA,2020,24,True,3,,,,
202025,ZIKA,2020,25,True,3,,,,
202026,ZIKA,2020,26,True,5,,,,
202027,ZIKA,2020,27,True,25,,,,
202028,ZIKA,2020,28,True,24,,,,
202029,ZIKA,2020,29,True,23,,,,
202030,ZIKA,2020,30,True,36,,,,
202031,ZIKA,2020,31,True,51,,,,
202032,ZIKA,2020,32,True,7,,,,
202033,ZIKA,2020,33,True,10,,,,
202034,ZIKA,2020,34,True,5,,,,
202035,ZIKA,2020,35,True,2,,,,
202036,ZIKA,2020,36,True,6,,,,
202037,ZIKA,2020,37,True,1,,,,
202038,ZIKA,2020,38,True,4,,,,
202039,ZIKA,2020,39,True,1,,,,
202040,ZIKA,2020,40,True,0,,,,
202041,ZIKA,2020,41,True,6,,,,
202042,ZIKA,2020,42,True,2,,,,
202043,ZIKA,2020,43,True,0,,,,
202044,ZIKA,2020,44,True,0,,,,
202045,ZIKA,2020,45,True,4,,,,
202046,ZIKA,2020,46,True,0,,,,
202047,ZIKA,2020,47,True,0,,,,
202048,ZIKA,2020,48,True,0,,,,
202049,ZIKA,2020,49,True,0,,,,
202050,ZIKA,2020,50,True,0,,,,
202051,ZIKA,2020,51,True,0,,,,
202052,ZIKA,2020,52,True,0,,,,
202053,ZIKA,2020,53,True,0,,,,
202101,ZIKA,2021,1,True,0,,,,
202102,ZIKA,2021,2,True,0,,,,
202103,ZIKA,2021,3,True,0,,,,
202104,ZIKA,2021,4,True,0,,,,
202105,ZIKA,2021,5,True,0,,,,
202106,ZIKA,2021,6,True,0,,,,
202107,ZIKA,2021,7,True,0,,,,
202108,ZIKA,2021,8,True,0,,,,
202109,ZIKA,2021,9,True,0,,,,
202110,ZIKA,2021,10,True,0,,,,
202111,ZIKA,2021,11,True,0,,,,
202112,ZIKA,2021,12,True,0,,,,
202113,ZIKA,2021,13,True,0,,,,
202114,ZIKA,2021,14,True,0,,,,
202115,ZIKA,2021,15,True,0,,,,
202116,ZIKA,2021,16,True,0,,,,
202117,ZIKA,2021,17,True,0,,,,
202118,ZIKA,2021,18,True,0,,,,
202119,ZIKA,2021,19,True,0,,,,
202120,ZIKA,2021,20,True,0,,,,
202121,ZIKA,2021,21,True,0,,,,
202122,ZIKA,2021,22,True,0,,,,
202123,ZIKA,2021,23,True,0,,,,
202124,ZIKA,2021,24,True,0,,,,
202125,ZIKA,2021,25,True,0,,,,
202126,ZIKA,2021,26,True,0,,,,
202127,ZIKA,2021,27,True,0,,,,
202128,ZIKA,2021,28,True,0,,,,
202129,ZIKA,2021,29,True,0,,,,
202130,ZIKA,2021,30,True,0,,,,
202131,ZIKA,2021,31,True,0,,,,
202132,ZIKA,2021,32,True,0,,,,
202133,ZIKA,2021,33,True,0,,,,
202134,ZIKA,2021,34,True,0,,,,
202135,ZIKA,2021,35,True,0,,,,
202136,ZIKA,2021,36,True,0,,,,
202137,ZIKA,2021,37,True,0,,,,
202138,ZIKA,2021,38,True,0,,,,
202139,ZIKA,2021,39,True,0,,,,
202140,ZIKA,2021,40,True,0,,,,
202141,ZIKA,2021,41,True,0,,,,
202142,ZIKA,2021,42,True,0,,,,
202143,ZIKA,2021,43,True,0,,,,
202144,ZIKA,2021,44,True,0,,,,
202145,ZIKA,2021,45,True,0,,,,
202146,ZIKA,2021,46,True,0,,,,
202147,ZIKA,2021,47,True,0,,,,
202148,ZIKA,2021,48,True,0,,,,
202149,ZIKA,2021,49,True,0,,,,
202150,ZIKA,2021,50,True,0,,,,
202151,ZIKA,2021,51,True,0,,,,
202152,ZIKA,2021,52,True,0,,,,
202201,ZIKA,2022,1,True,1,,,,
202202,ZIKA,2022,2,True,0,,,,
202203,ZIKA,2022,3,True,4,,,,
202204,ZIKA,2022,4,True,0,,,,
202205,ZIKA,2022,5,True,0,,,,
202206,ZIKA,2022,6,True,0,,,,
202207,ZIKA,2022,7,True,2,,,,
202208,ZIKA,2022,8,True,3,,,,
202209,ZIKA,2022,9,True,1,,,,
202210,ZIKA,2022,10,True,3,,,,
202211,ZIKA,2022,11,True,6,,,,
202212,ZIKA,2022,12,True,9,,,,
202213,ZIKA,2022,13,True,4,,,,
202214,ZIKA,2022,14,True,8,,,,
202215,ZIKA,2022,15,True,7,,,,
202216,ZIKA,2022,16,True,6,,,,
202217,ZIKA,2022,17,True,8,,,,
202218,ZIKA,2022,18,True,4,,,,
202219,ZIKA,2022,19,True,3,,,,
202220,ZIKA,2022,20,True,4,,,,
202221,ZIKA,2022,21,True,5,,,,
202222,ZIKA,2022,22,True,5,,,,
202223,ZIKA,2022,23,True,6,,,,
202224,ZIKA,2022,24,True,12,,,,
202225,ZIKA,2022,25,True,3,,,,
202226,ZIKA,2022,26,True,10,,,,
202227,ZIKA,2022,27,True,6,,,,
202228,ZIKA,2022,28,True,8,,,,
202229,ZIKA,2022,29,True,13,,,,
202230,ZIKA,2022,30,True,7,,,,
202231,ZIKA,2022,31,True,8,,,,
202232,ZIKA,2022,32,True,7,,,,
202233,ZIKA,2022,33,True,1,,,,
202234,ZIKA,2022,34,True,11,,,,
202235,ZIKA,2022,35,True,3,,,,
202236,ZIKA,2022,36,True,4,,,,
202237,ZIKA,2022,37,True,4,,,,
202238,ZIKA,2022,38,True,5,,,,
202239,ZIKA,2022,39,True,2,,,,
202240,ZIKA,2022,40,True,2,,,,
202241,ZIKA,2022,41,True,1,,,,
202242,ZIKA,2022,42,True,2,,,,
202243,ZIKA,2022,43,True,1,,,,
202244,ZIKA,2022,44,True,2,,,,
202245,ZIKA,2022,45,True,4,,,,
202246,ZIKA,2022,46,True,2,,,,
202247,ZIKA,2022,47,True,1,,,,
202248,ZIKA,2022,48,True,1,,,,
202249,ZIKA,2022,49,True,1,,,,
202250,ZIKA,2022,50,True,3,,,,
202251,ZIKA,2022,51,True,2,,,,
202252,ZIKA,2022,52,True,0,,,,
202301,ZIKA,2023,1,True,4,,,,
202302,ZIKA,2023,2,True,5,,,,
202303,ZIKA,2023,3,True,5,,,,
202304,ZIKA,2023,4,True,7,,,,
202305,ZIKA,2023,5,True,4,,,,
202306,ZIKA,2023,6,True,1,,,,
202307,ZIKA,2023,7,True,4,,,,
202308,ZIKA,2023,8,True,0,,,,
202309,ZIKA,2023,9,True,9,,,,
202310,ZIKA,2023,10,True,5,,,,
202311,ZIKA,2023,11,True,7,,,,
202312,ZIKA,2023,12,True,23,,,,
202313,ZIKA,2023,13,True,7,,,,
202314,ZIKA,2023,14,True,1,,,,
202315,ZIKA,2023,15,True,6,,,,
202316,ZIKA,2023,16,True,3,,,,
202317,ZIKA,2023,17,True,3,,,,
202318,ZIKA,2023,18,True,5,,,,
202319,ZIKA,2023,19,True,2,,,,
202320,ZIKA,2023,20,True,3,,,,
202321,ZIKA,2023,21,True,15,,,,
202322,ZIKA,2023,22,True,8,,,,
202323,ZIKA,2023,23,True,2,,,,
202324,ZIKA,2023,24,True,5,,,,
202325,ZIKA,2023,25,True,6,,,,
202326,ZIKA,2023,26,True,4,,,,
202327,ZIKA,2023,27,True,3,,,,
202328,ZIKA,2023,28,True,3,,,,
202329,ZIKA,2023,29,True,4,,,,
202330,ZIKA,2023,30,True,3,,,,
202331,ZIKA,2023,31,True,3,,,,
202332,ZIKA,2023,32,True,11,,,,
202333,ZIKA,2023,33,True,8,,,,
202334,ZIKA,2023,34,True,2,,,,
202335,ZIKA,2023,35,True,2,,,,
202336,ZIKA,2023,36,True,8,,,,
202337,ZIKA,2023,37,True,5,,,,
202338,ZIKA,2023,38,True,6,,,,
202339,ZIKA,2023,39,True,2,,,,
202340,ZIKA,2023,40,True,0,,,,
202341,ZIKA,2023,41,True,0,,,,
202342,ZIKA,2023,42,True,4,,,,
202343,ZIKA,2023,43,True,1,,,,
202344,ZIKA,2023,44,True,1,,,,
202345,ZIKA,2023,45,True,0,,,,
202346,ZIKA,2023,46,True,0,,,,
202347,ZIKA,2023,47,True,2,,,,
202348,ZIKA,2023,48,True,4,,,,
202349,ZIKA,2023,49,True,2,,,,
202350,ZIKA,2023,50,True,3,,,,
202351,ZIKA,2023,51,True,3,,,,
202352,ZIKA,2023,52,True,2,,,,
202401,ZIKA,2024,1,True,0,,,,
202402,ZIKA,2024,2,True,4,,,,
202403,ZIKA,2024,3,True,2,,,,
202404,ZIKA,2024,4,True,1,,,,
202405,ZIKA,2024,5,True,3,,,,
202406,ZIKA,2024,6,True,5,,,,
202407,ZIKA,2024,7,True,7,,,,
202408,ZIKA,2024,8,True,24,,,,
202409,ZIKA,2024,9,True,26,,,,
202410,ZIKA,2024,10,True,15,,,,
202411,ZIKA,2024,11,True,27,,,,
202412,ZIKA,2024,12,True,25,,,,
202413,ZIKA,2024,13,True,21,,,,
202414,ZIKA,2024,14,True,17,,,,
202415,ZIKA,2024,15,True,23,,,,
202416,ZIKA,2024,16,True,10,,,,
202417,ZIKA,2024,17,True,7,,,,
202418,ZIKA,2024,18,True,13,,,,
202419,ZIKA,2024,19,True,5,,,,
202420,ZIKA,2024,20,True,7,,,,
202421,ZIKA,2024,21,True,13,,,,
202422,ZIKA,2024,22,True,5,,,,
202423,ZIKA,2024,23,True,25,,,,
202424,ZIKA,2024,24,True,12,,,,
202425,ZIKA,2024,25,True,7,,,,
202426,ZIKA,2024,26,True,7,,,,
202427,ZIKA,2024,27,True,6,,,,
202428,ZIKA,2024,28,True,6,,,,
202429,ZIKA,2024,29,True,12,,,,
202430,ZIKA,2024,30,True,9,,,,
202431,ZIKA,2024,31,True,6,,,,
202432,ZIKA,2024,32,True,5,,,,
202433,ZIKA,2024,33,True,15,,,,
202434,ZIKA,2024,34,True,5,,,,
202435,ZIKA,2024,35,True,11,,,,
202436,ZIKA,2024,36,True,9,,,,
202437,ZIKA,2024,37,True,5,,,,
202438,ZIKA,2024,38,True,1,,,,
202439,ZIKA,2024,39,True,6,,,,
202440,ZIKA,2024,40,True,5,,,,
202441,ZIKA,2024,41,True,4,,,,
202442,ZIKA,2024,42,True,7,,,,
202443,ZIKA,2024,43,True,6,,,,
202444,ZIKA,2024,44,True,10,,,,
202445,ZIKA,2024,45,True,10,,,,
202446,ZIKA,2024,46,True,5,,,,
202447,ZIKA,2024,47,True,6,,,,
202448,ZIKA,2024,48,True,0,,,,
202449,ZIKA,2024,49,True,8,,,,
202450,ZIKA,2024,50,True,3,,,,
202451,ZIKA,2024,51,True,4,,,,
202452,ZIKA,2024,52,True,0,,,,
202501,ZIKA,2025,1,True,1,,,,
202502,ZIKA,2025,2,True,2,,,,
202503,ZIKA,2025,3,True,3,,,,
202504,ZIKA,2025,4,True,8,,,,
202505,ZIKA,2025,5,True,4,,,,
202506,ZIKA,2025,6,True,3,,,,
202507,ZIKA,2025,7,True,6,,,,
202508,ZIKA,2025,8,True,8,,,,
202509,ZIKA,2025,9,True,5,,,,
202510,ZIKA,2025,10,True,4,,,,
202511,ZIKA,2025,11,True,6,,,,
202512,ZIKA,2025,12,True,8,,,,
202513,ZIKA,2025,13,True,7,,,,
202514,ZIKA,2025,14,True,14,,,,
202515,ZIKA,2025,15,True,9,,,,
202516,ZIKA,2025,16,True,9,,,,
202517,ZIKA,2025,17,True,21,,,,
202518,ZIKA,2025,18,True,9,,,,
202519,ZIKA,2025,19,True,16,,,,
202520,ZIKA,2025,20,True,10,,,,
202521,ZIKA,2025,21,True,7,,,,
202522,ZIKA,2025,22,True,5,,,,
202523,ZIKA,2025,23,True,11,,,,
202524,ZIKA,2025,24,True,19,,,,
202525,ZIKA,2025,25,True,6,,,,
202526,ZIKA,2025,26,True,8,,,,
202527,ZIKA,2025,27,True,12,,,,
202528,ZIKA,2025,28,True,8,,,,
202529,ZIKA,2025,29,True,10,,,,
202530,ZIKA,2025,30,True,23,,,,
202531,ZIKA,2025,31,True,21,,,,
202532,ZIKA,2025,32,True,33,,,,
202533,ZIKA,2025,33,True,40,,,,
202534,ZIKA,2025,34,True,23,,,,
202535,ZIKA,2025,35,True,29,,,,
202536,ZIKA,2025,36,True,30,,,,
202537,ZIKA,2025,37,True,35,,,,
202538,ZIKA,2025,38,True,33,,,,
202539,ZIKA,2025,39,True,38,,,,
202540,ZIKA,2025,40,True,33,,,,
202541,ZIKA,2025,41,True,22,,,,
202542,ZIKA,2025,42,True,23,,,,
202543,ZIKA,2025,43,True,25,,,,
202544,ZIKA,2025,44,True,28,,,,
202545,ZIKA,2025,45,True,34,,,,
202546,ZIKA,2025,46,True,18,,,,
202547,ZIKA,2025,47,True,20,,,,
202548,ZIKA,2025,48,True,20,,,,
202549,ZIKA,2025,49,True,20,,,,
202550,ZIKA,2025,50,True,20,,,,
202551,ZIKA,2025,51,True,7,,,,
202552,ZIKA,2025,52,True,2,,,,
202553,ZIKA,2025,53,True,3,,,,
202601,ZIKA,2026,1,False,1,0.0,19.0,0.0,29.0
202602,ZIKA,2026,2,False,2,0.0,20.0,0.0,30.0
202603,ZIKA,2026,3,False,3,0.0,21.0,0.0,31.0
202604,ZIKA,2026,4,False,8,2.0,26.0,0.0,36.0
202605,ZIKA,2026,5,False,4,0.0,22.0,0.0,32.0
202606,ZIKA,2026,6,False,3,0.0,21.0,0.0,31.0
202607,ZIKA,2026,7,False,6,0.0,24.0,0.0,34.0
202608,ZIKA,2026,8,False,8,2.0,26.0,0.0,36.0
202609,ZIKA,2026,9,False,5,0.0,23.0,0.0,33.0
202610,ZIKA,2026,10,False,4,0.0,22.0,0.0,32.0
202611,ZIKA,2026,11,False,6,0.0,24.0,0.0,34.0
202612,ZIKA,2026,12,False,8,2.0,26.0,0.0,36.0
202613,ZIKA,2026,13,False,7,1.0,25.0,0.0,35.0
202614,ZIKA,2026,14,False,14,8.0,32.0,0.0,42.0
202615,ZIKA,2026,15,False,9,3.0,27.0,0.0,37.0
202616,ZIKA,2026,16,False,9,3.0,27.0,0.0,37.0
202617,ZIKA,2026,17,False,21,15.0,39.0,7.0,49.0
202618,ZIKA,2026,18,False,9,3.0,27.0,0.0,37.0
202619,ZIKA,2026,19,False,16,10.0,34.0,2.0,44.0
202620,ZIKA,2026,20,False,10,4.0,28.0,0.0,38.0
202621,ZIKA,2026,21,False,7,1.0,25.0,0.0,35.0
202622,ZIKA,2026,22,False,5,0.0,23.0,0.0,33.0
202623,ZIKA,2026,23,False,11,5.0,29.0,0.0,39.0
202624,ZIKA,2026,24,False,19,13.0,37.0,5.0,47.0
202625,ZIKA,2026,25,False,6,0.0,24.0,0.0,34.0
202626,ZIKA,2026,26,False,8,2.0,26.0,0.0,36.0
202627,ZIKA,2026,27,False,12,6.0,30.0,0.0,40.0
202628,ZIKA,2026,28,False,8,2.0,26.0,0.0,36.0
202629,ZIKA,2026,29,False,10,4.0,28.0,0.0,38.0
202630,ZIKA,2026,30,False,23,17.0,41.0,9.0,51.0
202631,ZIKA,2026,31,False,21,15.0,39.0,7.0,49.0
202632,ZIKA,2026,32,False,33,27.0,51.0,19.0,61.0
202633,ZIKA,2026,33,False,40,34.0,58.0,26.0,68.0
202634,ZIKA,2026,34,False,23,17.0,41.0,9.0,51.0
202635,ZIKA,2026,35,False,29,23.0,47.0,15.0,57.0
202636,ZIKA,2026,36,False,30,24.0,48.0,16.0,58.0
202637,ZIKA,2026,37,False,35,29.0,53.0,21.0,63.0
202638,ZIKA,2026,38,False,33,27.0,51.0,19.0,61.0
202639,ZIKA,2026,39,False,38,32.0,56.0,24.0,66.0
202640,ZIKA,2026,40,False,33,27.0,51.0,19.0,61.0
202641,ZIKA,2026,41,False,22,16.0,40.0,8.0,50.0
202642,ZIKA,2026,42,False,23,17.0,41.0,9.0,51.0
202643,ZIKA,2026,43,False,25,19.0,43.0,11.0,53.0
202644,ZIKA,2026,44,False,28,22.0,46.0,14.0,56.0
202645,ZIKA,2026,45,False,34,28.0,52.0,20.0,62.0
202646,ZIKA,2026,46,False,18,12.0,36.0,4.0,46.0
202647,ZIKA,2026,47,False,20,14.0,38.0,6.0,48.0
202648,ZIKA,2026,48,False,20,14.0,38.0,6.0,48.0
202649,ZIKA,2026,49,False,20,14.0,38.0,6.0,48.0
202650,ZIKA,2026,50,False,20,14.0,38.0,6.0,48.0
202651,ZIKA,2026,51,False,7,1.0,25.0,0.0,35.0
202652,ZIKA,2026,52,False,2,0.0,20.0,0.0,30.0
201301,CHIKUNGUNYA,2013,1,True,0,,,,
201302,CHIKUNGUNYA,2013,2,True,0,,,,
201303,CHIKUNGUNYA,2013,3,True,0,,,,
201304,CHIKUNGUNYA,2013,4,True,0,,,,
201305,CHIKUNGUNYA,2013,5,True,0,,,,
201306,CHIKUNGUNYA,2013,6,True,0,,,,
201307,CHIKUNGUNYA,2013,7,True,0,,,,
201308,CHIKUNGUNYA,2013,8,True,0,,,,
201309,CHIKUNGUNYA,2013,9,True,0,,,,
201310,CHIKUNGUNYA,2013,10,True,0,,,,
201311,CHIKUNGUNYA,2013,11,True,0,,,,
201312,CHIKUNGUNYA,2013,12,True,0,,,,
201313,CHIKUNGUNYA,2013,13,True,0,,,,
201314,CHIKUNGUNYA,2013,14,True,0,,,,
201315,CHIKUNGUNYA,2013,15,True,0,,,,
201316,CHIKUNGUNYA,2013,16,True,0,,,,
201317,CHIKUNGUNYA,2013,17,True,0,,,,
201318,CHIKUNGUNYA,2013,18,True,0,,,,
201319,CHIKUNGUNYA,2013,19,True,0,,,,
201320,CHIKUNGUNYA,2013,20,True,0,,,,
201321,CHIKUNGUNYA,2013,21,True,0,,,,
201322,CHIKUNGUNYA,2013,22,True,0,,,,
201323,CHIKUNGUNYA,2013,23,True,0,,,,
201324,CHIKUNGUNYA,2013,24,True,0,,,,
201325,CHIKUNGUNYA,2013,25,True,0,,,,
201326,CHIKUNGUNYA,2013,26,True,0,,,,
201327,CHIKUNGUNYA,2013,27,True,0,,,,
201328,CHIKUNGUNYA,2013,28,True,0,,,,
201329,CHIKUNGUNYA,2013,29,True,0,,,,
201330,CHIKUNGUNYA,2013,30,True,0,,,,
201331,CHIKUNGUNYA,2013,31,True,0,,,,
201332,CHIKUNGUNYA,2013,32,True,0,,,,
201333,CHIKUNGUNYA,2013,33,True,0,,,,
201334,CHIKUNGUNYA,2013,34,True,0,,,,
201335,CHIKUNGUNYA,2013,35,True,0,,,,
201336,CHIKUNGUNYA,2013,36,True,0,,,,
201337,CHIKUNGUNYA,2013,37,True,0,,,,
201338,CHIKUNGUNYA,2013,38,True,0,,,,
201339,CHIKUNGUNYA,2013,39,True,0,,,,
201340,CHIKUNGUNYA,2013,40,True,0,,,,
201341,CHIKUNGUNYA,2013,41,True,0,,,,
201342,CHIKUNGUNYA,2013,42,True,0,,,,
201343,CHIKUNGUNYA,2013,43,True,0,,,,
201344,CHIKUNGUNYA,2013,44,True,0,,,,
201345,CHIKUNGUNYA,2013,45,True,0,,,,
201346,CHIKUNGUNYA,2013,46,True,0,,,,
201347,CHIKUNGUNYA,2013,47,True,0,,,,
201348,CHIKUNGUNYA,2013,48,True,0,,,,
201349,CHIKUNGUNYA,2013,49,True,0,,,,
201350,CHIKUNGUNYA,2013,50,True,0,,,,
201351,CHIKUNGUNYA,2013,51,True,0,,,,
201352,CHIKUNGUNYA,2013,52,True,0,,,,
201401,CHIKUNGUNYA,2014,1,True,0,,,,
201402,CHIKUNGUNYA,2014,2,True,0,,,,
201403,CHIKUNGUNYA,2014,3,True,0,,,,
201404,CHIKUNGUNYA,2014,4,True,0,,,,
201405,CHIKUNGUNYA,2014,5,True,0,,,,
201406,CHIKUNGUNYA,2014,6,True,0,,,,
201407,CHIKUNGUNYA,2014,7,True,0,,,,
201408,CHIKUNGUNYA,2014,8,True,0,,,,
201409,CHIKUNGUNYA,2014,9,True,0,,,,
201410,CHIKUNGUNYA,2014,10,True,0,,,,
201411,CHIKUNGUNYA,2014,11,True,0,,,,
201412,CHIKUNGUNYA,2014,12,True,0,,,,
201413,CHIKUNGUNYA,2014,13,True,0,,,,
201414,CHIKUNGUNYA,2014,14,True,0,,,,
201415,CHIKUNGUNYA,2014,15,True,0,,,,
201416,CHIKUNGUNYA,2014,16,True,0,,,,
201417,CHIKUNGUNYA,2014,17,True,0,,,,
201418,CHIKUNGUNYA,2014,18,True,0,,,,
201419,CHIKUNGUNYA,2014,19,True,0,,,,
201420,CHIKUNGUNYA,2014,20,True,0,,,,
201421,CHIKUNGUNYA,2014,21,True,0,,,,
201422,CHIKUNGUNYA,2014,22,True,0,,,,
201423,CHIKUNGUNYA,2014,23,True,0,,,,
201424,CHIKUNGUNYA,2014,24,True,0,,,,
201425,CHIKUNGUNYA,2014,25,True,0,,,,
201426,CHIKUNGUNYA,2014,26,True,0,,,,
201427,CHIKUNGUNYA,2014,27,True,0,,,,
201428,CHIKUNGUNYA,2014,28,True,0,,,,
201429,CHIKUNGUNYA,2014,29,True,0,,,,
201430,CHIKUNGUNYA,2014,30,True,0,,,,
201431,CHIKUNGUNYA,2014,31,True,0,,,,
201432,CHIKUNGUNYA,2014,32,True,0,,,,
201433,CHIKUNGUNYA,2014,33,True,0,,,,
201434,CHIKUNGUNYA,2014,34,True,0,,,,
201435,CHIKUNGUNYA,2014,35,True,0,,,,
201436,CHIKUNGUNYA,2014,36,True,0,,,,
201437,CHIKUNGUNYA,2014,37,True,0,,,,
201438,CHIKUNGUNYA,2014,38,True,0,,,,
201439,CHIKUNGUNYA,2014,39,True,0,,,,
201440,CHIKUNGUNYA,2014,40,True,0,,,,
201441,CHIKUNGUNYA,2014,41,True,0,,,,
201442,CHIKUNGUNYA,2014,42,True,0,,,,
201443,CHIKUNGUNYA,2014,43,True,0,,,,
201444,CHIKUNGUNYA,2014,44,True,0,,,,
201445,CHIKUNGUNYA,2014,45,True,0,,,,
201446,CHIKUNGUNYA,2014,46,True,0,,,,
201447,CHIKUNGUNYA,2014,47,True,0,,,,
201448,CHIKUNGUNYA,2014,48,True,0,,,,
201449,CHIKUNGUNYA,2014,49,True,0,,,,
201450,CHIKUNGUNYA,2014,50,True,0,,,,
201451,CHIKUNGUNYA,2014,51,True,0,,,,
201452,CHIKUNGUNYA,2014,52,True,0,,,,
201453,CHIKUNGUNYA,2014,53,True,0,,,,
201501,CHIKUNGUNYA,2015,1,True,0,,,,
201502,CHIKUNGUNYA,2015,2,True,0,,,,
201503,CHIKUNGUNYA,2015,3,True,0,,,,
201504,CHIKUNGUNYA,2015,4,True,0,,,,
201505,CHIKUNGUNYA,2015,5,True,0,,,,
201506,CHIKUNGUNYA,2015,6,True,2,,,,
201507,CHIKUNGUNYA,2015,7,True,1,,,,
201508,CHIKUNGUNYA,2015,8,True,1,,,,
201509,CHIKUNGUNYA,2015,9,True,0,,,,
201510,CHIKUNGUNYA,2015,10,True,0,,,,
201511,CHIKUNGUNYA,2015,11,True,0,,,,
201512,CHIKUNGUNYA,2015,12,True,0,,,,
201513,CHIKUNGUNYA,2015,13,True,0,,,,
201514,CHIKUNGUNYA,2015,14,True,0,,,,
201515,CHIKUNGUNYA,2015,15,True,0,,,,
201516,CHIKUNGUNYA,2015,16,True,1,,,,
201517,CHIKUNGUNYA,2015,17,True,0,,,,
201518,CHIKUNGUNYA,2015,18,True,1,,,,
201519,CHIKUNGUNYA,2015,19,True,0,,,,
201520,CHIKUNGUNYA,2015,20,True,0,,,,
201521,CHIKUNGUNYA,2015,21,True,0,,,,
201522,CHIKUNGUNYA,2015,22,True,0,,,,
201523,CHIKUNGUNYA,2015,23,True,0,,,,
201524,CHIKUNGUNYA,2015,24,True,0,,,,
201525,CHIKUNGUNYA,2015,25,True,0,,,,
201526,CHIKUNGUNYA,2015,26,True,0,,,,
201527,CHIKUNGUNYA,2015,27,True,0,,,,
201528,CHIKUNGUNYA,2015,28,True,1,,,,
201529,CHIKUNGUNYA,2015,29,True,0,,,,
201530,CHIKUNGUNYA,2015,30,True,0,,,,
201531,CHIKUNGUNYA,2015,31,True,1,,,,
201532,CHIKUNGUNYA,2015,32,True,0,,,,
201533,CHIKUNGUNYA,2015,33,True,1,,,,
201534,CHIKUNGUNYA,2015,34,True,0,,,,
201535,CHIKUNGUNYA,2015,35,True,0,,,,
201536,CHIKUNGUNYA,2015,36,True,0,,,,
201537,CHIKUNGUNYA,2015,37,True,0,,,,
201538,CHIKUNGUNYA,2015,38,True,1,,,,
201539,CHIKUNGUNYA,2015,39,True,0,,,,
201540,CHIKUNGUNYA,2015,40,True,14,,,,
201541,CHIKUNGUNYA,2015,41,True,3,,,,
201542,CHIKUNGUNYA,2015,42,True,7,,,,
201543,CHIKUNGUNYA,2015,43,True,11,,,,
201544,CHIKUNGUNYA,2015,44,True,6,,,,
201545,CHIKUNGUNYA,2015,45,True,30,,,,
201546,CHIKUNGUNYA,2015,46,True,15,,,,
201547,CHIKUNGUNYA,2015,47,True,39,,,,
201548,CHIKUNGUNYA,2015,48,True,29,,,,
201549,CHIKUNGUNYA,2015,49,True,64,,,,
201550,CHIKUNGUNYA,2015,50,True,69,,,,
201551,CHIKUNGUNYA,2015,51,True,76,,,,
201552,CHIKUNGUNYA,2015,52,True,52,,,,
201601,CHIKUNGUNYA,2016,1,True,45,,,,
201602,CHIKUNGUNYA,2016,2,True,42,,,,
201603,CHIKUNGUNYA,2016,3,True,55,,,,
201604,CHIKUNGUNYA,2016,4,True,81,,,,
201605,CHIKUNGUNYA,2016,5,True,91,,,,
201606,CHIKUNGUNYA,2016,6,True,132,,,,
201607,CHIKUNGUNYA,2016,7,True,159,,,,
201608,CHIKUNGUNYA,2016,8,True,200,,,,
201609,CHIKUNGUNYA,2016,9,True,221,,,,
201610,CHIKUNGUNYA,2016,10,True,206,,,,
201611,CHIKUNGUNYA,2016,11,True,236,,,,
201612,CHIKUNGUNYA,2016,12,True,179,,,,
201613,CHIKUNGUNYA,2016,13,True,252,,,,
201614,CHIKUNGUNYA,2016,14,True,403,,,,
201615,CHIKUNGUNYA,2016,15,True,287,,,,
201616,CHIKUNGUNYA,2016,16,True,769,,,,
201617,CHIKUNGUNYA,2016,17,True,349,,,,
201618,CHIKUNGUNYA,2016,18,True,343,,,,
201619,CHIKUNGUNYA,2016,19,True,239,,,,
201620,CHIKUNGUNYA,2016,20,True,243,,,,
201621,CHIKUNGUNYA,2016,21,True,205,,,,
201622,CHIKUNGUNYA,2016,22,True,138,,,,
201623,CHIKUNGUNYA,2016,23,True,124,,,,
201624,CHIKUNGUNYA,2016,24,True,208,,,,
201625,CHIKUNGUNYA,2016,25,True,111,,,,
201626,CHIKUNGUNYA,2016,26,True,163,,,,
201627,CHIKUNGUNYA,2016,27,True,144,,,,
201628,CHIKUNGUNYA,2016,28,True,118,,,,
201629,CHIKUNGUNYA,2016,29,True,124,,,,
201630,CHIKUNGUNYA,2016,30,True,109,,,,
201631,CHIKUNGUNYA,2016,31,True,124,,,,
201632,CHIKUNGUNYA,2016,32,True,126,,,,
201633,CHIKUNGUNYA,2016,33,True,194,,,,
201634,CHIKUNGUNYA,2016,34,True,166,,,,
201635,CHIKUNGUNYA,2016,35,True,86,,,,
201636,CHIKUNGUNYA,2016,36,True,56,,,,
201637,CHIKUNGUNYA,2016,37,True,61,,,,
201638,CHIKUNGUNYA,2016,38,True,48,,,,
201639,CHIKUNGUNYA,2016,39,True,54,,,,
201640,CHIKUNGUNYA,2016,40,True,59,,,,
201641,CHIKUNGUNYA,2016,41,True,35,,,,
201642,CHIKUNGUNYA,2016,42,True,59,,,,
201643,CHIKUNGUNYA,2016,43,True,36,,,,
201644,CHIKUNGUNYA,2016,44,True,18,,,,
201645,CHIKUNGUNYA,2016,45,True,24,,,,
201646,CHIKUNGUNYA,2016,46,True,20,,,,
201647,CHIKUNGUNYA,2016,47,True,39,,,,
201648,CHIKUNGUNYA,2016,48,True,26,,,,
201649,CHIKUNGUNYA,2016,49,True,23,,,,
201650,CHIKUNGUNYA,2016,50,True,27,,,,
201651,CHIKUNGUNYA,2016,51,True,38,,,,
201652,CHIKUNGUNYA,2016,52,True,35,,,,
201701,CHIKUNGUNYA,2017,1,True,27,,,,
201702,CHIKUNGUNYA,2017,2,True,18,,,,
201703,CHIKUNGUNYA,2017,3,True,36,,,,
201704,CHIKUNGUNYA,2017,4,True,24,,,,
201705,CHIKUNGUNYA,2017,5,True,18,,,,
201706,CHIKUNGUNYA,2017,6,True,21,,,,
201707,CHIKUNGUNYA,2017,7,True,35,,,,
201708,CHIKUNGUNYA,2017,8,True,33,,,,
201709,CHIKUNGUNYA,2017,9,True,8,,,,
201710,CHIKUNGUNYA,2017,10,True,24,,,,
201711,CHIKUNGUNYA,2017,11,True,22,,,,
201712,CHIKUNGUNYA,2017,12,True,22,,,,
201713,CHIKUNGUNYA,2017,13,True,24,,,,
201714,CHIKUNGUNYA,2017,14,True,15,,,,
201715,CHIKUNGUNYA,2017,15,True,12,,,,
201716,CHIKUNGUNYA,2017,16,True,15,,,,
201717,CHIKUNGUNYA,2017,17,True,23,,,,
201718,CHIKUNGUNYA,2017,18,True,25,,,,
201719,CHIKUNGUNYA,2017,19,True,33,,,,
201720,CHIKUNGUNYA,2017,20,True,20,,,,
201721,CHIKUNGUNYA,2017,21,True,23,,,,
201722,CHIKUNGUNYA,2017,22,True,21,,,,
201723,CHIKUNGUNYA,2017,23,True,26,,,,
201724,CHIKUNGUNYA,2017,24,True,17,,,,
201725,CHIKUNGUNYA,2017,25,True,30,,,,
201726,CHIKUNGUNYA,2017,26,True,37,,,,
201727,CHIKUNGUNYA,2017,27,True,18,,,,
201728,CHIKUNGUNYA,2017,28,True,14,,,,
201729,CHIKUNGUNYA,2017,29,True,20,,,,
201730,CHIKUNGUNYA,2017,30,True,21,,,,
201731,CHIKUNGUNYA,2017,31,True,21,,,,
201732,CHIKUNGUNYA,2017,32,True,14,,,,
201733,CHIKUNGUNYA,2017,33,True,23,,,,
201734,CHIKUNGUNYA,2017,34,True,26,,,,
201735,CHIKUNGUNYA,2017,35,True,27,,,,
201736,CHIKUNGUNYA,2017,36,True,15,,,,
201737,CHIKUNGUNYA,2017,37,True,26,,,,
201738,CHIKUNGUNYA,2017,38,True,38,,,,
201739,CHIKUNGUNYA,2017,39,True,76,,,,
201740,CHIKUNGUNYA,2017,40,True,22,,,,
201741,CHIKUNGUNYA,2017,41,True,12,,,,
201742,CHIKUNGUNYA,2017,42,True,25,,,,
201743,CHIKUNGUNYA,2017,43,True,24,,,,
201744,CHIKUNGUNYA,2017,44,True,7,,,,
201745,CHIKUNGUNYA,2017,45,True,7,,,,
201746,CHIKUNGUNYA,2017,46,True,9,,,,
201747,CHIKUNGUNYA,2017,47,True,10,,,,
201748,CHIKUNGUNYA,2017,48,True,21,,,,
201749,CHIKUNGUNYA,2017,49,True,11,,,,
201750,CHIKUNGUNYA,2017,50,True,15,,,,
201751,CHIKUNGUNYA,2017,51,True,11,,,,
201752,CHIKUNGUNYA,2017,52,True,0,,,,
201801,CHIKUNGUNYA,2018,1,True,10,,,,
201802,CHIKUNGUNYA,2018,2,True,10,,,,
201803,CHIKUNGUNYA,2018,3,True,11,,,,
201804,CHIKUNGUNYA,2018,4,True,7,,,,
201805,CHIKUNGUNYA,2018,5,True,6,,,,
201806,CHIKUNGUNYA,2018,6,True,2,,,,
201807,CHIKUNGUNYA,2018,7,True,7,,,,
201808,CHIKUNGUNYA,2018,8,True,12,,,,
201809,CHIKUNGUNYA,2018,9,True,13,,,,
201810,CHIKUNGUNYA,2018,10,True,6,,,,
201811,CHIKUNGUNYA,2018,11,True,9,,,,
201812,CHIKUNGUNYA,2018,12,True,5,,,,
201813,CHIKUNGUNYA,2018,13,True,5,,,,
201814,CHIKUNGUNYA,2018,14,True,27,,,,
201815,CHIKUNGUNYA,2018,15,True,11,,,,
201816,CHIKUNGUNYA,2018,16,True,9,,,,
201817,CHIKUNGUNYA,2018,17,True,34,,,,
201818,CHIKUNGUNYA,2018,18,True,20,,,,
201819,CHIKUNGUNYA,2018,19,True,30,,,,
201820,CHIKUNGUNYA,2018,20,True,42,,,,
201821,CHIKUNGUNYA,2018,21,True,16,,,,
201822,CHIKUNGUNYA,2018,22,True,15,,,,
201823,CHIKUNGUNYA,2018,23,True,13,,,,
201824,CHIKUNGUNYA,2018,24,True,36,,,,
201825,CHIKUNGUNYA,2018,25,True,17,,,,
201826,CHIKUNGUNYA,2018,26,True,12,,,,
201827,CHIKUNGUNYA,2018,27,True,11,,,,
201828,CHIKUNGUNYA,2018,28,True,13,,,,
201829,CHIKUNGUNYA,2018,29,True,21,,,,
201830,CHIKUNGUNYA,2018,30,True,22,,,,
201831,CHIKUNGUNYA,2018,31,True,16,,,,
201832,CHIKUNGUNYA,2018,32,True,14,,,,
201833,CHIKUNGUNYA,2018,33,True,9,,,,
201834,CHIKUNGUNYA,2018,34,True,17,,,,
201835,CHIKUNGUNYA,2018,35,True,15,,,,
201836,CHIKUNGUNYA,2018,36,True,13,,,,
201837,CHIKUNGUNYA,2018,37,True,6,,,,
201838,CHIKUNGUNYA,2018,38,True,18,,,,
201839,CHIKUNGUNYA,2018,39,True,9,,,,
201840,CHIKUNGUNYA,2018,40,True,7,,,,
201841,CHIKUNGUNYA,2018,41,True,9,,,,
201842,CHIKUNGUNYA,2018,42,True,6,,,,
201843,CHIKUNGUNYA,2018,43,True,11,,,,
201844,CHIKUNGUNYA,2018,44,True,7,,,,
201845,CHIKUNGUNYA,2018,45,True,5,,,,
201846,CHIKUNGUNYA,2018,46,True,9,,,,
201847,CHIKUNGUNYA,2018,47,True,4,,,,
201848,CHIKUNGUNYA,2018,48,True,9,,,,
201849,CHIKUNGUNYA,2018,49,True,12,,,,
201850,CHIKUNGUNYA,2018,50,True,5,,,,
201851,CHIKUNGUNYA,2018,51,True,12,,,,
201852,CHIKUNGUNYA,2018,52,True,2,,,,
201901,CHIKUNGUNYA,2019,1,True,5,,,,
201902,CHIKUNGUNYA,2019,2,True,7,,,,
201903,CHIKUNGUNYA,2019,3,True,5,,,,
201904,CHIKUNGUNYA,2019,4,True,0,,,,
201905,CHIKUNGUNYA,2019,5,True,3,,,,
201906,CHIKUNGUNYA,2019,6,True,5,,,,
201907,CHIKUNGUNYA,2019,7,True,10,,,,
201908,CHIKUNGUNYA,2019,8,True,11,,,,
201909,CHIKUNGUNYA,2019,9,True,7,,,,
201910,CHIKUNGUNYA,2019,10,True,3,,,,
201911,CHIKUNGUNYA,2019,11,True,10,,,,
201912,CHIKUNGUNYA,2019,12,True,13,,,,
201913,CHIKUNGUNYA,2019,13,True,17,,,,
201914,CHIKUNGUNYA,2019,14,True,8,,,,
201915,CHIKUNGUNYA,2019,15,True,19,,,,
201916,CHIKUNGUNYA,2019,16,True,10,,,,
201917,CHIKUNGUNYA,2019,17,True,20,,,,
201918,CHIKUNGUNYA,2019,18,True,60,,,,
201919,CHIKUNGUNYA,2019,19,True,35,,,,
201920,CHIKUNGUNYA,2019,20,True,39,,,,
201921,CHIKUNGUNYA,2019,21,True,30,,,,
201922,CHIKUNGUNYA,2019,22,True,30,,,,
201923,CHIKUNGUNYA,2019,23,True,17,,,,
201924,CHIKUNGUNYA,2019,24,True,24,,,,
201925,CHIKUNGUNYA,2019,25,True,21,,,,
201926,CHIKUNGUNYA,2019,26,True,28,,,,
201927,CHIKUNGUNYA,2019,27,True,20,,,,
201928,CHIKUNGUNYA,2019,28,True,25,,,,
201929,CHIKUNGUNYA,2019,29,True,29,,,,
201930,CHIKUNGUNYA,2019,30,True,24,,,,
201931,CHIKUNGUNYA,2019,31,True,28,,,,
201932,CHIKUNGUNYA,2019,32,True,49,,,,
201933,CHIKUNGUNYA,2019,33,True,38,,,,
201934,CHIKUNGUNYA,2019,34,True,70,,,,
201935,CHIKUNGUNYA,2019,35,True,51,,,,
201936,CHIKUNGUNYA,2019,36,True,47,,,,
201937,CHIKUNGUNYA,2019,37,True,42,,,,
201938,CHIKUNGUNYA,2019,38,True,56,,,,
201939,CHIKUNGUNYA,2019,39,True,49,,,,
201940,CHIKUNGUNYA,2019,40,True,65,,,,
201941,CHIKUNGUNYA,2019,41,True,54,,,,
201942,CHIKUNGUNYA,2019,42,True,61,,,,
201943,CHIKUNGUNYA,2019,43,True,64,,,,
201944,CHIKUNGUNYA,2019,44,True,55,,,,
201945,CHIKUNGUNYA,2019,45,True,30,,,,
201946,CHIKUNGUNYA,2019,46,True,27,,,,
201947,CHIKUNGUNYA,2019,47,True,30,,,,
201948,CHIKUNGUNYA,2019,48,True,14,,,,
201949,CHIKUNGUNYA,2019,49,True,16,,,,
201950,CHIKUNGUNYA,2019,50,True,28,,,,
201951,CHIKUNGUNYA,2019,51,True,19,,,,
201952,CHIKUNGUNYA,2019,52,True,11,,,,
202001,CHIKUNGUNYA,2020,1,True,10,,,,
202002,CHIKUNGUNYA,2020,2,True,18,,,,
202003,CHIKUNGUNYA,2020,3,True,17,,,,
202004,CHIKUNGUNYA,2020,4,True,13,,,,
202005,CHIKUNGUNYA,2020,5,True,14,,,,
202006,CHIKUNGUNYA,2020,6,True,19,,,,
202007,CHIKUNGUNYA,2020,7,True,12,,,,
202008,CHIKUNGUNYA,2020,8,True,16,,,,
202009,CHIKUNGUNYA,2020,9,True,4,,,,
202010,CHIKUNGUNYA,2020,10,True,6,,,,
202011,CHIKUNGUNYA,2020,11,True,8,,,,
202012,CHIKUNGUNYA,2020,12,True,8,,,,
202013,CHIKUNGUNYA,2020,13,True,3,,,,
202014,CHIKUNGUNYA,2020,14,True,4,,,,
202015,CHIKUNGUNYA,2020,15,True,6,,,,
202016,CHIKUNGUNYA,2020,16,True,5,,,,
202017,CHIKUNGUNYA,2020,17,True,2,,,,
202018,CHIKUNGUNYA,2020,18,True,0,,,,
202019,CHIKUNGUNYA,2020,19,True,3,,,,
202020,CHIKUNGUNYA,2020,20,True,15,,,,
202021,CHIKUNGUNYA,2020,21,True,21,,,,
202022,CHIKUNGUNYA,2020,22,True,5,,,,
202023,CHIKUNGUNYA,2020,23,True,23,,,,
202024,CHIKUNGUNYA,2020,24,True,41,,,,
202025,CHIKUNGUNYA,2020,25,True,72,,,,
202026,CHIKUNGUNYA,2020,26,True,93,,,,
202027,CHIKUNGUNYA,2020,27,True,205,,,,
202028,CHIKUNGUNYA,2020,28,True,178,,,,
202029,CHIKUNGUNYA,2020,29,True,168,,,,
202030,CHIKUNGUNYA,2020,30,True,226,,,,
202031,CHIKUNGUNYA,2020,31,True,209,,,,
202032,CHIKUNGUNYA,2020,32,True,180,,,,
202033,CHIKUNGUNYA,2020,33,True,149,,,,
202034,CHIKUNGUNYA,2020,34,True,118,,,,
202035,CHIKUNGUNYA,2020,35,True,117,,,,
202036,CHIKUNGUNYA,2020,36,True,114,,,,
202037,CHIKUNGUNYA,2020,37,True,74,,,,
202038,CHIKUNGUNYA,2020,38,True,87,,,,
202039,CHIKUNGUNYA,2020,39,True,81,,,,
202040,CHIKUNGUNYA,2020,40,True,99,,,,
202041,CHIKUNGUNYA,2020,41,True,63,,,,
202042,CHIKUNGUNYA,2020,42,True,42,,,,
202043,CHIKUNGUNYA,2020,43,True,38,,,,
202044,CHIKUNGUNYA,2020,44,True,57,,,,
202045,CHIKUNGUNYA,2020,45,True,37,,,,
202046,CHIKUNGUNYA,2020,46,True,32,,,,
202047,CHIKUNGUNYA,2020,47,True,21,,,,
202048,CHIKUNGUNYA,2020,48,True,12,,,,
202049,CHIKUNGUNYA,2020,49,True,20,,,,
202050,CHIKUNGUNYA,2020,50,True,12,,,,
202051,CHIKUNGUNYA,2020,51,True,24,,,,
202052,CHIKUNGUNYA,2020,52,True,7,,,,
202053,CHIKUNGUNYA,2020,53,True,16,,,,
202101,CHIKUNGUNYA,2021,1,True,20,,,,
202102,CHIKUNGUNYA,2021,2,True,20,,,,
202103,CHIKUNGUNYA,2021,3,True,27,,,,
202104,CHIKUNGUNYA,2021,4,True,13,,,,
202105,CHIKUNGUNYA,2021,5,True,35,,,,
202106,CHIKUNGUNYA,2021,6,True,20,,,,
202107,CHIKUNGUNYA,2021,7,True,16,,,,
202108,CHIKUNGUNYA,2021,8,True,56,,,,
202109,CHIKUNGUNYA,2021,9,True,26,,,,
202110,CHIKUNGUNYA,2021,10,True,47,,,,
202111,CHIKUNGUNYA,2021,11,True,26,,,,
202112,CHIKUNGUNYA,2021,12,True,52,,,,
202113,CHIKUNGUNYA,2021,13,True,50,,,,
202114,CHIKUNGUNYA,2021,14,True,98,,,,
202115,CHIKUNGUNYA,2021,15,True,91,,,,
202116,CHIKUNGUNYA,2021,16,True,111,,,,
202117,CHIKUNGUNYA,2021,17,True,263,,,,
202118,CHIKUNGUNYA,2021,18,True,275,,,,
202119,CHIKUNGUNYA,2021,19,True,335,,,,
202120,CHIKUNGUNYA,2021,20,True,673,,,,
202121,CHIKUNGUNYA,2021,21,True,1059,,,,
202122,CHIKUNGUNYA,2021,22,True,1050,,,,
202123,CHIKUNGUNYA,2021,23,True,1181,,,,
202124,CHIKUNGUNYA,2021,24,True,1034,,,,
202125,CHIKUNGUNYA,2021,25,True,823,,,,
202126,CHIKUNGUNYA,2021,26,True,1170,,,,
202127,CHIKUNGUNYA,2021,27,True,1005,,,,
202128,CHIKUNGUNYA,2021,28,True,957,,,,
202129,CHIKUNGUNYA,2021,29,True,911,,,,
202130,CHIKUNGUNYA,2021,30,True,929,,,,
202131,CHIKUNGUNYA,2021,31,True,598,,,,
202132,CHIKUNGUNYA,2021,32,True,495,,,,
202133,CHIKUNGUNYA,2021,33,True,601,,,,
202134,CHIKUNGUNYA,2021,34,True,499,,,,
202135,CHIKUNGUNYA,2021,35,True,411,,,,
202136,CHIKUNGUNYA,2021,36,True,276,,,,
202137,CHIKUNGUNYA,2021,37,True,346,,,,
202138,CHIKUNGUNYA,2021,38,True,278,,,,
202139,CHIKUNGUNYA,2021,39,True,252,,,,
202140,CHIKUNGUNYA,2021,40,True,203,,,,
202141,CHIKUNGUNYA,2021,41,True,149,,,,
202142,CHIKUNGUNYA,2021,42,True,125,,,,
202143,CHIKUNGUNYA,2021,43,True,138,,,,
202144,CHIKUNGUNYA,2021,44,True,78,,,,
202145,CHIKUNGUNYA,2021,45,True,125,,,,
202146,CHIKUNGUNYA,2021,46,True,86,,,,
202147,CHIKUNGUNYA,2021,47,True,107,,,,
202148,CHIKUNGUNYA,2021,48,True,137,,,,
202149,CHIKUNGUNYA,2021,49,True,232,,,,
202150,CHIKUNGUNYA,2021,50,True,64,,,,
202151,CHIKUNGUNYA,2021,51,True,73,,,,
202152,CHIKUNGUNYA,2021,52,True,12,,,,
202201,CHIKUNGUNYA,2022,1,True,35,,,,
202202,CHIKUNGUNYA,2022,2,True,24,,,,
202203,CHIKUNGUNYA,2022,3,True,29,,,,
202204,CHIKUNGUNYA,2022,4,True,15,,,,
202205,CHIKUNGUNYA,2022,5,True,16,,,,
202206,CHIKUNGUNYA,2022,6,True,72,,,,
202207,CHIKUNGUNYA,2022,7,True,34,,,,
202208,CHIKUNGUNYA,2022,8,True,68,,,,
202209,CHIKUNGUNYA,2022,9,True,51,,,,
202210,CHIKUNGUNYA,2022,10,True,30,,,,
202211,CHIKUNGUNYA,2022,11,True,37,,,,
202212,CHIKUNGUNYA,2022,12,True,19,,,,
202213,CHIKUNGUNYA,2022,13,True,35,,,,
202214,CHIKUNGUNYA,2022,14,True,34,,,,
202215,CHIKUNGUNYA,2022,15,True,32,,,,
202216,CHIKUNGUNYA,2022,16,True,32,,,,
202217,CHIKUNGUNYA,2022,17,True,52,,,,
202218,CHIKUNGUNYA,2022,18,True,55,,,,
202219,CHIKUNGUNYA,2022,19,True,42,,,,
202220,CHIKUNGUNYA,2022,20,True,50,,,,
202221,CHIKUNGUNYA,2022,21,True,34,,,,
202222,CHIKUNGUNYA,2022,22,True,29,,,,
202223,CHIKUNGUNYA,2022,23,True,40,,,,
202224,CHIKUNGUNYA,2022,24,True,57,,,,
202225,CHIKUNGUNYA,2022,25,True,32,,,,
202226,CHIKUNGUNYA,2022,26,True,42,,,,
202227,CHIKUNGUNYA,2022,27,True,46,,,,
202228,CHIKUNGUNYA,2022,28,True,69,,,,
202229,CHIKUNGUNYA,2022,29,True,65,,,,
202230,CHIKUNGUNYA,2022,30,True,65,,,,
202231,CHIKUNGUNYA,2022,31,True,72,,,,
202232,CHIKUNGUNYA,2022,32,True,111,,,,
202233,CHIKUNGUNYA,2022,33,True,84,,,,
202234,CHIKUNGUNYA,2022,34,True,95,,,,
202235,CHIKUNGUNYA,2022,35,True,49,,,,
202236,CHIKUNGUNYA,2022,36,True,26,,,,
202237,CHIKUNGUNYA,2022,37,True,53,,,,
202238,CHIKUNGUNYA,2022,38,True,46,,,,
202239,CHIKUNGUNYA,2022,39,True,22,,,,
202240,CHIKUNGUNYA,2022,40,True,29,,,,
202241,CHIKUNGUNYA,2022,41,True,13,,,,
202242,CHIKUNGUNYA,2022,42,True,29,,,,
202243,CHIKUNGUNYA,2022,43,True,34,,,,
202244,CHIKUNGUNYA,2022,44,True,15,,,,
202245,CHIKUNGUNYA,2022,45,True,50,,,,
202246,CHIKUNGUNYA,2022,46,True,22,,,,
202247,CHIKUNGUNYA,2022,47,True,20,,,,
202248,CHIKUNGUNYA,2022,48,True,28,,,,
202249,CHIKUNGUNYA,2022,49,True,17,,,,
202250,CHIKUNGUNYA,2022,50,True,12,,,,
202251,CHIKUNGUNYA,2022,51,True,31,,,,
202252,CHIKUNGUNYA,2022,52,True,11,,,,
202301,CHIKUNGUNYA,2023,1,True,18,,,,
202302,CHIKUNGUNYA,2023,2,True,26,,,,
202303,CHIKUNGUNYA,2023,3,True,35,,,,
202304,CHIKUNGUNYA,2023,4,True,39,,,,
202305,CHIKUNGUNYA,2023,5,True,35,,,,
202306,CHIKUNGUNYA,2023,6,True,19,,,,
202307,CHIKUNGUNYA,2023,7,True,33,,,,
202308,CHIKUNGUNYA,2023,8,True,16,,,,
202309,CHIKUNGUNYA,2023,9,True,41,,,,
202310,CHIKUNGUNYA,2023,10,True,34,,,,
202311,CHIKUNGUNYA,2023,11,True,41,,,,
202312,CHIKUNGUNYA,2023,12,True,48,,,,
202313,CHIKUNGUNYA,2023,13,True,82,,,,
202314,CHIKUNGUNYA,2023,14,True,38,,,,
202315,CHIKUNGUNYA,2023,15,True,39,,,,
202316,CHIKUNGUNYA,2023,16,True,51,,,,
202317,CHIKUNGUNYA,2023,17,True,40,,,,
202318,CHIKUNGUNYA,2023,18,True,36,,,,
202319,CHIKUNGUNYA,2023,19,True,25,,,,
202320,CHIKUNGUNYA,2023,20,True,35,,,,
202321,CHIKUNGUNYA,2023,21,True,39,,,,
202322,CHIKUNGUNYA,2023,22,True,27,,,,
202323,CHIKUNGUNYA,2023,23,True,22,,,,
202324,CHIKUNGUNYA,2023,24,True,19,,,,
202325,CHIKUNGUNYA,2023,25,True,21,,,,
202326,CHIKUNGUNYA,2023,26,True,8,,,,
202327,CHIKUNGUNYA,2023,27,True,25,,,,
202328,CHIKUNGUNYA,2023,28,True,44,,,,
202329,CHIKUNGUNYA,2023,29,True,32,,,,
202330,CHIKUNGUNYA,2023,30,True,24,,,,
202331,CHIKUNGUNYA,2023,31,True,17,,,,
202332,CHIKUNGUNYA,2023,32,True,33,,,,
202333,CHIKUNGUNYA,2023,33,True,33,,,,
202334,CHIKUNGUNYA,2023,34,True,26,,,,
202335,CHIKUNGUNYA,2023,35,True,22,,,,
202336,CHIKUNGUNYA,2023,36,True,26,,,,
202337,CHIKUNGUNYA,2023,37,True,27,,,,
202338,CHIKUNGUNYA,2023,38,True,26,,,,
202339,CHIKUNGUNYA,2023,39,True,22,,,,
202340,CHIKUNGUNYA,2023,40,True,23,,,,
202341,CHIKUNGUNYA,2023,41,True,16,,,,
202342,CHIKUNGUNYA,2023,42,True,38,,,,
202343,CHIKUNGUNYA,2023,43,True,26,,,,
202344,CHIKUNGUNYA,2023,44,True,11,,,,
202345,CHIKUNGUNYA,2023,45,True,35,,,,
202346,CHIKUNGUNYA,2023,46,True,17,,,,
202347,CHIKUNGUNYA,2023,47,True,32,,,,
202348,CHIKUNGUNYA,2023,48,True,24,,,,
202349,CHIKUNGUNYA,2023,49,True,20,,,,
202350,CHIKUNGUNYA,2023,50,True,33,,,,
202351,CHIKUNGUNYA,2023,51,True,37,,,,
202352,CHIKUNGUNYA,2023,52,True,19,,,,
202401,CHIKUNGUNYA,2024,1,True,12,,,,
202402,CHIKUNGUNYA,2024,2,True,22,,,,
202403,CHIKUNGUNYA,2024,3,True,19,,,,
202404,CHIKUNGUNYA,2024,4,True,41,,,,
202405,CHIKUNGUNYA,2024,5,True,27,,,,
202406,CHIKUNGUNYA,2024,6,True,46,,,,
202407,CHIKUNGUNYA,2024,7,True,40,,,,
202408,CHIKUNGUNYA,2024,8,True,129,,,,
202409,CHIKUNGUNYA,2024,9,True,171,,,,
202410,CHIKUNGUNYA,2024,10,True,105,,,,
202411,CHIKUNGUNYA,2024,11,True,150,,,,
202412,CHIKUNGUNYA,2024,12,True,131,,,,
202413,CHIKUNGUNYA,2024,13,True,94,,,,
202414,CHIKUNGUNYA,2024,14,True,132,,,,
202415,CHIKUNGUNYA,2024,15,True,125,,,,
202416,CHIKUNGUNYA,2024,16,True,118,,,,
202417,CHIKUNGUNYA,2024,17,True,76,,,,
202418,CHIKUNGUNYA,2024,18,True,59,,,,
202419,CHIKUNGUNYA,2024,19,True,43,,,,
202420,CHIKUNGUNYA,2024,20,True,54,,,,
202421,CHIKUNGUNYA,2024,21,True,38,,,,
202422,CHIKUNGUNYA,2024,22,True,27,,,,
202423,CHIKUNGUNYA,2024,23,True,55,,,,
202424,CHIKUNGUNYA,2024,24,True,56,,,,
202425,CHIKUNGUNYA,2024,25,True,43,,,,
202426,CHIKUNGUNYA,2024,26,True,29,,,,
202427,CHIKUNGUNYA,2024,27,True,29,,,,
202428,CHIKUNGUNYA,2024,28,True,30,,,,
202429,CHIKUNGUNYA,2024,29,True,26,,,,
202430,CHIKUNGUNYA,2024,30,True,31,,,,
202431,CHIKUNGUNYA,2024,31,True,35,,,,
202432,CHIKUNGUNYA,2024,32,True,34,,,,
202433,CHIKUNGUNYA,2024,33,True,38,,,,
202434,CHIKUNGUNYA,2024,34,True,23,,,,
202435,CHIKUNGUNYA,2024,35,True,28,,,,
202436,CHIKUNGUNYA,2024,36,True,20,,,,
202437,CHIKUNGUNYA,2024,37,True,22,,,,
202438,CHIKUNGUNYA,2024,38,True,17,,,,
202439,CHIKUNGUNYA,2024,39,True,24,,,,
202440,CHIKUNGUNYA,2024,40,True,16,,,,
202441,CHIKUNGUNYA,2024,41,True,22,,,,
202442,CHIKUNGUNYA,2024,42,True,26,,,,
202443,CHIKUNGUNYA,2024,43,True,28,,,,
202444,CHIKUNGUNYA,2024,44,True,30,,,,
202445,CHIKUNGUNYA,2024,45,True,32,,,,
202446,CHIKUNGUNYA,2024,46,True,17,,,,
202447,CHIKUNGUNYA,2024,47,True,21,,,,
202448,CHIKUNGUNYA,2024,48,True,16,,,,
202449,CHIKUNGUNYA,2024,49,True,28,,,,
202450,CHIKUNGUNYA,2024,50,True,29,,,,
202451,CHIKUNGUNYA,2024,51,True,10,,,,
202452,CHIKUNGUNYA,2024,52,True,4,,,,
202501,CHIKUNGUNYA,2025,1,True,8,,,,
202502,CHIKUNGUNYA,2025,2,True,25,,,,
202503,CHIKUNGUNYA,2025,3,True,32,,,,
202504,CHIKUNGUNYA,2025,4,True,27,,,,
202505,CHIKUNGUNYA,2025,5,True,24,,,,
202506,CHIKUNGUNYA,2025,6,True,25,,,,
202507,CHIKUNGUNYA,2025,7,True,26,,,,
202508,CHIKUNGUNYA,2025,8,True,39,,,,
202509,CHIKUNGUNYA,2025,9,True,35,,,,
202510,CHIKUNGUNYA,2025,10,True,10,,,,
202511,CHIKUNGUNYA,2025,11,True,33,,,,
202512,CHIKUNGUNYA,2025,12,True,32,,,,
202513,CHIKUNGUNYA,2025,13,True,38,,,,
202514,CHIKUNGUNYA,2025,14,True,43,,,,
202515,CHIKUNGUNYA,2025,15,True,39,,,,
202516,CHIKUNGUNYA,2025,16,True,27,,,,
202517,CHIKUNGUNYA,2025,17,True,54,,,,
202518,CHIKUNGUNYA,2025,18,True,32,,,,
202519,CHIKUNGUNYA,2025,19,True,48,,,,
202520,CHIKUNGUNYA,2025,20,True,23,,,,
202521,CHIKUNGUNYA,2025,21,True,30,,,,
202522,CHIKUNGUNYA,2025,22,True,24,,,,
202523,CHIKUNGUNYA,2025,23,True,35,,,,
202524,CHIKUNGUNYA,2025,24,True,54,,,,
202525,CHIKUNGUNYA,2025,25,True,27,,,,
202526,CHIKUNGUNYA,2025,26,True,28,,,,
202527,CHIKUNGUNYA,2025,27,True,41,,,,
202528,CHIKUNGUNYA,2025,28,True,29,,,,
202529,CHIKUNGUNYA,2025,29,True,34,,,,
202530,CHIKUNGUNYA,2025,30,True,42,,,,
202531,CHIKUNGUNYA,2025,31,True,37,,,,
202532,CHIKUNGUNYA,2025,32,True,57,,,,
202533,CHIKUNGUNYA,2025,33,True,65,,,,
202534,CHIKUNGUNYA,2025,34,True,50,,,,
202535,CHIKUNGUNYA,2025,35,True,56,,,,
202536,CHIKUNGUNYA,2025,36,True,68,,,,
202537,CHIKUNGUNYA,2025,37,True,46,,,,
202538,CHIKUNGUNYA,2025,38,True,65,,,,
202539,CHIKUNGUNYA,2025,39,True,69,,,,
202540,CHIKUNGUNYA,2025,40,True,52,,,,
202541,CHIKUNGUNYA,2025,41,True,35,,,,
202542,CHIKUNGUNYA,2025,42,True,48,,,,
202543,CHIKUNGUNYA,2025,43,True,44,,,,
202544,CHIKUNGUNYA,2025,44,True,43,,,,
202545,CHIKUNGUNYA,2025,45,True,46,,,,
202546,CHIKUNGUNYA,2025,46,True,31,,,,
202547,CHIKUNGUNYA,2025,47,True,37,,,,
202548,CHIKUNGUNYA,2025,48,True,37,,,,
202549,CHIKUNGUNYA,2025,49,True,32,,,,
202550,CHIKUNGUNYA,2025,50,True,33,,,,
202551,CHIKUNGUNYA,2025,51,True,14,,,,
202552,CHIKUNGUNYA,2025,52,True,8,,,,
202553,CHIKUNGUNYA,2025,53,True,7,,,,
202601,CHIKUNGUNYA,2026,1,False,8,0.0,39.0,0.0,95.0
202602,CHIKUNGUNYA,2026,2,False,25,0.0,56.0,0.0,112.0
202603,CHIKUNGUNYA,2026,3,False,32,0.0,63.0,0.0,119.0
202604,CHIKUNGUNYA,2026,4,False,27,0.0,58.0,0.0,114.0
202605,CHIKUNGUNYA,2026,5,False,24,0.0,55.0,0.0,111.0
202606,CHIKUNGUNYA,2026,6,False,25,0.0,56.0,0.0,112.0
202607,CHIKUNGUNYA,2026,7,False,26,0.0,57.0,0.0,113.0
202608,CHIKUNGUNYA,2026,8,False,39,0.0,70.0,0.0,126.0
202609,CHIKUNGUNYA,2026,9,False,35,0.0,66.0,0.0,122.0
202610,CHIKUNGUNYA,2026,10,False,10,0.0,41.0,0.0,97.0
202611,CHIKUNGUNYA,2026,11,False,33,0.0,64.0,0.0,120.0
202612,CHIKUNGUNYA,2026,12,False,32,0.0,63.0,0.0,119.0
202613,CHIKUNGUNYA,2026,13,False,38,0.0,69.0,0.0,125.0
202614,CHIKUNGUNYA,2026,14,False,43,0.0,74.0,0.0,130.0
202615,CHIKUNGUNYA,2026,15,False,39,0.0,70.0,0.0,126.0
202616,CHIKUNGUNYA,2026,16,False,27,0.0,58.0,0.0,114.0
202617,CHIKUNGUNYA,2026,17,False,54,9.0,85.0,0.0,141.0
202618,CHIKUNGUNYA,2026,18,False,32,0.0,63.0,0.0,119.0
202619,CHIKUNGUNYA,2026,19,False,48,3.0,79.0,0.0,135.0
202620,CHIKUNGUNYA,2026,20,False,23,0.0,54.0,0.0,110.0
202621,CHIKUNGUNYA,2026,21,False,30,0.0,61.0,0.0,117.0
202622,CHIKUNGUNYA,2026,22,False,24,0.0,55.0,0.0,111.0
202623,CHIKUNGUNYA,2026,23,False,35,0.0,66.0,0.0,122.0
202624,CHIKUNGUNYA,2026,24,False,54,9.0,85.0,0.0,141.0
202625,CHIKUNGUNYA,2026,25,False,27,0.0,58.0,0.0,114.0
202626,CHIKUNGUNYA,2026,26,False,28,0.0,59.0,0.0,115.0
202627,CHIKUNGUNYA,2026,27,False,41,0.0,72.0,0.0,128.0
202628,CHIKUNGUNYA,2026,28,False,29,0.0,60.0,0.0,116.0
202629,CHIKUNGUNYA,2026,29,False,34,0.0,65.0,0.0,121.0
202630,CHIKUNGUNYA,2026,30,False,42,0.0,73.0,0.0,129.0
202631,CHIKUNGUNYA,2026,31,False,37,0.0,68.0,0.0,124.0
202632,CHIKUNGUNYA,2026,32,False,57,12.0,88.0,0.0,144.0
202633,CHIKUNGUNYA,2026,33,False,65,20.0,96.0,0.0,152.0
202634,CHIKUNGUNYA,2026,34,False,50,5.0,81.0,0.0,137.0
202635,CHIKUNGUNYA,2026,35,False,56,11.0,87.0,0.0,143.0
202636,CHIKUNGUNYA,2026,36,False,68,23.0,99.0,0.0,155.0
202637,CHIKUNGUNYA,2026,37,False,46,1.0,77.0,0.0,133.0
202638,CHIKUNGUNYA,2026,38,False,65,20.0,96.0,0.0,152.0
202639,CHIKUNGUNYA,2026,39,False,69,24.0,100.0,0.0,156.0
202640,CHIKUNGUNYA,2026,40,False,52,7.0,83.0,0.0,139.0
202641,CHIKUNGUNYA,2026,41,False,35,0.0,66.0,0.0,122.0
202642,CHIKUNGUNYA,2026,42,False,48,3.0,79.0,0.0,135.0
202643,CHIKUNGUNYA,2026,43,False,44,0.0,75.0,0.0,131.0
202644,CHIKUNGUNYA,2026,44,False,43,0.0,74.0,0.0,130.0
202645,CHIKUNGUNYA,2026,45,False,46,1.0,77.0,0.0,133.0
202646,CHIKUNGUNYA,2026,46,False,31,0.0,62.0,0.0,118.0
202647,CHIKUNGUNYA,2026,47,False,37,0.0,68.0,0.0,124.0
202648,CHIKUNGUNYA,2026,48,False,37,0.0,68.0,0.0,124.0
202649,CHIKUNGUNYA,2026,49,False,32,0.0,63.0,0.0,119.0
202650,CHIKUNGUNYA,2026,50,False,33,0.0,64.0,0.0,120.0
202651,CHIKUNGUNYA,2026,51,False,14,0.0,45.0,0.0,101.0
202652,CHIKUNGUNYA,2026,52,False,8,0.0,39.0,0.0,95.0
